user_id,category_id,category_name,category_family,interaction_weight,train_weight,test_weight
USR-00001,CAT-022,Baby care,Family,9,7,2
USR-00001,CAT-023,Books,Family,3,3,0
USR-00001,CAT-025,Board games,Family,8,8,0
USR-00002,CAT-012,Shoes,Style,8,5,3
USR-00002,CAT-013,Bags,Style,6,5,1
USR-00002,CAT-014,Accessories,Style,7,6,1
USR-00002,CAT-015,Jewelry,Style,7,5,2
USR-00002,CAT-027,Camping,Outdoor,2,2,0
USR-00003,CAT-021,Toys,Family,9,8,1
USR-00003,CAT-022,Baby care,Family,7,6,1
USR-00003,CAT-023,Books,Family,13,8,5
USR-00003,CAT-024,Stationery,Family,8,5,3
USR-00003,CAT-025,Board games,Family,12,10,2
USR-00004,CAT-016,Skincare,Wellness,10,9,1
USR-00004,CAT-017,Haircare,Wellness,9,8,1
USR-00004,CAT-018,Supplements,Wellness,3,3,0
USR-00004,CAT-019,Fitness,Wellness,11,10,1
USR-00004,CAT-020,Personal care,Wellness,12,7,5
USR-00004,CAT-028,Garden,Outdoor,3,2,1
USR-00004,CAT-029,Automotive,Outdoor,4,3,1
USR-00005,CAT-001,Smartphones,Digital,5,4,1
USR-00005,CAT-002,Laptops,Digital,9,5,4
USR-00005,CAT-004,Monitors,Digital,7,5,2
USR-00005,CAT-005,Storage,Digital,12,7,5
USR-00005,CAT-029,Automotive,Outdoor,4,1,3
USR-00006,CAT-027,Camping,Outdoor,13,13,0
USR-00006,CAT-028,Garden,Outdoor,7,7,0
USR-00006,CAT-030,Sports,Outdoor,11,8,3
USR-00007,CAT-021,Toys,Family,13,12,1
USR-00007,CAT-022,Baby care,Family,10,9,1
USR-00007,CAT-023,Books,Family,9,8,1
USR-00007,CAT-024,Stationery,Family,10,8,2
USR-00007,CAT-025,Board games,Family,4,4,0
USR-00007,CAT-026,Cycling,Outdoor,2,2,0
USR-00007,CAT-030,Sports,Outdoor,2,2,0
USR-00008,CAT-021,Toys,Family,16,15,1
USR-00008,CAT-022,Baby care,Family,8,7,1
USR-00008,CAT-024,Stationery,Family,8,6,2
USR-00009,CAT-001,Smartphones,Digital,14,12,2
USR-00009,CAT-002,Laptops,Digital,11,9,2
USR-00009,CAT-003,Headphones,Digital,8,7,1
USR-00009,CAT-004,Monitors,Digital,7,7,0
USR-00009,CAT-005,Storage,Digital,7,5,2
USR-00010,CAT-003,Headphones,Digital,1,1,0
USR-00010,CAT-011,Clothing,Style,14,11,3
USR-00010,CAT-012,Shoes,Style,10,10,0
USR-00010,CAT-013,Bags,Style,9,7,2
USR-00010,CAT-014,Accessories,Style,6,4,2
USR-00010,CAT-029,Automotive,Outdoor,5,5,0
USR-00011,CAT-003,Headphones,Digital,6,6,0
USR-00011,CAT-004,Monitors,Digital,5,5,0
USR-00011,CAT-005,Storage,Digital,9,8,1
USR-00011,CAT-007,Cleaning,Home,8,6,2
USR-00011,CAT-008,Coffee,Home,12,11,1
USR-00011,CAT-010,Bedding,Home,10,10,0
USR-00012,CAT-008,Coffee,Home,4,2,2
USR-00012,CAT-016,Skincare,Wellness,5,4,1
USR-00012,CAT-026,Cycling,Outdoor,12,9,3
USR-00012,CAT-027,Camping,Outdoor,13,9,4
USR-00012,CAT-030,Sports,Outdoor,14,10,4
USR-00013,CAT-016,Skincare,Wellness,11,7,4
USR-00013,CAT-017,Haircare,Wellness,5,5,0
USR-00013,CAT-018,Supplements,Wellness,10,9,1
USR-00013,CAT-019,Fitness,Wellness,12,12,0
USR-00013,CAT-020,Personal care,Wellness,7,6,1
USR-00014,CAT-001,Smartphones,Digital,2,2,0
USR-00014,CAT-020,Personal care,Wellness,3,2,1
USR-00014,CAT-021,Toys,Family,9,6,3
USR-00014,CAT-023,Books,Family,8,5,3
USR-00014,CAT-024,Stationery,Family,11,9,2
USR-00014,CAT-025,Board games,Family,10,9,1
USR-00015,CAT-011,Clothing,Style,7,6,1
USR-00015,CAT-012,Shoes,Style,7,4,3
USR-00015,CAT-013,Bags,Style,12,8,4
USR-00015,CAT-014,Accessories,Style,2,1,1
USR-00015,CAT-015,Jewelry,Style,11,8,3
USR-00015,CAT-025,Board games,Family,5,3,2
USR-00016,CAT-006,Kitchen appliances,Home,14,11,3
USR-00016,CAT-007,Cleaning,Home,6,5,1
USR-00016,CAT-008,Coffee,Home,10,8,2
USR-00016,CAT-009,Lighting,Home,8,7,1
USR-00016,CAT-014,Accessories,Style,1,1,0
USR-00017,CAT-004,Monitors,Digital,4,2,2
USR-00017,CAT-016,Skincare,Wellness,9,7,2
USR-00017,CAT-017,Haircare,Wellness,7,5,2
USR-00017,CAT-018,Supplements,Wellness,6,5,1
USR-00017,CAT-019,Fitness,Wellness,8,6,2
USR-00018,CAT-001,Smartphones,Digital,11,8,3
USR-00018,CAT-002,Laptops,Digital,12,9,3
USR-00018,CAT-003,Headphones,Digital,7,6,1
USR-00018,CAT-004,Monitors,Digital,9,5,4
USR-00018,CAT-005,Storage,Digital,10,9,1
USR-00018,CAT-011,Clothing,Style,3,2,1
USR-00019,CAT-004,Monitors,Digital,2,2,0
USR-00019,CAT-008,Coffee,Home,3,3,0
USR-00019,CAT-021,Toys,Family,6,2,4
USR-00019,CAT-023,Books,Family,6,4,2
USR-00019,CAT-024,Stationery,Family,6,5,1
USR-00019,CAT-025,Board games,Family,11,8,3
USR-00020,CAT-013,Bags,Style,2,1,1
USR-00020,CAT-016,Skincare,Wellness,7,6,1
USR-00020,CAT-017,Haircare,Wellness,8,5,3
USR-00020,CAT-018,Supplements,Wellness,10,5,5
USR-00020,CAT-020,Personal care,Wellness,7,6,1
USR-00021,CAT-019,Fitness,Wellness,5,4,1
USR-00021,CAT-021,Toys,Family,10,9,1
USR-00021,CAT-023,Books,Family,8,7,1
USR-00021,CAT-024,Stationery,Family,9,6,3
USR-00021,CAT-025,Board games,Family,11,7,4
USR-00022,CAT-002,Laptops,Digital,7,6,1
USR-00022,CAT-003,Headphones,Digital,8,7,1
USR-00022,CAT-004,Monitors,Digital,6,5,1
USR-00022,CAT-006,Kitchen appliances,Home,17,14,3
USR-00022,CAT-007,Cleaning,Home,4,3,1
USR-00022,CAT-008,Coffee,Home,7,4,3
USR-00022,CAT-009,Lighting,Home,9,6,3
USR-00022,CAT-010,Bedding,Home,5,3,2
USR-00023,CAT-007,Cleaning,Home,1,1,0
USR-00023,CAT-024,Stationery,Family,4,3,1
USR-00023,CAT-026,Cycling,Outdoor,12,7,5
USR-00023,CAT-027,Camping,Outdoor,7,5,2
USR-00023,CAT-029,Automotive,Outdoor,9,7,2
USR-00024,CAT-026,Cycling,Outdoor,10,7,3
USR-00024,CAT-027,Camping,Outdoor,8,6,2
USR-00024,CAT-028,Garden,Outdoor,6,5,1
USR-00024,CAT-029,Automotive,Outdoor,7,6,1
USR-00024,CAT-030,Sports,Outdoor,9,6,3
USR-00025,CAT-009,Lighting,Home,5,4,1
USR-00025,CAT-013,Bags,Style,3,2,1
USR-00025,CAT-021,Toys,Family,13,8,5
USR-00025,CAT-022,Baby care,Family,11,6,5
USR-00025,CAT-023,Books,Family,4,3,1
USR-00025,CAT-024,Stationery,Family,8,7,1
USR-00025,CAT-025,Board games,Family,9,8,1
USR-00026,CAT-001,Smartphones,Digital,7,7,0
USR-00026,CAT-003,Headphones,Digital,10,9,1
USR-00026,CAT-004,Monitors,Digital,5,5,0
USR-00026,CAT-005,Storage,Digital,8,5,3
USR-00026,CAT-011,Clothing,Style,6,6,0
USR-00026,CAT-012,Shoes,Style,5,5,0
USR-00026,CAT-015,Jewelry,Style,5,4,1
USR-00027,CAT-011,Clothing,Style,7,5,2
USR-00027,CAT-012,Shoes,Style,5,5,0
USR-00027,CAT-013,Bags,Style,8,8,0
USR-00027,CAT-014,Accessories,Style,11,6,5
USR-00027,CAT-015,Jewelry,Style,8,6,2
USR-00027,CAT-027,Camping,Outdoor,7,4,3
USR-00027,CAT-029,Automotive,Outdoor,6,6,0
USR-00027,CAT-030,Sports,Outdoor,10,7,3
USR-00028,CAT-001,Smartphones,Digital,12,11,1
USR-00028,CAT-002,Laptops,Digital,13,10,3
USR-00028,CAT-003,Headphones,Digital,11,8,3
USR-00028,CAT-005,Storage,Digital,9,8,1
USR-00028,CAT-008,Coffee,Home,6,6,0
USR-00028,CAT-009,Lighting,Home,10,8,2
USR-00028,CAT-010,Bedding,Home,4,3,1
USR-00029,CAT-001,Smartphones,Digital,10,8,2
USR-00029,CAT-002,Laptops,Digital,7,5,2
USR-00029,CAT-003,Headphones,Digital,9,6,3
USR-00029,CAT-004,Monitors,Digital,9,7,2
USR-00029,CAT-005,Storage,Digital,12,8,4
USR-00030,CAT-004,Monitors,Digital,5,2,3
USR-00030,CAT-010,Bedding,Home,2,1,1
USR-00030,CAT-017,Haircare,Wellness,6,5,1
USR-00030,CAT-018,Supplements,Wellness,10,9,1
USR-00030,CAT-019,Fitness,Wellness,10,7,3
USR-00030,CAT-020,Personal care,Wellness,8,7,1
USR-00031,CAT-021,Toys,Family,5,3,2
USR-00031,CAT-023,Books,Family,10,9,1
USR-00031,CAT-025,Board games,Family,11,10,1
USR-00032,CAT-016,Skincare,Wellness,15,12,3
USR-00032,CAT-018,Supplements,Wellness,6,5,1
USR-00032,CAT-019,Fitness,Wellness,9,9,0
USR-00032,CAT-026,Cycling,Outdoor,15,9,6
USR-00032,CAT-027,Camping,Outdoor,11,9,2
USR-00032,CAT-030,Sports,Outdoor,7,7,0
USR-00033,CAT-006,Kitchen appliances,Home,12,11,1
USR-00033,CAT-007,Cleaning,Home,7,7,0
USR-00033,CAT-008,Coffee,Home,9,7,2
USR-00033,CAT-009,Lighting,Home,11,8,3
USR-00033,CAT-010,Bedding,Home,10,8,2
USR-00033,CAT-013,Bags,Style,4,4,0
USR-00034,CAT-006,Kitchen appliances,Home,10,7,3
USR-00034,CAT-007,Cleaning,Home,8,7,1
USR-00034,CAT-008,Coffee,Home,13,13,0
USR-00034,CAT-009,Lighting,Home,5,4,1
USR-00034,CAT-021,Toys,Family,6,6,0
USR-00034,CAT-022,Baby care,Family,7,7,0
USR-00034,CAT-023,Books,Family,7,7,0
USR-00035,CAT-011,Clothing,Style,14,12,2
USR-00035,CAT-012,Shoes,Style,6,5,1
USR-00035,CAT-014,Accessories,Style,9,7,2
USR-00035,CAT-021,Toys,Family,3,1,2
USR-00036,CAT-001,Smartphones,Digital,10,8,2
USR-00036,CAT-002,Laptops,Digital,13,9,4
USR-00036,CAT-003,Headphones,Digital,9,5,4
USR-00036,CAT-005,Storage,Digital,10,8,2
USR-00036,CAT-013,Bags,Style,1,1,0
USR-00036,CAT-024,Stationery,Family,3,3,0
USR-00037,CAT-001,Smartphones,Digital,6,4,2
USR-00037,CAT-002,Laptops,Digital,5,4,1
USR-00037,CAT-003,Headphones,Digital,6,5,1
USR-00037,CAT-004,Monitors,Digital,7,5,2
USR-00037,CAT-005,Storage,Digital,10,10,0
USR-00038,CAT-011,Clothing,Style,5,3,2
USR-00038,CAT-012,Shoes,Style,6,4,2
USR-00038,CAT-013,Bags,Style,10,8,2
USR-00038,CAT-015,Jewelry,Style,9,7,2
USR-00038,CAT-022,Baby care,Family,5,4,1
USR-00039,CAT-006,Kitchen appliances,Home,11,9,2
USR-00039,CAT-007,Cleaning,Home,10,8,2
USR-00039,CAT-009,Lighting,Home,9,9,0
USR-00039,CAT-010,Bedding,Home,4,3,1
USR-00039,CAT-026,Cycling,Outdoor,8,4,4
USR-00039,CAT-029,Automotive,Outdoor,5,4,1
USR-00039,CAT-030,Sports,Outdoor,9,9,0
USR-00040,CAT-016,Skincare,Wellness,11,8,3
USR-00040,CAT-018,Supplements,Wellness,8,7,1
USR-00040,CAT-019,Fitness,Wellness,9,8,1
USR-00040,CAT-023,Books,Family,10,8,2
USR-00040,CAT-024,Stationery,Family,7,7,0
USR-00040,CAT-025,Board games,Family,7,5,2
USR-00041,CAT-011,Clothing,Style,8,7,1
USR-00041,CAT-012,Shoes,Style,9,6,3
USR-00041,CAT-013,Bags,Style,8,8,0
USR-00041,CAT-014,Accessories,Style,11,11,0
USR-00041,CAT-015,Jewelry,Style,11,7,4
USR-00041,CAT-026,Cycling,Outdoor,7,6,1
USR-00041,CAT-027,Camping,Outdoor,6,4,2
USR-00041,CAT-029,Automotive,Outdoor,10,10,0
USR-00042,CAT-009,Lighting,Home,1,1,0
USR-00042,CAT-021,Toys,Family,8,5,3
USR-00042,CAT-022,Baby care,Family,7,7,0
USR-00042,CAT-023,Books,Family,7,6,1
USR-00042,CAT-024,Stationery,Family,8,7,1
USR-00042,CAT-025,Board games,Family,8,7,1
USR-00043,CAT-004,Monitors,Digital,3,3,0
USR-00043,CAT-016,Skincare,Wellness,7,5,2
USR-00043,CAT-017,Haircare,Wellness,10,10,0
USR-00043,CAT-018,Supplements,Wellness,7,6,1
USR-00043,CAT-019,Fitness,Wellness,6,5,1
USR-00043,CAT-020,Personal care,Wellness,8,4,4
USR-00044,CAT-003,Headphones,Digital,2,1,1
USR-00044,CAT-008,Coffee,Home,4,3,1
USR-00044,CAT-009,Lighting,Home,9,6,3
USR-00044,CAT-010,Bedding,Home,10,9,1
USR-00045,CAT-021,Toys,Family,7,7,0
USR-00045,CAT-022,Baby care,Family,13,12,1
USR-00045,CAT-024,Stationery,Family,6,6,0
USR-00046,CAT-001,Smartphones,Digital,7,6,1
USR-00046,CAT-002,Laptops,Digital,8,6,2
USR-00046,CAT-003,Headphones,Digital,6,5,1
USR-00046,CAT-022,Baby care,Family,7,6,1
USR-00046,CAT-023,Books,Family,11,9,2
USR-00046,CAT-025,Board games,Family,9,8,1
USR-00047,CAT-002,Laptops,Digital,2,1,1
USR-00047,CAT-011,Clothing,Style,9,8,1
USR-00047,CAT-012,Shoes,Style,4,4,0
USR-00047,CAT-014,Accessories,Style,6,5,1
USR-00047,CAT-015,Jewelry,Style,13,10,3
USR-00047,CAT-019,Fitness,Wellness,1,1,0
USR-00048,CAT-006,Kitchen appliances,Home,6,4,2
USR-00048,CAT-007,Cleaning,Home,8,7,1
USR-00048,CAT-008,Coffee,Home,11,10,1
USR-00048,CAT-009,Lighting,Home,14,9,5
USR-00048,CAT-010,Bedding,Home,5,4,1
USR-00049,CAT-002,Laptops,Digital,3,3,0
USR-00049,CAT-016,Skincare,Wellness,6,6,0
USR-00049,CAT-017,Haircare,Wellness,8,7,1
USR-00049,CAT-018,Supplements,Wellness,12,9,3
USR-00049,CAT-019,Fitness,Wellness,10,5,5
USR-00049,CAT-020,Personal care,Wellness,9,8,1
USR-00049,CAT-026,Cycling,Outdoor,1,1,0
USR-00050,CAT-001,Smartphones,Digital,7,4,3
USR-00050,CAT-004,Monitors,Digital,6,5,1
USR-00050,CAT-005,Storage,Digital,7,5,2
USR-00050,CAT-027,Camping,Outdoor,4,4,0
USR-00051,CAT-001,Smartphones,Digital,5,4,1
USR-00051,CAT-003,Headphones,Digital,17,15,2
USR-00051,CAT-004,Monitors,Digital,16,13,3
USR-00051,CAT-005,Storage,Digital,10,9,1
USR-00051,CAT-015,Jewelry,Style,4,3,1
USR-00052,CAT-002,Laptops,Digital,5,4,1
USR-00052,CAT-003,Headphones,Digital,11,8,3
USR-00052,CAT-004,Monitors,Digital,10,9,1
USR-00052,CAT-005,Storage,Digital,15,13,2
USR-00052,CAT-007,Cleaning,Home,7,6,1
USR-00052,CAT-009,Lighting,Home,11,10,1
USR-00052,CAT-010,Bedding,Home,7,5,2
USR-00053,CAT-021,Toys,Family,7,4,3
USR-00053,CAT-022,Baby care,Family,11,10,1
USR-00053,CAT-024,Stationery,Family,10,10,0
USR-00053,CAT-026,Cycling,Outdoor,10,10,0
USR-00053,CAT-028,Garden,Outdoor,5,5,0
USR-00053,CAT-029,Automotive,Outdoor,8,7,1
USR-00054,CAT-007,Cleaning,Home,1,1,0
USR-00054,CAT-016,Skincare,Wellness,11,9,2
USR-00054,CAT-017,Haircare,Wellness,6,5,1
USR-00054,CAT-018,Supplements,Wellness,7,4,3
USR-00054,CAT-019,Fitness,Wellness,8,5,3
USR-00054,CAT-020,Personal care,Wellness,9,9,0
USR-00055,CAT-017,Haircare,Wellness,8,7,1
USR-00055,CAT-019,Fitness,Wellness,7,3,4
USR-00055,CAT-020,Personal care,Wellness,6,4,2
USR-00056,CAT-022,Baby care,Family,8,5,3
USR-00056,CAT-023,Books,Family,9,6,3
USR-00056,CAT-024,Stationery,Family,9,8,1
USR-00056,CAT-025,Board games,Family,19,15,4
USR-00056,CAT-028,Garden,Outdoor,3,2,1
USR-00056,CAT-029,Automotive,Outdoor,3,2,1
USR-00057,CAT-006,Kitchen appliances,Home,5,4,1
USR-00057,CAT-011,Clothing,Style,13,13,0
USR-00057,CAT-014,Accessories,Style,5,2,3
USR-00057,CAT-015,Jewelry,Style,11,9,2
USR-00058,CAT-001,Smartphones,Digital,9,9,0
USR-00058,CAT-003,Headphones,Digital,6,5,1
USR-00058,CAT-004,Monitors,Digital,7,6,1
USR-00058,CAT-016,Skincare,Wellness,9,7,2
USR-00058,CAT-017,Haircare,Wellness,8,6,2
USR-00058,CAT-018,Supplements,Wellness,10,10,0
USR-00058,CAT-020,Personal care,Wellness,12,8,4
USR-00059,CAT-001,Smartphones,Digital,10,7,3
USR-00059,CAT-002,Laptops,Digital,12,11,1
USR-00059,CAT-003,Headphones,Digital,4,3,1
USR-00059,CAT-005,Storage,Digital,7,4,3
USR-00059,CAT-014,Accessories,Style,2,2,0
USR-00060,CAT-001,Smartphones,Digital,13,10,3
USR-00060,CAT-002,Laptops,Digital,11,8,3
USR-00060,CAT-004,Monitors,Digital,7,5,2
USR-00060,CAT-005,Storage,Digital,8,7,1
USR-00060,CAT-018,Supplements,Wellness,2,2,0
USR-00061,CAT-016,Skincare,Wellness,7,6,1
USR-00061,CAT-017,Haircare,Wellness,8,7,1
USR-00061,CAT-018,Supplements,Wellness,6,6,0
USR-00061,CAT-019,Fitness,Wellness,6,5,1
USR-00061,CAT-020,Personal care,Wellness,11,9,2
USR-00061,CAT-027,Camping,Outdoor,8,7,1
USR-00061,CAT-028,Garden,Outdoor,3,3,0
USR-00061,CAT-029,Automotive,Outdoor,4,3,1
USR-00062,CAT-011,Clothing,Style,14,11,3
USR-00062,CAT-012,Shoes,Style,11,7,4
USR-00062,CAT-013,Bags,Style,7,6,1
USR-00062,CAT-014,Accessories,Style,7,6,1
USR-00062,CAT-015,Jewelry,Style,7,7,0
USR-00062,CAT-016,Skincare,Wellness,2,2,0
USR-00062,CAT-023,Books,Family,2,2,0
USR-00063,CAT-017,Haircare,Wellness,10,8,2
USR-00063,CAT-018,Supplements,Wellness,6,6,0
USR-00063,CAT-020,Personal care,Wellness,11,7,4
USR-00063,CAT-022,Baby care,Family,3,3,0
USR-00064,CAT-004,Monitors,Digital,2,2,0
USR-00064,CAT-021,Toys,Family,7,5,2
USR-00064,CAT-022,Baby care,Family,12,10,2
USR-00064,CAT-023,Books,Family,9,7,2
USR-00064,CAT-024,Stationery,Family,14,10,4
USR-00064,CAT-025,Board games,Family,15,11,4
USR-00065,CAT-006,Kitchen appliances,Home,7,7,0
USR-00065,CAT-008,Coffee,Home,4,3,1
USR-00065,CAT-009,Lighting,Home,14,9,5
USR-00065,CAT-016,Skincare,Wellness,7,7,0
USR-00065,CAT-017,Haircare,Wellness,7,6,1
USR-00065,CAT-018,Supplements,Wellness,7,4,3
USR-00066,CAT-016,Skincare,Wellness,6,6,0
USR-00066,CAT-017,Haircare,Wellness,8,7,1
USR-00066,CAT-018,Supplements,Wellness,8,5,3
USR-00066,CAT-019,Fitness,Wellness,8,6,2
USR-00066,CAT-026,Cycling,Outdoor,2,2,0
USR-00067,CAT-014,Accessories,Style,3,1,2
USR-00067,CAT-016,Skincare,Wellness,7,5,2
USR-00067,CAT-017,Haircare,Wellness,9,7,2
USR-00067,CAT-018,Supplements,Wellness,9,6,3
USR-00067,CAT-019,Fitness,Wellness,18,14,4
USR-00067,CAT-020,Personal care,Wellness,5,4,1
USR-00067,CAT-023,Books,Family,1,1,0
USR-00068,CAT-001,Smartphones,Digital,7,5,2
USR-00068,CAT-003,Headphones,Digital,10,10,0
USR-00068,CAT-004,Monitors,Digital,4,3,1
USR-00068,CAT-006,Kitchen appliances,Home,6,4,2
USR-00068,CAT-007,Cleaning,Home,6,6,0
USR-00068,CAT-008,Coffee,Home,10,9,1
USR-00068,CAT-010,Bedding,Home,10,9,1
USR-00069,CAT-001,Smartphones,Digital,7,7,0
USR-00069,CAT-002,Laptops,Digital,7,6,1
USR-00069,CAT-003,Headphones,Digital,11,9,2
USR-00069,CAT-004,Monitors,Digital,8,6,2
USR-00069,CAT-005,Storage,Digital,11,8,3
USR-00069,CAT-006,Kitchen appliances,Home,4,3,1
USR-00069,CAT-028,Garden,Outdoor,3,3,0
USR-00070,CAT-007,Cleaning,Home,2,1,1
USR-00070,CAT-011,Clothing,Style,10,10,0
USR-00070,CAT-013,Bags,Style,7,5,2
USR-00070,CAT-014,Accessories,Style,4,4,0
USR-00070,CAT-015,Jewelry,Style,10,5,5
USR-00071,CAT-001,Smartphones,Digital,6,5,1
USR-00071,CAT-002,Laptops,Digital,8,7,1
USR-00071,CAT-004,Monitors,Digital,11,7,4
USR-00071,CAT-006,Kitchen appliances,Home,11,10,1
USR-00071,CAT-007,Cleaning,Home,10,6,4
USR-00071,CAT-008,Coffee,Home,9,9,0
USR-00071,CAT-010,Bedding,Home,10,5,5
USR-00072,CAT-013,Bags,Style,8,5,3
USR-00072,CAT-014,Accessories,Style,8,7,1
USR-00072,CAT-015,Jewelry,Style,8,5,3
USR-00073,CAT-016,Skincare,Wellness,7,4,3
USR-00073,CAT-018,Supplements,Wellness,7,4,3
USR-00073,CAT-020,Personal care,Wellness,6,6,0
USR-00073,CAT-021,Toys,Family,13,13,0
USR-00073,CAT-022,Baby care,Family,6,5,1
USR-00073,CAT-023,Books,Family,7,3,4
USR-00073,CAT-024,Stationery,Family,8,7,1
USR-00073,CAT-025,Board games,Family,10,8,2
USR-00074,CAT-006,Kitchen appliances,Home,12,10,2
USR-00074,CAT-008,Coffee,Home,12,9,3
USR-00074,CAT-009,Lighting,Home,9,6,3
USR-00074,CAT-010,Bedding,Home,10,7,3
USR-00074,CAT-019,Fitness,Wellness,4,4,0
USR-00075,CAT-001,Smartphones,Digital,8,7,1
USR-00075,CAT-002,Laptops,Digital,9,9,0
USR-00075,CAT-003,Headphones,Digital,7,6,1
USR-00075,CAT-004,Monitors,Digital,10,9,1
USR-00075,CAT-005,Storage,Digital,8,8,0
USR-00075,CAT-030,Sports,Outdoor,3,2,1
USR-00076,CAT-002,Laptops,Digital,3,3,0
USR-00076,CAT-006,Kitchen appliances,Home,6,5,1
USR-00076,CAT-008,Coffee,Home,14,11,3
USR-00076,CAT-009,Lighting,Home,11,9,2
USR-00076,CAT-029,Automotive,Outdoor,3,3,0
USR-00077,CAT-006,Kitchen appliances,Home,7,7,0
USR-00077,CAT-007,Cleaning,Home,5,5,0
USR-00077,CAT-008,Coffee,Home,9,5,4
USR-00077,CAT-009,Lighting,Home,8,7,1
USR-00077,CAT-010,Bedding,Home,9,7,2
USR-00077,CAT-017,Haircare,Wellness,3,2,1
USR-00078,CAT-013,Bags,Style,2,1,1
USR-00078,CAT-016,Skincare,Wellness,8,4,4
USR-00078,CAT-017,Haircare,Wellness,7,6,1
USR-00078,CAT-018,Supplements,Wellness,9,9,0
USR-00078,CAT-019,Fitness,Wellness,4,3,1
USR-00078,CAT-020,Personal care,Wellness,11,8,3
USR-00079,CAT-012,Shoes,Style,3,3,0
USR-00079,CAT-016,Skincare,Wellness,8,7,1
USR-00079,CAT-017,Haircare,Wellness,12,10,2
USR-00079,CAT-018,Supplements,Wellness,11,8,3
USR-00079,CAT-020,Personal care,Wellness,4,3,1
USR-00080,CAT-022,Baby care,Family,10,5,5
USR-00080,CAT-023,Books,Family,7,5,2
USR-00080,CAT-024,Stationery,Family,9,7,2
USR-00080,CAT-025,Board games,Family,9,9,0
USR-00081,CAT-004,Monitors,Digital,6,5,1
USR-00081,CAT-015,Jewelry,Style,4,4,0
USR-00081,CAT-016,Skincare,Wellness,9,9,0
USR-00081,CAT-017,Haircare,Wellness,8,5,3
USR-00081,CAT-020,Personal care,Wellness,11,7,4
USR-00082,CAT-011,Clothing,Style,11,9,2
USR-00082,CAT-012,Shoes,Style,10,9,1
USR-00082,CAT-013,Bags,Style,10,9,1
USR-00082,CAT-015,Jewelry,Style,8,6,2
USR-00082,CAT-022,Baby care,Family,2,2,0
USR-00083,CAT-001,Smartphones,Digital,2,2,0
USR-00083,CAT-021,Toys,Family,9,7,2
USR-00083,CAT-022,Baby care,Family,6,3,3
USR-00083,CAT-023,Books,Family,9,6,3
USR-00083,CAT-024,Stationery,Family,8,7,1
USR-00084,CAT-001,Smartphones,Digital,8,6,2
USR-00084,CAT-002,Laptops,Digital,8,8,0
USR-00084,CAT-004,Monitors,Digital,3,3,0
USR-00084,CAT-005,Storage,Digital,14,10,4
USR-00084,CAT-022,Baby care,Family,4,3,1
USR-00084,CAT-030,Sports,Outdoor,2,2,0
USR-00085,CAT-001,Smartphones,Digital,8,6,2
USR-00085,CAT-002,Laptops,Digital,7,4,3
USR-00085,CAT-003,Headphones,Digital,10,9,1
USR-00085,CAT-004,Monitors,Digital,9,7,2
USR-00085,CAT-005,Storage,Digital,9,9,0
USR-00085,CAT-022,Baby care,Family,7,6,1
USR-00085,CAT-023,Books,Family,3,3,0
USR-00085,CAT-024,Stationery,Family,12,10,2
USR-00086,CAT-001,Smartphones,Digital,8,5,3
USR-00086,CAT-002,Laptops,Digital,8,8,0
USR-00086,CAT-003,Headphones,Digital,7,6,1
USR-00086,CAT-004,Monitors,Digital,6,6,0
USR-00086,CAT-005,Storage,Digital,13,12,1
USR-00086,CAT-026,Cycling,Outdoor,2,2,0
USR-00086,CAT-029,Automotive,Outdoor,7,6,1
USR-00086,CAT-030,Sports,Outdoor,8,5,3
USR-00087,CAT-016,Skincare,Wellness,4,3,1
USR-00087,CAT-019,Fitness,Wellness,4,4,0
USR-00087,CAT-020,Personal care,Wellness,7,6,1
USR-00087,CAT-021,Toys,Family,5,5,0
USR-00087,CAT-022,Baby care,Family,4,3,1
USR-00087,CAT-023,Books,Family,14,14,0
USR-00087,CAT-024,Stationery,Family,5,4,1
USR-00087,CAT-025,Board games,Family,6,6,0
USR-00088,CAT-011,Clothing,Style,7,6,1
USR-00088,CAT-013,Bags,Style,7,6,1
USR-00088,CAT-014,Accessories,Style,10,9,1
USR-00088,CAT-015,Jewelry,Style,3,2,1
USR-00088,CAT-016,Skincare,Wellness,10,8,2
USR-00088,CAT-017,Haircare,Wellness,5,3,2
USR-00088,CAT-018,Supplements,Wellness,5,5,0
USR-00089,CAT-001,Smartphones,Digital,7,6,1
USR-00089,CAT-002,Laptops,Digital,9,8,1
USR-00089,CAT-003,Headphones,Digital,12,9,3
USR-00089,CAT-004,Monitors,Digital,10,9,1
USR-00089,CAT-005,Storage,Digital,8,6,2
USR-00089,CAT-027,Camping,Outdoor,3,2,1
USR-00089,CAT-028,Garden,Outdoor,2,2,0
USR-00090,CAT-011,Clothing,Style,9,6,3
USR-00090,CAT-013,Bags,Style,13,7,6
USR-00090,CAT-014,Accessories,Style,10,7,3
USR-00090,CAT-015,Jewelry,Style,7,7,0
USR-00090,CAT-016,Skincare,Wellness,7,7,0
USR-00090,CAT-019,Fitness,Wellness,9,8,1
USR-00090,CAT-020,Personal care,Wellness,11,9,2
USR-00091,CAT-001,Smartphones,Digital,9,7,2
USR-00091,CAT-002,Laptops,Digital,9,5,4
USR-00091,CAT-003,Headphones,Digital,8,6,2
USR-00091,CAT-026,Cycling,Outdoor,1,1,0
USR-00092,CAT-001,Smartphones,Digital,2,1,1
USR-00092,CAT-016,Skincare,Wellness,5,4,1
USR-00092,CAT-017,Haircare,Wellness,9,9,0
USR-00092,CAT-018,Supplements,Wellness,6,4,2
USR-00092,CAT-019,Fitness,Wellness,12,9,3
USR-00092,CAT-020,Personal care,Wellness,11,10,1
USR-00092,CAT-030,Sports,Outdoor,3,3,0
USR-00093,CAT-011,Clothing,Style,2,2,0
USR-00093,CAT-012,Shoes,Style,8,7,1
USR-00093,CAT-013,Bags,Style,8,7,1
USR-00093,CAT-014,Accessories,Style,7,5,2
USR-00093,CAT-015,Jewelry,Style,11,9,2
USR-00093,CAT-028,Garden,Outdoor,2,2,0
USR-00094,CAT-009,Lighting,Home,3,3,0
USR-00094,CAT-011,Clothing,Style,13,10,3
USR-00094,CAT-012,Shoes,Style,8,7,1
USR-00094,CAT-013,Bags,Style,9,9,0
USR-00094,CAT-014,Accessories,Style,8,7,1
USR-00094,CAT-015,Jewelry,Style,12,11,1
USR-00095,CAT-006,Kitchen appliances,Home,5,4,1
USR-00095,CAT-009,Lighting,Home,12,10,2
USR-00095,CAT-010,Bedding,Home,12,11,1
USR-00096,CAT-017,Haircare,Wellness,9,5,4
USR-00096,CAT-018,Supplements,Wellness,9,6,3
USR-00096,CAT-019,Fitness,Wellness,8,6,2
USR-00096,CAT-028,Garden,Outdoor,3,2,1
USR-00097,CAT-006,Kitchen appliances,Home,9,6,3
USR-00097,CAT-007,Cleaning,Home,10,9,1
USR-00097,CAT-008,Coffee,Home,6,4,2
USR-00097,CAT-009,Lighting,Home,5,4,1
USR-00097,CAT-010,Bedding,Home,8,8,0
USR-00098,CAT-003,Headphones,Digital,7,7,0
USR-00098,CAT-004,Monitors,Digital,5,3,2
USR-00098,CAT-005,Storage,Digital,12,10,2
USR-00098,CAT-027,Camping,Outdoor,4,2,2
USR-00098,CAT-030,Sports,Outdoor,1,1,0
USR-00099,CAT-002,Laptops,Digital,16,10,6
USR-00099,CAT-003,Headphones,Digital,10,8,2
USR-00099,CAT-004,Monitors,Digital,8,4,4
USR-00099,CAT-005,Storage,Digital,11,11,0
USR-00099,CAT-026,Cycling,Outdoor,6,4,2
USR-00099,CAT-029,Automotive,Outdoor,4,4,0
USR-00099,CAT-030,Sports,Outdoor,7,6,1
USR-00100,CAT-012,Shoes,Style,5,4,1
USR-00100,CAT-026,Cycling,Outdoor,10,8,2
USR-00100,CAT-027,Camping,Outdoor,12,11,1
USR-00100,CAT-028,Garden,Outdoor,11,9,2
USR-00100,CAT-029,Automotive,Outdoor,9,7,2
USR-00100,CAT-030,Sports,Outdoor,15,13,2
USR-00101,CAT-010,Bedding,Home,4,4,0
USR-00101,CAT-017,Haircare,Wellness,3,2,1
USR-00101,CAT-026,Cycling,Outdoor,10,9,1
USR-00101,CAT-027,Camping,Outdoor,9,8,1
USR-00101,CAT-028,Garden,Outdoor,7,6,1
USR-00101,CAT-029,Automotive,Outdoor,8,5,3
USR-00102,CAT-006,Kitchen appliances,Home,6,5,1
USR-00102,CAT-007,Cleaning,Home,6,3,3
USR-00102,CAT-010,Bedding,Home,8,5,3
USR-00102,CAT-016,Skincare,Wellness,10,7,3
USR-00102,CAT-019,Fitness,Wellness,8,8,0
USR-00102,CAT-020,Personal care,Wellness,6,6,0
USR-00103,CAT-006,Kitchen appliances,Home,9,6,3
USR-00103,CAT-007,Cleaning,Home,6,4,2
USR-00103,CAT-008,Coffee,Home,6,4,2
USR-00103,CAT-010,Bedding,Home,10,8,2
USR-00103,CAT-025,Board games,Family,4,4,0
USR-00104,CAT-021,Toys,Family,2,2,0
USR-00104,CAT-027,Camping,Outdoor,8,4,4
USR-00104,CAT-028,Garden,Outdoor,5,3,2
USR-00104,CAT-030,Sports,Outdoor,10,9,1
USR-00105,CAT-021,Toys,Family,5,4,1
USR-00105,CAT-022,Baby care,Family,10,8,2
USR-00105,CAT-023,Books,Family,14,11,3
USR-00105,CAT-024,Stationery,Family,7,6,1
USR-00105,CAT-026,Cycling,Outdoor,6,5,1
USR-00106,CAT-011,Clothing,Style,4,3,1
USR-00106,CAT-013,Bags,Style,7,6,1
USR-00106,CAT-015,Jewelry,Style,8,8,0
USR-00106,CAT-021,Toys,Family,8,6,2
USR-00106,CAT-022,Baby care,Family,5,3,2
USR-00106,CAT-024,Stationery,Family,9,8,1
USR-00106,CAT-025,Board games,Family,7,5,2
USR-00107,CAT-011,Clothing,Style,8,7,1
USR-00107,CAT-013,Bags,Style,8,7,1
USR-00107,CAT-014,Accessories,Style,6,5,1
USR-00107,CAT-015,Jewelry,Style,11,10,1
USR-00107,CAT-028,Garden,Outdoor,3,3,0
USR-00108,CAT-007,Cleaning,Home,4,3,1
USR-00108,CAT-008,Coffee,Home,6,4,2
USR-00108,CAT-009,Lighting,Home,4,4,0
USR-00108,CAT-017,Haircare,Wellness,2,2,0
USR-00108,CAT-028,Garden,Outdoor,3,3,0
USR-00109,CAT-001,Smartphones,Digital,14,12,2
USR-00109,CAT-002,Laptops,Digital,6,5,1
USR-00109,CAT-005,Storage,Digital,4,3,1
USR-00110,CAT-007,Cleaning,Home,2,2,0
USR-00110,CAT-026,Cycling,Outdoor,7,6,1
USR-00110,CAT-028,Garden,Outdoor,10,7,3
USR-00110,CAT-029,Automotive,Outdoor,13,11,2
USR-00111,CAT-002,Laptops,Digital,1,1,0
USR-00111,CAT-011,Clothing,Style,8,7,1
USR-00111,CAT-012,Shoes,Style,9,7,2
USR-00111,CAT-013,Bags,Style,9,6,3
USR-00111,CAT-014,Accessories,Style,9,6,3
USR-00111,CAT-015,Jewelry,Style,8,4,4
USR-00111,CAT-018,Supplements,Wellness,2,1,1
USR-00112,CAT-006,Kitchen appliances,Home,7,4,3
USR-00112,CAT-008,Coffee,Home,10,9,1
USR-00112,CAT-009,Lighting,Home,6,2,4
USR-00112,CAT-010,Bedding,Home,6,4,2
USR-00112,CAT-029,Automotive,Outdoor,1,1,0
USR-00113,CAT-006,Kitchen appliances,Home,11,9,2
USR-00113,CAT-007,Cleaning,Home,10,8,2
USR-00113,CAT-008,Coffee,Home,11,8,3
USR-00113,CAT-009,Lighting,Home,13,12,1
USR-00113,CAT-012,Shoes,Style,9,7,2
USR-00113,CAT-013,Bags,Style,9,8,1
USR-00113,CAT-014,Accessories,Style,7,7,0
USR-00114,CAT-010,Bedding,Home,3,3,0
USR-00114,CAT-016,Skincare,Wellness,11,8,3
USR-00114,CAT-017,Haircare,Wellness,9,6,3
USR-00114,CAT-018,Supplements,Wellness,9,4,5
USR-00114,CAT-019,Fitness,Wellness,11,10,1
USR-00114,CAT-020,Personal care,Wellness,9,9,0
USR-00114,CAT-024,Stationery,Family,2,1,1
USR-00115,CAT-001,Smartphones,Digital,10,8,2
USR-00115,CAT-002,Laptops,Digital,4,4,0
USR-00115,CAT-005,Storage,Digital,7,5,2
USR-00115,CAT-017,Haircare,Wellness,3,2,1
USR-00116,CAT-022,Baby care,Family,12,10,2
USR-00116,CAT-023,Books,Family,9,8,1
USR-00116,CAT-024,Stationery,Family,11,8,3
USR-00116,CAT-025,Board games,Family,12,10,2
USR-00116,CAT-028,Garden,Outdoor,3,3,0
USR-00117,CAT-018,Supplements,Wellness,4,2,2
USR-00117,CAT-021,Toys,Family,8,8,0
USR-00117,CAT-023,Books,Family,8,5,3
USR-00117,CAT-024,Stationery,Family,10,9,1
USR-00117,CAT-025,Board games,Family,6,4,2
USR-00117,CAT-028,Garden,Outdoor,3,2,1
USR-00118,CAT-009,Lighting,Home,3,3,0
USR-00118,CAT-021,Toys,Family,5,4,1
USR-00118,CAT-022,Baby care,Family,11,8,3
USR-00118,CAT-025,Board games,Family,7,5,2
USR-00119,CAT-012,Shoes,Style,15,13,2
USR-00119,CAT-013,Bags,Style,11,7,4
USR-00119,CAT-015,Jewelry,Style,7,6,1
USR-00119,CAT-026,Cycling,Outdoor,11,8,3
USR-00119,CAT-027,Camping,Outdoor,5,5,0
USR-00119,CAT-029,Automotive,Outdoor,4,4,0
USR-00120,CAT-002,Laptops,Digital,11,7,4
USR-00120,CAT-003,Headphones,Digital,5,4,1
USR-00120,CAT-005,Storage,Digital,5,3,2
USR-00120,CAT-016,Skincare,Wellness,9,9,0
USR-00120,CAT-017,Haircare,Wellness,4,4,0
USR-00120,CAT-018,Supplements,Wellness,8,8,0
USR-00120,CAT-019,Fitness,Wellness,7,5,2
USR-00120,CAT-020,Personal care,Wellness,7,4,3
USR-00121,CAT-007,Cleaning,Home,3,2,1
USR-00121,CAT-016,Skincare,Wellness,8,7,1
USR-00121,CAT-017,Haircare,Wellness,9,8,1
USR-00121,CAT-018,Supplements,Wellness,10,9,1
USR-00121,CAT-019,Fitness,Wellness,11,8,3
USR-00121,CAT-029,Automotive,Outdoor,2,2,0
USR-00122,CAT-002,Laptops,Digital,1,1,0
USR-00122,CAT-017,Haircare,Wellness,8,7,1
USR-00122,CAT-018,Supplements,Wellness,11,9,2
USR-00122,CAT-019,Fitness,Wellness,7,4,3
USR-00122,CAT-020,Personal care,Wellness,8,6,2
USR-00123,CAT-001,Smartphones,Digital,11,10,1
USR-00123,CAT-002,Laptops,Digital,11,9,2
USR-00123,CAT-003,Headphones,Digital,12,11,1
USR-00123,CAT-004,Monitors,Digital,10,9,1
USR-00124,CAT-011,Clothing,Style,9,8,1
USR-00124,CAT-012,Shoes,Style,7,7,0
USR-00124,CAT-014,Accessories,Style,5,5,0
USR-00124,CAT-015,Jewelry,Style,12,9,3
USR-00124,CAT-021,Toys,Family,3,2,1
USR-00124,CAT-030,Sports,Outdoor,5,4,1
USR-00125,CAT-001,Smartphones,Digital,7,7,0
USR-00125,CAT-002,Laptops,Digital,7,5,2
USR-00125,CAT-003,Headphones,Digital,6,6,0
USR-00125,CAT-004,Monitors,Digital,9,9,0
USR-00125,CAT-005,Storage,Digital,10,7,3
USR-00125,CAT-008,Coffee,Home,1,1,0
USR-00125,CAT-027,Camping,Outdoor,3,3,0
USR-00126,CAT-011,Clothing,Style,8,6,2
USR-00126,CAT-012,Shoes,Style,6,5,1
USR-00126,CAT-013,Bags,Style,13,11,2
USR-00126,CAT-014,Accessories,Style,15,14,1
USR-00126,CAT-015,Jewelry,Style,14,11,3
USR-00126,CAT-029,Automotive,Outdoor,3,3,0
USR-00127,CAT-006,Kitchen appliances,Home,13,11,2
USR-00127,CAT-007,Cleaning,Home,11,6,5
USR-00127,CAT-008,Coffee,Home,11,9,2
USR-00127,CAT-010,Bedding,Home,8,4,4
USR-00127,CAT-030,Sports,Outdoor,1,1,0
USR-00128,CAT-001,Smartphones,Digital,4,4,0
USR-00128,CAT-002,Laptops,Digital,10,6,4
USR-00128,CAT-003,Headphones,Digital,7,6,1
USR-00128,CAT-004,Monitors,Digital,5,4,1
USR-00128,CAT-005,Storage,Digital,13,10,3
USR-00128,CAT-009,Lighting,Home,2,2,0
USR-00128,CAT-026,Cycling,Outdoor,1,1,0
USR-00129,CAT-001,Smartphones,Digital,9,8,1
USR-00129,CAT-002,Laptops,Digital,9,9,0
USR-00129,CAT-003,Headphones,Digital,5,4,1
USR-00129,CAT-004,Monitors,Digital,9,9,0
USR-00129,CAT-005,Storage,Digital,10,8,2
USR-00129,CAT-008,Coffee,Home,4,4,0
USR-00129,CAT-022,Baby care,Family,5,2,3
USR-00130,CAT-012,Shoes,Style,7,5,2
USR-00130,CAT-013,Bags,Style,3,2,1
USR-00130,CAT-016,Skincare,Wellness,6,2,4
USR-00130,CAT-019,Fitness,Wellness,7,5,2
USR-00130,CAT-020,Personal care,Wellness,6,2,4
USR-00131,CAT-001,Smartphones,Digital,8,8,0
USR-00131,CAT-002,Laptops,Digital,9,6,3
USR-00131,CAT-003,Headphones,Digital,12,11,1
USR-00131,CAT-004,Monitors,Digital,15,12,3
USR-00131,CAT-005,Storage,Digital,6,5,1
USR-00131,CAT-013,Bags,Style,4,2,2
USR-00132,CAT-010,Bedding,Home,5,5,0
USR-00132,CAT-026,Cycling,Outdoor,10,8,2
USR-00132,CAT-028,Garden,Outdoor,7,5,2
USR-00132,CAT-029,Automotive,Outdoor,6,4,2
USR-00132,CAT-030,Sports,Outdoor,8,7,1
USR-00133,CAT-006,Kitchen appliances,Home,10,9,1
USR-00133,CAT-007,Cleaning,Home,6,5,1
USR-00133,CAT-010,Bedding,Home,5,4,1
USR-00133,CAT-016,Skincare,Wellness,7,6,1
USR-00133,CAT-017,Haircare,Wellness,5,4,1
USR-00133,CAT-018,Supplements,Wellness,12,10,2
USR-00133,CAT-019,Fitness,Wellness,13,11,2
USR-00133,CAT-020,Personal care,Wellness,9,8,1
USR-00134,CAT-006,Kitchen appliances,Home,7,5,2
USR-00134,CAT-007,Cleaning,Home,10,8,2
USR-00134,CAT-008,Coffee,Home,8,7,1
USR-00134,CAT-009,Lighting,Home,10,9,1
USR-00134,CAT-010,Bedding,Home,11,7,4
USR-00134,CAT-021,Toys,Family,7,4,3
USR-00134,CAT-023,Books,Family,8,8,0
USR-00134,CAT-025,Board games,Family,6,4,2
USR-00135,CAT-015,Jewelry,Style,1,1,0
USR-00135,CAT-016,Skincare,Wellness,10,9,1
USR-00135,CAT-018,Supplements,Wellness,11,7,4
USR-00135,CAT-019,Fitness,Wellness,8,6,2
USR-00135,CAT-020,Personal care,Wellness,7,6,1
USR-00136,CAT-001,Smartphones,Digital,12,10,2
USR-00136,CAT-002,Laptops,Digital,12,11,1
USR-00136,CAT-003,Headphones,Digital,10,9,1
USR-00136,CAT-005,Storage,Digital,6,5,1
USR-00136,CAT-028,Garden,Outdoor,1,1,0
USR-00136,CAT-030,Sports,Outdoor,1,1,0
USR-00137,CAT-006,Kitchen appliances,Home,3,3,0
USR-00137,CAT-019,Fitness,Wellness,2,1,1
USR-00137,CAT-026,Cycling,Outdoor,12,9,3
USR-00137,CAT-027,Camping,Outdoor,9,9,0
USR-00137,CAT-029,Automotive,Outdoor,7,5,2
USR-00137,CAT-030,Sports,Outdoor,8,6,2
USR-00138,CAT-002,Laptops,Digital,5,4,1
USR-00138,CAT-012,Shoes,Style,7,6,1
USR-00138,CAT-013,Bags,Style,9,5,4
USR-00138,CAT-014,Accessories,Style,4,4,0
USR-00138,CAT-015,Jewelry,Style,12,9,3
USR-00139,CAT-006,Kitchen appliances,Home,6,5,1
USR-00139,CAT-007,Cleaning,Home,9,7,2
USR-00139,CAT-009,Lighting,Home,5,5,0
USR-00139,CAT-021,Toys,Family,10,10,0
USR-00139,CAT-022,Baby care,Family,3,2,1
USR-00139,CAT-023,Books,Family,13,8,5
USR-00139,CAT-024,Stationery,Family,6,5,1
USR-00139,CAT-025,Board games,Family,8,7,1
USR-00140,CAT-001,Smartphones,Digital,11,9,2
USR-00140,CAT-002,Laptops,Digital,15,14,1
USR-00140,CAT-003,Headphones,Digital,7,7,0
USR-00140,CAT-004,Monitors,Digital,14,9,5
USR-00140,CAT-005,Storage,Digital,8,7,1
USR-00140,CAT-025,Board games,Family,4,3,1
USR-00141,CAT-003,Headphones,Digital,4,3,1
USR-00141,CAT-011,Clothing,Style,12,9,3
USR-00141,CAT-013,Bags,Style,8,7,1
USR-00141,CAT-015,Jewelry,Style,7,6,1
USR-00142,CAT-007,Cleaning,Home,4,4,0
USR-00142,CAT-011,Clothing,Style,10,7,3
USR-00142,CAT-012,Shoes,Style,6,4,2
USR-00142,CAT-014,Accessories,Style,8,5,3
USR-00142,CAT-018,Supplements,Wellness,2,2,0
USR-00143,CAT-007,Cleaning,Home,6,4,2
USR-00143,CAT-026,Cycling,Outdoor,8,5,3
USR-00143,CAT-027,Camping,Outdoor,8,5,3
USR-00143,CAT-029,Automotive,Outdoor,10,6,4
USR-00143,CAT-030,Sports,Outdoor,7,6,1
USR-00144,CAT-007,Cleaning,Home,4,3,1
USR-00144,CAT-017,Haircare,Wellness,6,5,1
USR-00144,CAT-018,Supplements,Wellness,7,6,1
USR-00144,CAT-019,Fitness,Wellness,7,4,3
USR-00144,CAT-029,Automotive,Outdoor,1,1,0
USR-00145,CAT-011,Clothing,Style,9,8,1
USR-00145,CAT-012,Shoes,Style,8,4,4
USR-00145,CAT-013,Bags,Style,10,10,0
USR-00145,CAT-015,Jewelry,Style,11,10,1
USR-00145,CAT-028,Garden,Outdoor,5,4,1
USR-00146,CAT-007,Cleaning,Home,10,9,1
USR-00146,CAT-008,Coffee,Home,10,9,1
USR-00146,CAT-009,Lighting,Home,9,7,2
USR-00147,CAT-001,Smartphones,Digital,8,7,1
USR-00147,CAT-003,Headphones,Digital,8,8,0
USR-00147,CAT-004,Monitors,Digital,5,4,1
USR-00147,CAT-006,Kitchen appliances,Home,6,3,3
USR-00147,CAT-007,Cleaning,Home,6,3,3
USR-00147,CAT-009,Lighting,Home,5,4,1
USR-00148,CAT-011,Clothing,Style,4,4,0
USR-00148,CAT-012,Shoes,Style,14,11,3
USR-00148,CAT-014,Accessories,Style,13,11,2
USR-00148,CAT-015,Jewelry,Style,7,6,1
USR-00148,CAT-018,Supplements,Wellness,9,9,0
USR-00148,CAT-019,Fitness,Wellness,5,4,1
USR-00148,CAT-020,Personal care,Wellness,8,8,0
USR-00149,CAT-006,Kitchen appliances,Home,7,7,0
USR-00149,CAT-009,Lighting,Home,6,3,3
USR-00149,CAT-010,Bedding,Home,12,5,7
USR-00149,CAT-012,Shoes,Style,5,5,0
USR-00149,CAT-013,Bags,Style,7,6,1
USR-00149,CAT-014,Accessories,Style,9,7,2
USR-00149,CAT-015,Jewelry,Style,20,17,3
USR-00150,CAT-002,Laptops,Digital,8,7,1
USR-00150,CAT-004,Monitors,Digital,8,6,2
USR-00150,CAT-005,Storage,Digital,17,12,5
USR-00150,CAT-017,Haircare,Wellness,9,7,2
USR-00150,CAT-018,Supplements,Wellness,9,7,2
USR-00150,CAT-019,Fitness,Wellness,4,4,0
USR-00151,CAT-021,Toys,Family,6,5,1
USR-00151,CAT-022,Baby care,Family,8,7,1
USR-00151,CAT-023,Books,Family,8,7,1
USR-00151,CAT-024,Stationery,Family,10,9,1
USR-00151,CAT-025,Board games,Family,9,7,2
USR-00152,CAT-021,Toys,Family,7,6,1
USR-00152,CAT-022,Baby care,Family,8,7,1
USR-00152,CAT-023,Books,Family,9,7,2
USR-00152,CAT-027,Camping,Outdoor,12,11,1
USR-00152,CAT-028,Garden,Outdoor,9,8,1
USR-00152,CAT-029,Automotive,Outdoor,11,9,2
USR-00152,CAT-030,Sports,Outdoor,8,8,0
USR-00153,CAT-001,Smartphones,Digital,7,7,0
USR-00153,CAT-003,Headphones,Digital,11,9,2
USR-00153,CAT-004,Monitors,Digital,11,9,2
USR-00153,CAT-005,Storage,Digital,9,9,0
USR-00153,CAT-010,Bedding,Home,2,2,0
USR-00153,CAT-022,Baby care,Family,4,3,1
USR-00154,CAT-015,Jewelry,Style,2,1,1
USR-00154,CAT-016,Skincare,Wellness,11,9,2
USR-00154,CAT-017,Haircare,Wellness,9,5,4
USR-00154,CAT-018,Supplements,Wellness,5,5,0
USR-00154,CAT-019,Fitness,Wellness,12,10,2
USR-00154,CAT-020,Personal care,Wellness,12,10,2
USR-00155,CAT-001,Smartphones,Digital,10,7,3
USR-00155,CAT-002,Laptops,Digital,9,6,3
USR-00155,CAT-003,Headphones,Digital,3,3,0
USR-00155,CAT-004,Monitors,Digital,7,6,1
USR-00155,CAT-005,Storage,Digital,6,5,1
USR-00155,CAT-028,Garden,Outdoor,7,7,0
USR-00155,CAT-029,Automotive,Outdoor,9,9,0
USR-00155,CAT-030,Sports,Outdoor,5,3,2
USR-00156,CAT-008,Coffee,Home,1,1,0
USR-00156,CAT-017,Haircare,Wellness,11,10,1
USR-00156,CAT-019,Fitness,Wellness,4,3,1
USR-00156,CAT-020,Personal care,Wellness,10,10,0
USR-00157,CAT-006,Kitchen appliances,Home,14,12,2
USR-00157,CAT-007,Cleaning,Home,12,9,3
USR-00157,CAT-008,Coffee,Home,11,8,3
USR-00157,CAT-009,Lighting,Home,10,8,2
USR-00157,CAT-016,Skincare,Wellness,1,1,0
USR-00158,CAT-008,Coffee,Home,3,1,2
USR-00158,CAT-016,Skincare,Wellness,6,4,2
USR-00158,CAT-019,Fitness,Wellness,7,7,0
USR-00158,CAT-020,Personal care,Wellness,10,9,1
USR-00159,CAT-021,Toys,Family,8,5,3
USR-00159,CAT-023,Books,Family,7,7,0
USR-00159,CAT-024,Stationery,Family,11,8,3
USR-00159,CAT-025,Board games,Family,14,9,5
USR-00160,CAT-022,Baby care,Family,7,5,2
USR-00160,CAT-024,Stationery,Family,13,8,5
USR-00160,CAT-025,Board games,Family,5,5,0
USR-00160,CAT-028,Garden,Outdoor,2,2,0
USR-00161,CAT-001,Smartphones,Digital,4,4,0
USR-00161,CAT-002,Laptops,Digital,7,5,2
USR-00161,CAT-004,Monitors,Digital,7,5,2
USR-00161,CAT-005,Storage,Digital,14,14,0
USR-00161,CAT-006,Kitchen appliances,Home,11,8,3
USR-00161,CAT-008,Coffee,Home,5,4,1
USR-00161,CAT-010,Bedding,Home,9,7,2
USR-00162,CAT-008,Coffee,Home,2,2,0
USR-00162,CAT-026,Cycling,Outdoor,9,8,1
USR-00162,CAT-027,Camping,Outdoor,9,6,3
USR-00162,CAT-030,Sports,Outdoor,11,10,1
USR-00163,CAT-003,Headphones,Digital,3,3,0
USR-00163,CAT-008,Coffee,Home,8,8,0
USR-00163,CAT-009,Lighting,Home,8,7,1
USR-00163,CAT-010,Bedding,Home,10,8,2
USR-00164,CAT-001,Smartphones,Digital,9,9,0
USR-00164,CAT-002,Laptops,Digital,10,7,3
USR-00164,CAT-004,Monitors,Digital,9,6,3
USR-00164,CAT-016,Skincare,Wellness,1,1,0
USR-00165,CAT-016,Skincare,Wellness,8,5,3
USR-00165,CAT-018,Supplements,Wellness,6,5,1
USR-00165,CAT-019,Fitness,Wellness,7,7,0
USR-00165,CAT-020,Personal care,Wellness,9,8,1
USR-00166,CAT-006,Kitchen appliances,Home,15,11,4
USR-00166,CAT-007,Cleaning,Home,7,6,1
USR-00166,CAT-008,Coffee,Home,11,8,3
USR-00166,CAT-009,Lighting,Home,8,8,0
USR-00166,CAT-010,Bedding,Home,4,2,2
USR-00166,CAT-011,Clothing,Style,8,6,2
USR-00166,CAT-013,Bags,Style,5,3,2
USR-00166,CAT-014,Accessories,Style,5,3,2
USR-00167,CAT-016,Skincare,Wellness,10,8,2
USR-00167,CAT-017,Haircare,Wellness,7,6,1
USR-00167,CAT-019,Fitness,Wellness,6,6,0
USR-00167,CAT-021,Toys,Family,14,13,1
USR-00167,CAT-022,Baby care,Family,13,10,3
USR-00167,CAT-023,Books,Family,6,5,1
USR-00167,CAT-024,Stationery,Family,16,14,2
USR-00167,CAT-025,Board games,Family,8,7,1
USR-00168,CAT-006,Kitchen appliances,Home,7,5,2
USR-00168,CAT-008,Coffee,Home,5,3,2
USR-00168,CAT-010,Bedding,Home,8,6,2
USR-00168,CAT-021,Toys,Family,7,5,2
USR-00168,CAT-022,Baby care,Family,7,4,3
USR-00168,CAT-023,Books,Family,8,8,0
USR-00168,CAT-024,Stationery,Family,5,4,1
USR-00168,CAT-025,Board games,Family,9,6,3
USR-00169,CAT-008,Coffee,Home,11,7,4
USR-00169,CAT-009,Lighting,Home,11,9,2
USR-00169,CAT-010,Bedding,Home,9,8,1
USR-00169,CAT-012,Shoes,Style,1,1,0
USR-00170,CAT-017,Haircare,Wellness,9,7,2
USR-00170,CAT-018,Supplements,Wellness,6,3,3
USR-00170,CAT-019,Fitness,Wellness,11,10,1
USR-00170,CAT-026,Cycling,Outdoor,9,9,0
USR-00170,CAT-027,Camping,Outdoor,9,7,2
USR-00170,CAT-028,Garden,Outdoor,10,6,4
USR-00170,CAT-029,Automotive,Outdoor,7,3,4
USR-00171,CAT-003,Headphones,Digital,2,2,0
USR-00171,CAT-006,Kitchen appliances,Home,12,12,0
USR-00171,CAT-007,Cleaning,Home,10,8,2
USR-00171,CAT-009,Lighting,Home,10,8,2
USR-00172,CAT-006,Kitchen appliances,Home,6,5,1
USR-00172,CAT-007,Cleaning,Home,10,10,0
USR-00172,CAT-009,Lighting,Home,9,7,2
USR-00172,CAT-011,Clothing,Style,13,11,2
USR-00172,CAT-012,Shoes,Style,9,7,2
USR-00172,CAT-013,Bags,Style,7,7,0
USR-00172,CAT-014,Accessories,Style,11,8,3
USR-00172,CAT-015,Jewelry,Style,9,7,2
USR-00173,CAT-006,Kitchen appliances,Home,10,7,3
USR-00173,CAT-007,Cleaning,Home,9,6,3
USR-00173,CAT-008,Coffee,Home,8,7,1
USR-00173,CAT-009,Lighting,Home,7,6,1
USR-00173,CAT-010,Bedding,Home,10,6,4
USR-00173,CAT-012,Shoes,Style,5,4,1
USR-00174,CAT-006,Kitchen appliances,Home,9,9,0
USR-00174,CAT-007,Cleaning,Home,11,9,2
USR-00174,CAT-008,Coffee,Home,7,5,2
USR-00174,CAT-026,Cycling,Outdoor,9,7,2
USR-00174,CAT-027,Camping,Outdoor,9,6,3
USR-00174,CAT-028,Garden,Outdoor,7,6,1
USR-00174,CAT-029,Automotive,Outdoor,14,10,4
USR-00174,CAT-030,Sports,Outdoor,7,5,2
USR-00175,CAT-001,Smartphones,Digital,10,8,2
USR-00175,CAT-002,Laptops,Digital,10,9,1
USR-00175,CAT-004,Monitors,Digital,11,9,2
USR-00175,CAT-005,Storage,Digital,12,10,2
USR-00175,CAT-010,Bedding,Home,1,1,0
USR-00176,CAT-001,Smartphones,Digital,5,4,1
USR-00176,CAT-002,Laptops,Digital,9,6,3
USR-00176,CAT-003,Headphones,Digital,11,10,1
USR-00176,CAT-005,Storage,Digital,9,5,4
USR-00176,CAT-007,Cleaning,Home,4,4,0
USR-00176,CAT-026,Cycling,Outdoor,1,1,0
USR-00177,CAT-010,Bedding,Home,4,3,1
USR-00177,CAT-011,Clothing,Style,9,7,2
USR-00177,CAT-013,Bags,Style,11,10,1
USR-00177,CAT-014,Accessories,Style,13,10,3
USR-00177,CAT-015,Jewelry,Style,8,6,2
USR-00178,CAT-005,Storage,Digital,2,2,0
USR-00178,CAT-026,Cycling,Outdoor,9,6,3
USR-00178,CAT-027,Camping,Outdoor,10,7,3
USR-00178,CAT-028,Garden,Outdoor,10,6,4
USR-00178,CAT-030,Sports,Outdoor,15,13,2
USR-00179,CAT-010,Bedding,Home,4,2,2
USR-00179,CAT-027,Camping,Outdoor,11,9,2
USR-00179,CAT-029,Automotive,Outdoor,9,8,1
USR-00179,CAT-030,Sports,Outdoor,11,10,1
USR-00180,CAT-021,Toys,Family,11,11,0
USR-00180,CAT-022,Baby care,Family,8,5,3
USR-00180,CAT-023,Books,Family,14,9,5
USR-00180,CAT-024,Stationery,Family,9,8,1
USR-00180,CAT-025,Board games,Family,5,3,2
USR-00180,CAT-027,Camping,Outdoor,5,4,1
USR-00180,CAT-028,Garden,Outdoor,8,6,2
USR-00180,CAT-029,Automotive,Outdoor,6,5,1
USR-00181,CAT-003,Headphones,Digital,4,3,1
USR-00181,CAT-026,Cycling,Outdoor,9,8,1
USR-00181,CAT-027,Camping,Outdoor,4,3,1
USR-00181,CAT-029,Automotive,Outdoor,8,8,0
USR-00181,CAT-030,Sports,Outdoor,11,9,2
USR-00182,CAT-007,Cleaning,Home,1,1,0
USR-00182,CAT-026,Cycling,Outdoor,13,8,5
USR-00182,CAT-027,Camping,Outdoor,10,7,3
USR-00182,CAT-028,Garden,Outdoor,11,9,2
USR-00182,CAT-029,Automotive,Outdoor,6,5,1
USR-00182,CAT-030,Sports,Outdoor,5,1,4
USR-00183,CAT-011,Clothing,Style,11,11,0
USR-00183,CAT-012,Shoes,Style,9,8,1
USR-00183,CAT-013,Bags,Style,14,9,5
USR-00183,CAT-014,Accessories,Style,12,8,4
USR-00183,CAT-015,Jewelry,Style,9,8,1
USR-00184,CAT-008,Coffee,Home,9,7,2
USR-00184,CAT-009,Lighting,Home,7,5,2
USR-00184,CAT-010,Bedding,Home,3,2,1
USR-00185,CAT-002,Laptops,Digital,3,3,0
USR-00185,CAT-021,Toys,Family,12,11,1
USR-00185,CAT-022,Baby care,Family,12,9,3
USR-00185,CAT-023,Books,Family,6,5,1
USR-00185,CAT-025,Board games,Family,6,6,0
USR-00186,CAT-002,Laptops,Digital,8,6,2
USR-00186,CAT-003,Headphones,Digital,6,6,0
USR-00186,CAT-005,Storage,Digital,8,7,1
USR-00186,CAT-016,Skincare,Wellness,14,13,1
USR-00186,CAT-019,Fitness,Wellness,9,6,3
USR-00186,CAT-020,Personal care,Wellness,9,8,1
USR-00187,CAT-001,Smartphones,Digital,8,7,1
USR-00187,CAT-002,Laptops,Digital,9,8,1
USR-00187,CAT-005,Storage,Digital,11,9,2
USR-00187,CAT-007,Cleaning,Home,7,7,0
USR-00187,CAT-008,Coffee,Home,5,4,1
USR-00187,CAT-009,Lighting,Home,10,8,2
USR-00187,CAT-010,Bedding,Home,3,2,1
USR-00188,CAT-003,Headphones,Digital,8,4,4
USR-00188,CAT-004,Monitors,Digital,6,4,2
USR-00188,CAT-005,Storage,Digital,6,5,1
USR-00188,CAT-019,Fitness,Wellness,2,1,1
USR-00189,CAT-021,Toys,Family,8,8,0
USR-00189,CAT-022,Baby care,Family,9,8,1
USR-00189,CAT-023,Books,Family,9,5,4
USR-00189,CAT-027,Camping,Outdoor,9,8,1
USR-00189,CAT-028,Garden,Outdoor,7,6,1
USR-00189,CAT-029,Automotive,Outdoor,8,8,0
USR-00190,CAT-006,Kitchen appliances,Home,6,6,0
USR-00190,CAT-008,Coffee,Home,10,9,1
USR-00190,CAT-009,Lighting,Home,8,5,3
USR-00190,CAT-010,Bedding,Home,7,5,2
USR-00191,CAT-006,Kitchen appliances,Home,7,3,4
USR-00191,CAT-027,Camping,Outdoor,8,7,1
USR-00191,CAT-028,Garden,Outdoor,7,4,3
USR-00191,CAT-029,Automotive,Outdoor,8,7,1
USR-00191,CAT-030,Sports,Outdoor,5,5,0
USR-00192,CAT-007,Cleaning,Home,8,6,2
USR-00192,CAT-009,Lighting,Home,9,7,2
USR-00192,CAT-010,Bedding,Home,5,2,3
USR-00193,CAT-001,Smartphones,Digital,7,6,1
USR-00193,CAT-002,Laptops,Digital,8,8,0
USR-00193,CAT-003,Headphones,Digital,14,13,1
USR-00193,CAT-005,Storage,Digital,7,7,0
USR-00193,CAT-021,Toys,Family,1,1,0
USR-00194,CAT-016,Skincare,Wellness,5,4,1
USR-00194,CAT-017,Haircare,Wellness,11,7,4
USR-00194,CAT-019,Fitness,Wellness,7,5,2
USR-00194,CAT-023,Books,Family,12,10,2
USR-00194,CAT-024,Stationery,Family,11,8,3
USR-00194,CAT-025,Board games,Family,10,9,1
USR-00195,CAT-002,Laptops,Digital,5,4,1
USR-00195,CAT-004,Monitors,Digital,10,10,0
USR-00195,CAT-005,Storage,Digital,8,7,1
USR-00195,CAT-006,Kitchen appliances,Home,4,3,1
USR-00195,CAT-016,Skincare,Wellness,1,1,0
USR-00196,CAT-001,Smartphones,Digital,11,8,3
USR-00196,CAT-002,Laptops,Digital,7,5,2
USR-00196,CAT-003,Headphones,Digital,9,5,4
USR-00196,CAT-004,Monitors,Digital,7,4,3
USR-00197,CAT-017,Haircare,Wellness,4,4,0
USR-00197,CAT-018,Supplements,Wellness,3,3,0
USR-00197,CAT-019,Fitness,Wellness,13,12,1
USR-00197,CAT-020,Personal care,Wellness,8,5,3
USR-00197,CAT-027,Camping,Outdoor,2,1,1
USR-00198,CAT-001,Smartphones,Digital,3,3,0
USR-00198,CAT-002,Laptops,Digital,6,5,1
USR-00198,CAT-004,Monitors,Digital,7,5,2
USR-00198,CAT-026,Cycling,Outdoor,3,3,0
USR-00198,CAT-027,Camping,Outdoor,11,11,0
USR-00198,CAT-029,Automotive,Outdoor,7,7,0
USR-00199,CAT-001,Smartphones,Digital,12,10,2
USR-00199,CAT-002,Laptops,Digital,11,9,2
USR-00199,CAT-003,Headphones,Digital,6,5,1
USR-00199,CAT-004,Monitors,Digital,11,7,4
USR-00199,CAT-005,Storage,Digital,9,9,0
USR-00199,CAT-030,Sports,Outdoor,4,4,0
USR-00200,CAT-007,Cleaning,Home,6,4,2
USR-00200,CAT-008,Coffee,Home,3,2,1
USR-00200,CAT-009,Lighting,Home,13,10,3
USR-00200,CAT-010,Bedding,Home,8,6,2
USR-00201,CAT-012,Shoes,Style,4,4,0
USR-00201,CAT-021,Toys,Family,9,5,4
USR-00201,CAT-022,Baby care,Family,15,11,4
USR-00201,CAT-023,Books,Family,9,9,0
USR-00201,CAT-024,Stationery,Family,4,1,3
USR-00202,CAT-022,Baby care,Family,6,5,1
USR-00202,CAT-023,Books,Family,7,5,2
USR-00202,CAT-024,Stationery,Family,5,4,1
USR-00202,CAT-026,Cycling,Outdoor,11,10,1
USR-00202,CAT-027,Camping,Outdoor,9,8,1
USR-00202,CAT-028,Garden,Outdoor,5,4,1
USR-00202,CAT-029,Automotive,Outdoor,9,7,2
USR-00202,CAT-030,Sports,Outdoor,7,5,2
USR-00203,CAT-001,Smartphones,Digital,4,3,1
USR-00203,CAT-013,Bags,Style,7,5,2
USR-00203,CAT-014,Accessories,Style,6,5,1
USR-00203,CAT-015,Jewelry,Style,10,9,1
USR-00204,CAT-001,Smartphones,Digital,7,6,1
USR-00204,CAT-002,Laptops,Digital,8,5,3
USR-00204,CAT-003,Headphones,Digital,15,13,2
USR-00204,CAT-004,Monitors,Digital,9,9,0
USR-00204,CAT-005,Storage,Digital,8,6,2
USR-00204,CAT-022,Baby care,Family,5,2,3
USR-00204,CAT-026,Cycling,Outdoor,6,3,3
USR-00205,CAT-001,Smartphones,Digital,11,7,4
USR-00205,CAT-003,Headphones,Digital,11,11,0
USR-00205,CAT-004,Monitors,Digital,11,10,1
USR-00205,CAT-005,Storage,Digital,11,8,3
USR-00205,CAT-007,Cleaning,Home,5,2,3
USR-00206,CAT-006,Kitchen appliances,Home,9,8,1
USR-00206,CAT-007,Cleaning,Home,14,12,2
USR-00206,CAT-008,Coffee,Home,9,7,2
USR-00206,CAT-009,Lighting,Home,10,6,4
USR-00206,CAT-010,Bedding,Home,12,8,4
USR-00206,CAT-017,Haircare,Wellness,1,1,0
USR-00207,CAT-001,Smartphones,Digital,6,5,1
USR-00207,CAT-002,Laptops,Digital,11,9,2
USR-00207,CAT-003,Headphones,Digital,15,12,3
USR-00207,CAT-004,Monitors,Digital,10,7,3
USR-00207,CAT-005,Storage,Digital,11,9,2
USR-00207,CAT-020,Personal care,Wellness,3,2,1
USR-00207,CAT-022,Baby care,Family,1,1,0
USR-00208,CAT-008,Coffee,Home,3,3,0
USR-00208,CAT-016,Skincare,Wellness,5,4,1
USR-00208,CAT-017,Haircare,Wellness,13,12,1
USR-00208,CAT-018,Supplements,Wellness,7,6,1
USR-00208,CAT-019,Fitness,Wellness,12,8,4
USR-00209,CAT-002,Laptops,Digital,9,6,3
USR-00209,CAT-004,Monitors,Digital,13,9,4
USR-00209,CAT-005,Storage,Digital,7,7,0
USR-00209,CAT-022,Baby care,Family,7,5,2
USR-00209,CAT-024,Stationery,Family,8,6,2
USR-00209,CAT-025,Board games,Family,5,5,0
USR-00210,CAT-011,Clothing,Style,9,7,2
USR-00210,CAT-012,Shoes,Style,8,5,3
USR-00210,CAT-014,Accessories,Style,8,7,1
USR-00210,CAT-015,Jewelry,Style,8,6,2
USR-00211,CAT-014,Accessories,Style,1,1,0
USR-00211,CAT-016,Skincare,Wellness,7,7,0
USR-00211,CAT-017,Haircare,Wellness,10,8,2
USR-00211,CAT-019,Fitness,Wellness,11,7,4
USR-00211,CAT-020,Personal care,Wellness,12,10,2
USR-00212,CAT-016,Skincare,Wellness,10,4,6
USR-00212,CAT-019,Fitness,Wellness,11,7,4
USR-00212,CAT-020,Personal care,Wellness,9,7,2
USR-00213,CAT-001,Smartphones,Digital,11,10,1
USR-00213,CAT-002,Laptops,Digital,13,12,1
USR-00213,CAT-003,Headphones,Digital,16,11,5
USR-00213,CAT-004,Monitors,Digital,13,11,2
USR-00213,CAT-005,Storage,Digital,10,10,0
USR-00213,CAT-016,Skincare,Wellness,11,8,3
USR-00213,CAT-019,Fitness,Wellness,7,7,0
USR-00213,CAT-020,Personal care,Wellness,5,5,0
USR-00214,CAT-007,Cleaning,Home,5,4,1
USR-00214,CAT-021,Toys,Family,15,12,3
USR-00214,CAT-023,Books,Family,12,9,3
USR-00214,CAT-024,Stationery,Family,12,9,3
USR-00215,CAT-005,Storage,Digital,2,2,0
USR-00215,CAT-021,Toys,Family,10,9,1
USR-00215,CAT-022,Baby care,Family,9,6,3
USR-00215,CAT-023,Books,Family,10,6,4
USR-00215,CAT-024,Stationery,Family,13,8,5
USR-00216,CAT-005,Storage,Digital,5,5,0
USR-00216,CAT-021,Toys,Family,11,8,3
USR-00216,CAT-022,Baby care,Family,11,9,2
USR-00216,CAT-023,Books,Family,8,6,2
USR-00216,CAT-024,Stationery,Family,7,4,3
USR-00217,CAT-001,Smartphones,Digital,6,5,1
USR-00217,CAT-002,Laptops,Digital,11,7,4
USR-00217,CAT-003,Headphones,Digital,11,8,3
USR-00217,CAT-004,Monitors,Digital,6,4,2
USR-00217,CAT-005,Storage,Digital,5,4,1
USR-00217,CAT-013,Bags,Style,6,3,3
USR-00217,CAT-014,Accessories,Style,4,4,0
USR-00217,CAT-015,Jewelry,Style,9,7,2
USR-00218,CAT-002,Laptops,Digital,9,7,2
USR-00218,CAT-003,Headphones,Digital,4,4,0
USR-00218,CAT-005,Storage,Digital,7,7,0
USR-00218,CAT-007,Cleaning,Home,2,1,1
USR-00218,CAT-015,Jewelry,Style,3,1,2
USR-00219,CAT-006,Kitchen appliances,Home,8,7,1
USR-00219,CAT-009,Lighting,Home,4,3,1
USR-00219,CAT-010,Bedding,Home,7,5,2
USR-00219,CAT-027,Camping,Outdoor,9,7,2
USR-00219,CAT-029,Automotive,Outdoor,9,7,2
USR-00219,CAT-030,Sports,Outdoor,10,10,0
USR-00220,CAT-002,Laptops,Digital,1,1,0
USR-00220,CAT-011,Clothing,Style,7,3,4
USR-00220,CAT-012,Shoes,Style,6,5,1
USR-00220,CAT-015,Jewelry,Style,6,6,0
USR-00221,CAT-002,Laptops,Digital,2,2,0
USR-00221,CAT-006,Kitchen appliances,Home,12,12,0
USR-00221,CAT-008,Coffee,Home,7,5,2
USR-00221,CAT-010,Bedding,Home,13,12,1
USR-00222,CAT-011,Clothing,Style,6,5,1
USR-00222,CAT-014,Accessories,Style,9,7,2
USR-00222,CAT-015,Jewelry,Style,8,6,2
USR-00222,CAT-028,Garden,Outdoor,3,2,1
USR-00223,CAT-016,Skincare,Wellness,12,11,1
USR-00223,CAT-018,Supplements,Wellness,6,5,1
USR-00223,CAT-019,Fitness,Wellness,10,7,3
USR-00223,CAT-020,Personal care,Wellness,7,5,2
USR-00223,CAT-027,Camping,Outdoor,8,7,1
USR-00223,CAT-029,Automotive,Outdoor,5,5,0
USR-00223,CAT-030,Sports,Outdoor,9,4,5
USR-00224,CAT-017,Haircare,Wellness,1,1,0
USR-00224,CAT-028,Garden,Outdoor,10,9,1
USR-00224,CAT-029,Automotive,Outdoor,7,5,2
USR-00224,CAT-030,Sports,Outdoor,8,7,1
USR-00225,CAT-006,Kitchen appliances,Home,9,7,2
USR-00225,CAT-007,Cleaning,Home,7,3,4
USR-00225,CAT-009,Lighting,Home,4,4,0
USR-00225,CAT-010,Bedding,Home,5,4,1
USR-00225,CAT-013,Bags,Style,4,3,1
USR-00226,CAT-008,Coffee,Home,4,3,1
USR-00226,CAT-010,Bedding,Home,4,4,0
USR-00226,CAT-026,Cycling,Outdoor,8,8,0
USR-00226,CAT-027,Camping,Outdoor,3,3,0
USR-00226,CAT-028,Garden,Outdoor,10,7,3
USR-00226,CAT-029,Automotive,Outdoor,4,3,1
USR-00226,CAT-030,Sports,Outdoor,5,3,2
USR-00227,CAT-001,Smartphones,Digital,9,8,1
USR-00227,CAT-002,Laptops,Digital,9,7,2
USR-00227,CAT-003,Headphones,Digital,6,4,2
USR-00227,CAT-005,Storage,Digital,6,5,1
USR-00227,CAT-027,Camping,Outdoor,2,1,1
USR-00228,CAT-017,Haircare,Wellness,12,12,0
USR-00228,CAT-018,Supplements,Wellness,12,11,1
USR-00228,CAT-019,Fitness,Wellness,9,6,3
USR-00228,CAT-020,Personal care,Wellness,12,8,4
USR-00228,CAT-025,Board games,Family,2,2,0
USR-00229,CAT-016,Skincare,Wellness,8,7,1
USR-00229,CAT-017,Haircare,Wellness,10,6,4
USR-00229,CAT-018,Supplements,Wellness,8,6,2
USR-00229,CAT-019,Fitness,Wellness,3,3,0
USR-00229,CAT-020,Personal care,Wellness,7,5,2
USR-00229,CAT-028,Garden,Outdoor,5,5,0
USR-00230,CAT-001,Smartphones,Digital,10,9,1
USR-00230,CAT-004,Monitors,Digital,10,8,2
USR-00230,CAT-005,Storage,Digital,10,8,2
USR-00230,CAT-015,Jewelry,Style,3,2,1
USR-00230,CAT-017,Haircare,Wellness,5,3,2
USR-00231,CAT-001,Smartphones,Digital,12,9,3
USR-00231,CAT-002,Laptops,Digital,7,7,0
USR-00231,CAT-003,Headphones,Digital,7,4,3
USR-00231,CAT-005,Storage,Digital,12,10,2
USR-00231,CAT-026,Cycling,Outdoor,5,2,3
USR-00232,CAT-011,Clothing,Style,14,12,2
USR-00232,CAT-012,Shoes,Style,11,10,1
USR-00232,CAT-013,Bags,Style,9,9,0
USR-00232,CAT-015,Jewelry,Style,8,4,4
USR-00233,CAT-026,Cycling,Outdoor,8,7,1
USR-00233,CAT-027,Camping,Outdoor,9,4,5
USR-00233,CAT-029,Automotive,Outdoor,11,11,0
USR-00233,CAT-030,Sports,Outdoor,3,3,0
USR-00234,CAT-008,Coffee,Home,5,4,1
USR-00234,CAT-016,Skincare,Wellness,6,5,1
USR-00234,CAT-017,Haircare,Wellness,17,15,2
USR-00234,CAT-019,Fitness,Wellness,10,8,2
USR-00234,CAT-020,Personal care,Wellness,9,8,1
USR-00235,CAT-021,Toys,Family,5,5,0
USR-00235,CAT-022,Baby care,Family,10,8,2
USR-00235,CAT-025,Board games,Family,4,4,0
USR-00235,CAT-026,Cycling,Outdoor,5,5,0
USR-00235,CAT-027,Camping,Outdoor,7,6,1
USR-00235,CAT-028,Garden,Outdoor,13,12,1
USR-00235,CAT-029,Automotive,Outdoor,5,3,2
USR-00236,CAT-021,Toys,Family,17,15,2
USR-00236,CAT-022,Baby care,Family,10,5,5
USR-00236,CAT-023,Books,Family,14,10,4
USR-00236,CAT-024,Stationery,Family,9,8,1
USR-00236,CAT-025,Board games,Family,13,7,6
USR-00236,CAT-027,Camping,Outdoor,6,4,2
USR-00236,CAT-028,Garden,Outdoor,7,7,0
USR-00236,CAT-030,Sports,Outdoor,5,3,2
USR-00237,CAT-012,Shoes,Style,11,8,3
USR-00237,CAT-013,Bags,Style,9,6,3
USR-00237,CAT-014,Accessories,Style,6,3,3
USR-00237,CAT-028,Garden,Outdoor,2,2,0
USR-00238,CAT-016,Skincare,Wellness,8,7,1
USR-00238,CAT-018,Supplements,Wellness,7,6,1
USR-00238,CAT-019,Fitness,Wellness,8,6,2
USR-00238,CAT-021,Toys,Family,8,5,3
USR-00238,CAT-022,Baby care,Family,8,8,0
USR-00238,CAT-024,Stationery,Family,10,6,4
USR-00238,CAT-025,Board games,Family,8,7,1
USR-00239,CAT-001,Smartphones,Digital,9,6,3
USR-00239,CAT-002,Laptops,Digital,8,3,5
USR-00239,CAT-003,Headphones,Digital,11,7,4
USR-00239,CAT-027,Camping,Outdoor,8,4,4
USR-00239,CAT-029,Automotive,Outdoor,6,5,1
USR-00239,CAT-030,Sports,Outdoor,4,3,1
USR-00240,CAT-001,Smartphones,Digital,7,4,3
USR-00240,CAT-002,Laptops,Digital,11,8,3
USR-00240,CAT-003,Headphones,Digital,13,11,2
USR-00240,CAT-004,Monitors,Digital,7,6,1
USR-00240,CAT-005,Storage,Digital,9,6,3
USR-00241,CAT-001,Smartphones,Digital,11,8,3
USR-00241,CAT-002,Laptops,Digital,6,6,0
USR-00241,CAT-005,Storage,Digital,7,5,2
USR-00241,CAT-021,Toys,Family,8,6,2
USR-00241,CAT-022,Baby care,Family,12,11,1
USR-00241,CAT-024,Stationery,Family,6,6,0
USR-00241,CAT-025,Board games,Family,6,5,1
USR-00242,CAT-019,Fitness,Wellness,1,1,0
USR-00242,CAT-021,Toys,Family,12,7,5
USR-00242,CAT-024,Stationery,Family,5,4,1
USR-00242,CAT-025,Board games,Family,14,12,2
USR-00243,CAT-006,Kitchen appliances,Home,8,8,0
USR-00243,CAT-007,Cleaning,Home,13,10,3
USR-00243,CAT-008,Coffee,Home,9,7,2
USR-00243,CAT-009,Lighting,Home,6,6,0
USR-00243,CAT-010,Bedding,Home,8,8,0
USR-00243,CAT-022,Baby care,Family,9,8,1
USR-00243,CAT-023,Books,Family,8,6,2
USR-00243,CAT-024,Stationery,Family,9,7,2
USR-00244,CAT-012,Shoes,Style,9,7,2
USR-00244,CAT-013,Bags,Style,7,6,1
USR-00244,CAT-014,Accessories,Style,11,9,2
USR-00244,CAT-015,Jewelry,Style,9,7,2
USR-00244,CAT-016,Skincare,Wellness,4,3,1
USR-00244,CAT-017,Haircare,Wellness,10,8,2
USR-00244,CAT-019,Fitness,Wellness,3,3,0
USR-00245,CAT-007,Cleaning,Home,7,6,1
USR-00245,CAT-017,Haircare,Wellness,11,10,1
USR-00245,CAT-019,Fitness,Wellness,6,3,3
USR-00245,CAT-020,Personal care,Wellness,12,8,4
USR-00246,CAT-005,Storage,Digital,1,1,0
USR-00246,CAT-026,Cycling,Outdoor,9,5,4
USR-00246,CAT-027,Camping,Outdoor,8,7,1
USR-00246,CAT-028,Garden,Outdoor,12,9,3
USR-00246,CAT-029,Automotive,Outdoor,12,9,3
USR-00246,CAT-030,Sports,Outdoor,5,4,1
USR-00247,CAT-017,Haircare,Wellness,2,2,0
USR-00247,CAT-018,Supplements,Wellness,10,8,2
USR-00247,CAT-019,Fitness,Wellness,11,10,1
USR-00247,CAT-020,Personal care,Wellness,9,9,0
USR-00247,CAT-021,Toys,Family,6,6,0
USR-00247,CAT-024,Stationery,Family,8,8,0
USR-00247,CAT-025,Board games,Family,7,6,1
USR-00248,CAT-008,Coffee,Home,4,2,2
USR-00248,CAT-011,Clothing,Style,5,5,0
USR-00248,CAT-013,Bags,Style,9,8,1
USR-00248,CAT-014,Accessories,Style,10,5,5
USR-00248,CAT-015,Jewelry,Style,7,4,3
USR-00249,CAT-006,Kitchen appliances,Home,10,9,1
USR-00249,CAT-007,Cleaning,Home,9,8,1
USR-00249,CAT-009,Lighting,Home,15,12,3
USR-00249,CAT-010,Bedding,Home,13,10,3
USR-00249,CAT-012,Shoes,Style,4,2,2
USR-00250,CAT-013,Bags,Style,9,8,1
USR-00250,CAT-014,Accessories,Style,14,11,3
USR-00250,CAT-015,Jewelry,Style,11,7,4
USR-00250,CAT-021,Toys,Family,8,7,1
USR-00250,CAT-023,Books,Family,5,4,1
USR-00250,CAT-024,Stationery,Family,6,6,0
USR-00251,CAT-011,Clothing,Style,7,7,0
USR-00251,CAT-013,Bags,Style,12,11,1
USR-00251,CAT-015,Jewelry,Style,7,5,2
USR-00251,CAT-016,Skincare,Wellness,8,7,1
USR-00251,CAT-018,Supplements,Wellness,8,6,2
USR-00251,CAT-020,Personal care,Wellness,8,7,1
USR-00252,CAT-021,Toys,Family,2,1,1
USR-00252,CAT-026,Cycling,Outdoor,5,4,1
USR-00252,CAT-027,Camping,Outdoor,9,6,3
USR-00252,CAT-028,Garden,Outdoor,9,7,2
USR-00252,CAT-030,Sports,Outdoor,12,7,5
USR-00253,CAT-006,Kitchen appliances,Home,3,2,1
USR-00253,CAT-011,Clothing,Style,5,5,0
USR-00253,CAT-012,Shoes,Style,8,7,1
USR-00253,CAT-014,Accessories,Style,9,6,3
USR-00254,CAT-007,Cleaning,Home,7,6,1
USR-00254,CAT-008,Coffee,Home,10,5,5
USR-00254,CAT-009,Lighting,Home,9,8,1
USR-00254,CAT-010,Bedding,Home,11,10,1
USR-00254,CAT-027,Camping,Outdoor,2,1,1
USR-00255,CAT-006,Kitchen appliances,Home,6,4,2
USR-00255,CAT-007,Cleaning,Home,8,8,0
USR-00255,CAT-008,Coffee,Home,11,10,1
USR-00255,CAT-009,Lighting,Home,6,6,0
USR-00255,CAT-010,Bedding,Home,11,10,1
USR-00255,CAT-011,Clothing,Style,5,4,1
USR-00255,CAT-013,Bags,Style,5,4,1
USR-00255,CAT-014,Accessories,Style,6,6,0
USR-00256,CAT-011,Clothing,Style,2,1,1
USR-00256,CAT-021,Toys,Family,6,2,4
USR-00256,CAT-022,Baby care,Family,10,9,1
USR-00256,CAT-023,Books,Family,11,7,4
USR-00256,CAT-024,Stationery,Family,13,12,1
USR-00257,CAT-002,Laptops,Digital,5,3,2
USR-00257,CAT-023,Books,Family,10,7,3
USR-00257,CAT-024,Stationery,Family,11,7,4
USR-00257,CAT-025,Board games,Family,12,10,2
USR-00258,CAT-001,Smartphones,Digital,13,12,1
USR-00258,CAT-002,Laptops,Digital,8,6,2
USR-00258,CAT-003,Headphones,Digital,11,7,4
USR-00258,CAT-004,Monitors,Digital,8,7,1
USR-00258,CAT-005,Storage,Digital,5,5,0
USR-00258,CAT-007,Cleaning,Home,2,2,0
USR-00258,CAT-020,Personal care,Wellness,3,2,1
USR-00259,CAT-001,Smartphones,Digital,5,4,1
USR-00259,CAT-003,Headphones,Digital,7,6,1
USR-00259,CAT-004,Monitors,Digital,13,11,2
USR-00259,CAT-005,Storage,Digital,5,5,0
USR-00259,CAT-016,Skincare,Wellness,10,9,1
USR-00259,CAT-018,Supplements,Wellness,7,6,1
USR-00259,CAT-020,Personal care,Wellness,5,4,1
USR-00260,CAT-013,Bags,Style,6,6,0
USR-00260,CAT-016,Skincare,Wellness,4,3,1
USR-00260,CAT-017,Haircare,Wellness,10,8,2
USR-00260,CAT-018,Supplements,Wellness,11,9,2
USR-00260,CAT-019,Fitness,Wellness,6,6,0
USR-00260,CAT-020,Personal care,Wellness,10,7,3
USR-00261,CAT-001,Smartphones,Digital,6,5,1
USR-00261,CAT-002,Laptops,Digital,9,8,1
USR-00261,CAT-004,Monitors,Digital,7,6,1
USR-00261,CAT-005,Storage,Digital,13,9,4
USR-00261,CAT-027,Camping,Outdoor,6,5,1
USR-00261,CAT-029,Automotive,Outdoor,6,3,3
USR-00261,CAT-030,Sports,Outdoor,3,3,0
USR-00262,CAT-002,Laptops,Digital,9,8,1
USR-00262,CAT-004,Monitors,Digital,4,3,1
USR-00262,CAT-005,Storage,Digital,8,5,3
USR-00262,CAT-021,Toys,Family,7,6,1
USR-00262,CAT-023,Books,Family,7,6,1
USR-00262,CAT-025,Board games,Family,9,7,2
USR-00263,CAT-007,Cleaning,Home,12,8,4
USR-00263,CAT-008,Coffee,Home,9,9,0
USR-00263,CAT-009,Lighting,Home,6,4,2
USR-00263,CAT-010,Bedding,Home,6,5,1
USR-00263,CAT-011,Clothing,Style,3,3,0
USR-00264,CAT-002,Laptops,Digital,13,12,1
USR-00264,CAT-003,Headphones,Digital,4,4,0
USR-00264,CAT-004,Monitors,Digital,7,4,3
USR-00264,CAT-007,Cleaning,Home,6,4,2
USR-00265,CAT-016,Skincare,Wellness,5,4,1
USR-00265,CAT-019,Fitness,Wellness,4,4,0
USR-00265,CAT-020,Personal care,Wellness,7,5,2
USR-00265,CAT-026,Cycling,Outdoor,6,5,1
USR-00265,CAT-027,Camping,Outdoor,8,6,2
USR-00265,CAT-028,Garden,Outdoor,9,6,3
USR-00265,CAT-029,Automotive,Outdoor,7,7,0
USR-00265,CAT-030,Sports,Outdoor,12,11,1
USR-00266,CAT-001,Smartphones,Digital,6,5,1
USR-00266,CAT-003,Headphones,Digital,8,5,3
USR-00266,CAT-004,Monitors,Digital,7,5,2
USR-00266,CAT-005,Storage,Digital,11,6,5
USR-00266,CAT-024,Stationery,Family,2,2,0
USR-00267,CAT-006,Kitchen appliances,Home,8,5,3
USR-00267,CAT-007,Cleaning,Home,9,7,2
USR-00267,CAT-008,Coffee,Home,13,10,3
USR-00267,CAT-009,Lighting,Home,7,4,3
USR-00267,CAT-010,Bedding,Home,9,7,2
USR-00267,CAT-024,Stationery,Family,2,2,0
USR-00267,CAT-026,Cycling,Outdoor,4,3,1
USR-00268,CAT-001,Smartphones,Digital,8,7,1
USR-00268,CAT-003,Headphones,Digital,9,7,2
USR-00268,CAT-005,Storage,Digital,7,3,4
USR-00268,CAT-011,Clothing,Style,5,4,1
USR-00268,CAT-012,Shoes,Style,9,8,1
USR-00268,CAT-015,Jewelry,Style,5,4,1
USR-00269,CAT-001,Smartphones,Digital,9,6,3
USR-00269,CAT-002,Laptops,Digital,8,5,3
USR-00269,CAT-003,Headphones,Digital,9,6,3
USR-00269,CAT-004,Monitors,Digital,11,9,2
USR-00269,CAT-005,Storage,Digital,9,3,6
USR-00269,CAT-011,Clothing,Style,10,8,2
USR-00269,CAT-013,Bags,Style,5,4,1
USR-00269,CAT-015,Jewelry,Style,7,7,0
USR-00270,CAT-001,Smartphones,Digital,14,13,1
USR-00270,CAT-004,Monitors,Digital,7,6,1
USR-00270,CAT-005,Storage,Digital,11,10,1
USR-00271,CAT-001,Smartphones,Digital,11,8,3
USR-00271,CAT-002,Laptops,Digital,12,11,1
USR-00271,CAT-003,Headphones,Digital,7,6,1
USR-00271,CAT-004,Monitors,Digital,8,7,1
USR-00271,CAT-005,Storage,Digital,6,4,2
USR-00272,CAT-001,Smartphones,Digital,9,7,2
USR-00272,CAT-002,Laptops,Digital,6,5,1
USR-00272,CAT-003,Headphones,Digital,9,8,1
USR-00272,CAT-004,Monitors,Digital,15,13,2
USR-00272,CAT-005,Storage,Digital,8,6,2
USR-00272,CAT-021,Toys,Family,4,3,1
USR-00272,CAT-024,Stationery,Family,3,3,0
USR-00272,CAT-025,Board games,Family,6,5,1
USR-00273,CAT-001,Smartphones,Digital,11,10,1
USR-00273,CAT-002,Laptops,Digital,7,6,1
USR-00273,CAT-003,Headphones,Digital,10,9,1
USR-00273,CAT-004,Monitors,Digital,8,6,2
USR-00273,CAT-005,Storage,Digital,9,6,3
USR-00274,CAT-016,Skincare,Wellness,11,6,5
USR-00274,CAT-017,Haircare,Wellness,10,7,3
USR-00274,CAT-019,Fitness,Wellness,12,10,2
USR-00274,CAT-020,Personal care,Wellness,11,10,1
USR-00274,CAT-028,Garden,Outdoor,4,3,1
USR-00275,CAT-008,Coffee,Home,2,2,0
USR-00275,CAT-016,Skincare,Wellness,7,7,0
USR-00275,CAT-017,Haircare,Wellness,15,13,2
USR-00275,CAT-018,Supplements,Wellness,6,5,1
USR-00275,CAT-019,Fitness,Wellness,6,5,1
USR-00275,CAT-020,Personal care,Wellness,6,5,1
USR-00276,CAT-012,Shoes,Style,9,8,1
USR-00276,CAT-013,Bags,Style,9,7,2
USR-00276,CAT-015,Jewelry,Style,12,11,1
USR-00276,CAT-023,Books,Family,3,2,1
USR-00276,CAT-024,Stationery,Family,1,1,0
USR-00277,CAT-006,Kitchen appliances,Home,8,7,1
USR-00277,CAT-007,Cleaning,Home,8,7,1
USR-00277,CAT-008,Coffee,Home,8,7,1
USR-00277,CAT-009,Lighting,Home,13,9,4
USR-00277,CAT-010,Bedding,Home,11,10,1
USR-00277,CAT-028,Garden,Outdoor,6,6,0
USR-00278,CAT-012,Shoes,Style,5,5,0
USR-00278,CAT-014,Accessories,Style,15,12,3
USR-00278,CAT-015,Jewelry,Style,14,9,5
USR-00278,CAT-020,Personal care,Wellness,6,5,1
USR-00279,CAT-006,Kitchen appliances,Home,11,9,2
USR-00279,CAT-007,Cleaning,Home,10,8,2
USR-00279,CAT-009,Lighting,Home,10,8,2
USR-00279,CAT-026,Cycling,Outdoor,8,7,1
USR-00279,CAT-027,Camping,Outdoor,12,11,1
USR-00279,CAT-028,Garden,Outdoor,6,5,1
USR-00279,CAT-029,Automotive,Outdoor,9,8,1
USR-00279,CAT-030,Sports,Outdoor,16,13,3
USR-00280,CAT-007,Cleaning,Home,7,6,1
USR-00280,CAT-008,Coffee,Home,9,8,1
USR-00280,CAT-009,Lighting,Home,8,8,0
USR-00280,CAT-021,Toys,Family,14,13,1
USR-00280,CAT-022,Baby care,Family,7,6,1
USR-00280,CAT-023,Books,Family,3,3,0
USR-00280,CAT-024,Stationery,Family,9,8,1
USR-00280,CAT-025,Board games,Family,8,8,0
USR-00281,CAT-002,Laptops,Digital,10,8,2
USR-00281,CAT-003,Headphones,Digital,14,11,3
USR-00281,CAT-004,Monitors,Digital,13,7,6
USR-00281,CAT-023,Books,Family,7,6,1
USR-00282,CAT-002,Laptops,Digital,8,6,2
USR-00282,CAT-003,Headphones,Digital,16,16,0
USR-00282,CAT-004,Monitors,Digital,11,8,3
USR-00282,CAT-005,Storage,Digital,12,11,1
USR-00282,CAT-011,Clothing,Style,2,1,1
USR-00282,CAT-019,Fitness,Wellness,5,5,0
USR-00283,CAT-001,Smartphones,Digital,2,2,0
USR-00283,CAT-006,Kitchen appliances,Home,8,7,1
USR-00283,CAT-007,Cleaning,Home,6,6,0
USR-00283,CAT-008,Coffee,Home,9,5,4
USR-00283,CAT-009,Lighting,Home,5,3,2
USR-00283,CAT-010,Bedding,Home,6,6,0
USR-00283,CAT-024,Stationery,Family,4,3,1
USR-00284,CAT-006,Kitchen appliances,Home,8,5,3
USR-00284,CAT-008,Coffee,Home,14,8,6
USR-00284,CAT-010,Bedding,Home,11,6,5
USR-00284,CAT-014,Accessories,Style,3,2,1
USR-00284,CAT-020,Personal care,Wellness,5,5,0
USR-00285,CAT-018,Supplements,Wellness,9,8,1
USR-00285,CAT-019,Fitness,Wellness,12,12,0
USR-00285,CAT-020,Personal care,Wellness,4,3,1
USR-00285,CAT-021,Toys,Family,5,3,2
USR-00285,CAT-024,Stationery,Family,8,5,3
USR-00285,CAT-025,Board games,Family,5,5,0
USR-00286,CAT-004,Monitors,Digital,4,3,1
USR-00286,CAT-013,Bags,Style,12,11,1
USR-00286,CAT-014,Accessories,Style,7,4,3
USR-00286,CAT-015,Jewelry,Style,10,5,5
USR-00286,CAT-018,Supplements,Wellness,1,1,0
USR-00287,CAT-001,Smartphones,Digital,11,7,4
USR-00287,CAT-002,Laptops,Digital,9,6,3
USR-00287,CAT-003,Headphones,Digital,9,9,0
USR-00287,CAT-004,Monitors,Digital,10,8,2
USR-00287,CAT-005,Storage,Digital,7,7,0
USR-00287,CAT-030,Sports,Outdoor,4,4,0
USR-00288,CAT-005,Storage,Digital,2,1,1
USR-00288,CAT-006,Kitchen appliances,Home,12,8,4
USR-00288,CAT-008,Coffee,Home,6,4,2
USR-00288,CAT-009,Lighting,Home,11,8,3
USR-00289,CAT-011,Clothing,Style,10,8,2
USR-00289,CAT-012,Shoes,Style,11,7,4
USR-00289,CAT-014,Accessories,Style,11,9,2
USR-00290,CAT-002,Laptops,Digital,8,6,2
USR-00290,CAT-003,Headphones,Digital,11,6,5
USR-00290,CAT-004,Monitors,Digital,6,5,1
USR-00290,CAT-005,Storage,Digital,12,9,3
USR-00290,CAT-030,Sports,Outdoor,1,1,0
USR-00291,CAT-011,Clothing,Style,6,5,1
USR-00291,CAT-021,Toys,Family,7,5,2
USR-00291,CAT-022,Baby care,Family,14,10,4
USR-00291,CAT-023,Books,Family,6,4,2
USR-00291,CAT-024,Stationery,Family,11,9,2
USR-00292,CAT-001,Smartphones,Digital,12,10,2
USR-00292,CAT-002,Laptops,Digital,7,5,2
USR-00292,CAT-003,Headphones,Digital,11,8,3
USR-00292,CAT-029,Automotive,Outdoor,3,3,0
USR-00293,CAT-015,Jewelry,Style,1,1,0
USR-00293,CAT-026,Cycling,Outdoor,6,5,1
USR-00293,CAT-027,Camping,Outdoor,14,11,3
USR-00293,CAT-028,Garden,Outdoor,10,7,3
USR-00293,CAT-029,Automotive,Outdoor,9,7,2
USR-00293,CAT-030,Sports,Outdoor,6,6,0
USR-00294,CAT-002,Laptops,Digital,11,10,1
USR-00294,CAT-003,Headphones,Digital,9,8,1
USR-00294,CAT-004,Monitors,Digital,5,5,0
USR-00294,CAT-005,Storage,Digital,10,8,2
USR-00294,CAT-029,Automotive,Outdoor,3,2,1
USR-00295,CAT-018,Supplements,Wellness,8,5,3
USR-00295,CAT-019,Fitness,Wellness,12,9,3
USR-00295,CAT-020,Personal care,Wellness,7,7,0
USR-00295,CAT-021,Toys,Family,9,6,3
USR-00295,CAT-022,Baby care,Family,8,7,1
USR-00295,CAT-023,Books,Family,9,5,4
USR-00295,CAT-024,Stationery,Family,11,8,3
USR-00295,CAT-025,Board games,Family,14,13,1
USR-00296,CAT-002,Laptops,Digital,4,4,0
USR-00296,CAT-026,Cycling,Outdoor,6,5,1
USR-00296,CAT-029,Automotive,Outdoor,4,4,0
USR-00296,CAT-030,Sports,Outdoor,6,4,2
USR-00297,CAT-003,Headphones,Digital,2,2,0
USR-00297,CAT-012,Shoes,Style,1,1,0
USR-00297,CAT-026,Cycling,Outdoor,5,4,1
USR-00297,CAT-027,Camping,Outdoor,8,7,1
USR-00297,CAT-028,Garden,Outdoor,5,5,0
USR-00297,CAT-029,Automotive,Outdoor,12,7,5
USR-00297,CAT-030,Sports,Outdoor,10,9,1
USR-00298,CAT-010,Bedding,Home,2,2,0
USR-00298,CAT-021,Toys,Family,9,8,1
USR-00298,CAT-023,Books,Family,8,4,4
USR-00298,CAT-024,Stationery,Family,6,5,1
USR-00298,CAT-025,Board games,Family,10,8,2
USR-00298,CAT-027,Camping,Outdoor,3,2,1
USR-00299,CAT-011,Clothing,Style,3,1,2
USR-00299,CAT-021,Toys,Family,7,6,1
USR-00299,CAT-022,Baby care,Family,7,5,2
USR-00299,CAT-024,Stationery,Family,5,2,3
USR-00299,CAT-025,Board games,Family,9,6,3
USR-00300,CAT-007,Cleaning,Home,4,2,2
USR-00300,CAT-016,Skincare,Wellness,11,10,1
USR-00300,CAT-018,Supplements,Wellness,7,6,1
USR-00300,CAT-019,Fitness,Wellness,15,15,0
USR-00301,CAT-016,Skincare,Wellness,4,3,1
USR-00301,CAT-018,Supplements,Wellness,4,3,1
USR-00301,CAT-022,Baby care,Family,9,9,0
USR-00301,CAT-023,Books,Family,8,4,4
USR-00301,CAT-025,Board games,Family,10,8,2
USR-00302,CAT-001,Smartphones,Digital,5,4,1
USR-00302,CAT-002,Laptops,Digital,9,4,5
USR-00302,CAT-003,Headphones,Digital,10,8,2
USR-00302,CAT-004,Monitors,Digital,15,10,5
USR-00302,CAT-005,Storage,Digital,10,6,4
USR-00302,CAT-022,Baby care,Family,1,1,0
USR-00303,CAT-011,Clothing,Style,10,8,2
USR-00303,CAT-012,Shoes,Style,12,10,2
USR-00303,CAT-013,Bags,Style,8,8,0
USR-00303,CAT-014,Accessories,Style,7,5,2
USR-00303,CAT-015,Jewelry,Style,9,6,3
USR-00303,CAT-021,Toys,Family,2,1,1
USR-00304,CAT-011,Clothing,Style,9,5,4
USR-00304,CAT-012,Shoes,Style,7,5,2
USR-00304,CAT-015,Jewelry,Style,6,4,2
USR-00304,CAT-018,Supplements,Wellness,5,3,2
USR-00305,CAT-021,Toys,Family,10,8,2
USR-00305,CAT-022,Baby care,Family,9,9,0
USR-00305,CAT-023,Books,Family,7,4,3
USR-00305,CAT-024,Stationery,Family,7,5,2
USR-00305,CAT-025,Board games,Family,6,5,1
USR-00305,CAT-029,Automotive,Outdoor,2,1,1
USR-00306,CAT-002,Laptops,Digital,5,5,0
USR-00306,CAT-003,Headphones,Digital,10,9,1
USR-00306,CAT-005,Storage,Digital,9,8,1
USR-00306,CAT-012,Shoes,Style,6,5,1
USR-00306,CAT-013,Bags,Style,13,10,3
USR-00306,CAT-014,Accessories,Style,10,10,0
USR-00306,CAT-015,Jewelry,Style,8,6,2
USR-00307,CAT-005,Storage,Digital,4,4,0
USR-00307,CAT-006,Kitchen appliances,Home,4,2,2
USR-00307,CAT-011,Clothing,Style,9,8,1
USR-00307,CAT-013,Bags,Style,11,9,2
USR-00307,CAT-014,Accessories,Style,4,4,0
USR-00307,CAT-015,Jewelry,Style,5,5,0
USR-00308,CAT-016,Skincare,Wellness,6,5,1
USR-00308,CAT-018,Supplements,Wellness,7,5,2
USR-00308,CAT-019,Fitness,Wellness,12,12,0
USR-00308,CAT-020,Personal care,Wellness,8,6,2
USR-00308,CAT-021,Toys,Family,9,9,0
USR-00308,CAT-023,Books,Family,4,2,2
USR-00308,CAT-025,Board games,Family,8,7,1
USR-00309,CAT-006,Kitchen appliances,Home,9,9,0
USR-00309,CAT-007,Cleaning,Home,9,8,1
USR-00309,CAT-008,Coffee,Home,13,8,5
USR-00309,CAT-009,Lighting,Home,10,8,2
USR-00309,CAT-010,Bedding,Home,8,6,2
USR-00309,CAT-017,Haircare,Wellness,7,6,1
USR-00309,CAT-019,Fitness,Wellness,8,8,0
USR-00309,CAT-020,Personal care,Wellness,4,4,0
USR-00310,CAT-003,Headphones,Digital,10,9,1
USR-00310,CAT-004,Monitors,Digital,13,12,1
USR-00310,CAT-005,Storage,Digital,10,8,2
USR-00310,CAT-017,Haircare,Wellness,5,4,1
USR-00310,CAT-018,Supplements,Wellness,4,3,1
USR-00310,CAT-019,Fitness,Wellness,8,7,1
USR-00311,CAT-011,Clothing,Style,9,8,1
USR-00311,CAT-012,Shoes,Style,6,4,2
USR-00311,CAT-013,Bags,Style,10,7,3
USR-00311,CAT-014,Accessories,Style,11,10,1
USR-00311,CAT-015,Jewelry,Style,5,4,1
USR-00311,CAT-029,Automotive,Outdoor,2,2,0
USR-00312,CAT-011,Clothing,Style,7,5,2
USR-00312,CAT-012,Shoes,Style,13,9,4
USR-00312,CAT-013,Bags,Style,10,8,2
USR-00312,CAT-014,Accessories,Style,13,10,3
USR-00312,CAT-015,Jewelry,Style,8,6,2
USR-00312,CAT-017,Haircare,Wellness,6,5,1
USR-00312,CAT-018,Supplements,Wellness,9,8,1
USR-00312,CAT-020,Personal care,Wellness,5,3,2
USR-00313,CAT-006,Kitchen appliances,Home,8,6,2
USR-00313,CAT-007,Cleaning,Home,7,6,1
USR-00313,CAT-009,Lighting,Home,4,2,2
USR-00313,CAT-010,Bedding,Home,8,4,4
USR-00313,CAT-022,Baby care,Family,7,4,3
USR-00313,CAT-023,Books,Family,9,6,3
USR-00313,CAT-024,Stationery,Family,5,4,1
USR-00314,CAT-006,Kitchen appliances,Home,4,3,1
USR-00314,CAT-007,Cleaning,Home,11,9,2
USR-00314,CAT-008,Coffee,Home,11,6,5
USR-00315,CAT-006,Kitchen appliances,Home,9,7,2
USR-00315,CAT-007,Cleaning,Home,8,7,1
USR-00315,CAT-009,Lighting,Home,7,6,1
USR-00315,CAT-028,Garden,Outdoor,2,2,0
USR-00316,CAT-006,Kitchen appliances,Home,10,6,4
USR-00316,CAT-009,Lighting,Home,4,3,1
USR-00316,CAT-010,Bedding,Home,10,7,3
USR-00317,CAT-006,Kitchen appliances,Home,6,6,0
USR-00317,CAT-007,Cleaning,Home,9,7,2
USR-00317,CAT-008,Coffee,Home,8,6,2
USR-00317,CAT-009,Lighting,Home,9,9,0
USR-00317,CAT-010,Bedding,Home,13,11,2
USR-00317,CAT-011,Clothing,Style,2,2,0
USR-00317,CAT-012,Shoes,Style,5,5,0
USR-00318,CAT-002,Laptops,Digital,6,4,2
USR-00318,CAT-017,Haircare,Wellness,7,5,2
USR-00318,CAT-019,Fitness,Wellness,6,4,2
USR-00318,CAT-020,Personal care,Wellness,10,9,1
USR-00319,CAT-005,Storage,Digital,5,3,2
USR-00319,CAT-006,Kitchen appliances,Home,12,9,3
USR-00319,CAT-007,Cleaning,Home,11,7,4
USR-00319,CAT-008,Coffee,Home,12,11,1
USR-00319,CAT-009,Lighting,Home,8,7,1
USR-00319,CAT-010,Bedding,Home,8,6,2
USR-00320,CAT-002,Laptops,Digital,2,2,0
USR-00320,CAT-009,Lighting,Home,3,2,1
USR-00320,CAT-026,Cycling,Outdoor,11,10,1
USR-00320,CAT-027,Camping,Outdoor,8,5,3
USR-00320,CAT-028,Garden,Outdoor,10,9,1
USR-00320,CAT-029,Automotive,Outdoor,10,7,3
USR-00320,CAT-030,Sports,Outdoor,11,10,1
USR-00321,CAT-018,Supplements,Wellness,3,2,1
USR-00321,CAT-023,Books,Family,5,5,0
USR-00321,CAT-026,Cycling,Outdoor,10,9,1
USR-00321,CAT-027,Camping,Outdoor,8,7,1
USR-00321,CAT-028,Garden,Outdoor,4,2,2
USR-00321,CAT-030,Sports,Outdoor,10,8,2
USR-00322,CAT-002,Laptops,Digital,1,1,0
USR-00322,CAT-011,Clothing,Style,8,6,2
USR-00322,CAT-012,Shoes,Style,6,5,1
USR-00322,CAT-013,Bags,Style,11,10,1
USR-00322,CAT-015,Jewelry,Style,12,10,2
USR-00323,CAT-006,Kitchen appliances,Home,6,5,1
USR-00323,CAT-007,Cleaning,Home,14,12,2
USR-00323,CAT-008,Coffee,Home,17,15,2
USR-00323,CAT-009,Lighting,Home,13,10,3
USR-00323,CAT-010,Bedding,Home,8,8,0
USR-00323,CAT-023,Books,Family,3,3,0
USR-00324,CAT-005,Storage,Digital,3,1,2
USR-00324,CAT-011,Clothing,Style,9,8,1
USR-00324,CAT-012,Shoes,Style,5,4,1
USR-00324,CAT-015,Jewelry,Style,6,4,2
USR-00325,CAT-007,Cleaning,Home,7,5,2
USR-00325,CAT-009,Lighting,Home,8,7,1
USR-00325,CAT-010,Bedding,Home,6,5,1
USR-00325,CAT-022,Baby care,Family,9,7,2
USR-00325,CAT-023,Books,Family,10,6,4
USR-00325,CAT-024,Stationery,Family,8,8,0
USR-00326,CAT-016,Skincare,Wellness,12,10,2
USR-00326,CAT-017,Haircare,Wellness,11,7,4
USR-00326,CAT-018,Supplements,Wellness,9,7,2
USR-00326,CAT-019,Fitness,Wellness,6,2,4
USR-00326,CAT-020,Personal care,Wellness,8,6,2
USR-00326,CAT-021,Toys,Family,7,6,1
USR-00326,CAT-023,Books,Family,8,4,4
USR-00326,CAT-025,Board games,Family,6,5,1
USR-00327,CAT-018,Supplements,Wellness,2,2,0
USR-00327,CAT-021,Toys,Family,9,6,3
USR-00327,CAT-022,Baby care,Family,6,5,1
USR-00327,CAT-023,Books,Family,13,10,3
USR-00327,CAT-024,Stationery,Family,8,6,2
USR-00327,CAT-025,Board games,Family,8,6,2
USR-00328,CAT-012,Shoes,Style,9,6,3
USR-00328,CAT-013,Bags,Style,10,3,7
USR-00328,CAT-014,Accessories,Style,6,4,2
USR-00328,CAT-015,Jewelry,Style,12,6,6
USR-00329,CAT-016,Skincare,Wellness,9,9,0
USR-00329,CAT-017,Haircare,Wellness,17,12,5
USR-00329,CAT-018,Supplements,Wellness,8,5,3
USR-00329,CAT-019,Fitness,Wellness,10,8,2
USR-00329,CAT-020,Personal care,Wellness,8,7,1
USR-00329,CAT-023,Books,Family,3,3,0
USR-00330,CAT-007,Cleaning,Home,9,8,1
USR-00330,CAT-008,Coffee,Home,8,7,1
USR-00330,CAT-009,Lighting,Home,11,8,3
USR-00330,CAT-010,Bedding,Home,10,7,3
USR-00330,CAT-011,Clothing,Style,4,4,0
USR-00330,CAT-019,Fitness,Wellness,3,1,2
USR-00331,CAT-008,Coffee,Home,3,1,2
USR-00331,CAT-021,Toys,Family,9,5,4
USR-00331,CAT-023,Books,Family,5,4,1
USR-00331,CAT-025,Board games,Family,13,9,4
USR-00332,CAT-006,Kitchen appliances,Home,8,6,2
USR-00332,CAT-008,Coffee,Home,9,6,3
USR-00332,CAT-010,Bedding,Home,9,9,0
USR-00332,CAT-025,Board games,Family,5,2,3
USR-00333,CAT-017,Haircare,Wellness,10,9,1
USR-00333,CAT-018,Supplements,Wellness,16,11,5
USR-00333,CAT-020,Personal care,Wellness,6,6,0
USR-00333,CAT-021,Toys,Family,6,4,2
USR-00333,CAT-024,Stationery,Family,10,10,0
USR-00333,CAT-025,Board games,Family,6,5,1
USR-00334,CAT-001,Smartphones,Digital,6,6,0
USR-00334,CAT-003,Headphones,Digital,9,7,2
USR-00334,CAT-004,Monitors,Digital,3,3,0
USR-00334,CAT-026,Cycling,Outdoor,9,9,0
USR-00334,CAT-027,Camping,Outdoor,9,8,1
USR-00334,CAT-028,Garden,Outdoor,10,7,3
USR-00334,CAT-029,Automotive,Outdoor,12,9,3
USR-00334,CAT-030,Sports,Outdoor,9,6,3
USR-00335,CAT-001,Smartphones,Digital,6,4,2
USR-00335,CAT-002,Laptops,Digital,6,6,0
USR-00335,CAT-003,Headphones,Digital,7,4,3
USR-00335,CAT-004,Monitors,Digital,11,8,3
USR-00335,CAT-005,Storage,Digital,7,5,2
USR-00336,CAT-004,Monitors,Digital,5,4,1
USR-00336,CAT-016,Skincare,Wellness,11,10,1
USR-00336,CAT-017,Haircare,Wellness,8,5,3
USR-00336,CAT-019,Fitness,Wellness,11,9,2
USR-00336,CAT-020,Personal care,Wellness,12,9,3
USR-00337,CAT-001,Smartphones,Digital,10,8,2
USR-00337,CAT-002,Laptops,Digital,9,8,1
USR-00337,CAT-003,Headphones,Digital,7,6,1
USR-00337,CAT-004,Monitors,Digital,9,9,0
USR-00337,CAT-005,Storage,Digital,7,5,2
USR-00337,CAT-020,Personal care,Wellness,4,4,0
USR-00337,CAT-027,Camping,Outdoor,3,2,1
USR-00338,CAT-009,Lighting,Home,2,1,1
USR-00338,CAT-021,Toys,Family,12,9,3
USR-00338,CAT-022,Baby care,Family,11,8,3
USR-00338,CAT-023,Books,Family,10,6,4
USR-00338,CAT-025,Board games,Family,11,8,3
USR-00339,CAT-001,Smartphones,Digital,16,13,3
USR-00339,CAT-002,Laptops,Digital,7,6,1
USR-00339,CAT-003,Headphones,Digital,11,11,0
USR-00339,CAT-004,Monitors,Digital,7,7,0
USR-00339,CAT-005,Storage,Digital,8,6,2
USR-00339,CAT-018,Supplements,Wellness,2,1,1
USR-00340,CAT-013,Bags,Style,1,1,0
USR-00340,CAT-026,Cycling,Outdoor,9,7,2
USR-00340,CAT-028,Garden,Outdoor,7,5,2
USR-00340,CAT-029,Automotive,Outdoor,10,9,1
USR-00340,CAT-030,Sports,Outdoor,7,6,1
USR-00341,CAT-002,Laptops,Digital,10,10,0
USR-00341,CAT-003,Headphones,Digital,7,5,2
USR-00341,CAT-004,Monitors,Digital,4,2,2
USR-00341,CAT-005,Storage,Digital,10,9,1
USR-00341,CAT-019,Fitness,Wellness,3,2,1
USR-00342,CAT-012,Shoes,Style,3,3,0
USR-00342,CAT-026,Cycling,Outdoor,9,8,1
USR-00342,CAT-027,Camping,Outdoor,11,10,1
USR-00342,CAT-030,Sports,Outdoor,9,7,2
USR-00343,CAT-015,Jewelry,Style,3,3,0
USR-00343,CAT-021,Toys,Family,7,5,2
USR-00343,CAT-022,Baby care,Family,9,8,1
USR-00343,CAT-023,Books,Family,12,8,4
USR-00343,CAT-025,Board games,Family,10,6,4
USR-00343,CAT-028,Garden,Outdoor,2,2,0
USR-00344,CAT-011,Clothing,Style,1,1,0
USR-00344,CAT-017,Haircare,Wellness,8,8,0
USR-00344,CAT-018,Supplements,Wellness,10,8,2
USR-00344,CAT-019,Fitness,Wellness,7,7,0
USR-00344,CAT-020,Personal care,Wellness,7,6,1
USR-00345,CAT-004,Monitors,Digital,3,2,1
USR-00345,CAT-021,Toys,Family,10,9,1
USR-00345,CAT-022,Baby care,Family,10,8,2
USR-00345,CAT-024,Stationery,Family,7,3,4
USR-00345,CAT-025,Board games,Family,7,4,3
USR-00346,CAT-008,Coffee,Home,4,4,0
USR-00346,CAT-021,Toys,Family,10,6,4
USR-00346,CAT-023,Books,Family,5,3,2
USR-00346,CAT-024,Stationery,Family,12,10,2
USR-00346,CAT-025,Board games,Family,6,4,2
USR-00347,CAT-017,Haircare,Wellness,5,4,1
USR-00347,CAT-018,Supplements,Wellness,7,5,2
USR-00347,CAT-020,Personal care,Wellness,7,7,0
USR-00347,CAT-026,Cycling,Outdoor,9,7,2
USR-00347,CAT-027,Camping,Outdoor,10,10,0
USR-00347,CAT-030,Sports,Outdoor,10,8,2
USR-00348,CAT-006,Kitchen appliances,Home,9,5,4
USR-00348,CAT-007,Cleaning,Home,7,7,0
USR-00348,CAT-008,Coffee,Home,11,8,3
USR-00348,CAT-009,Lighting,Home,7,5,2
USR-00348,CAT-010,Bedding,Home,9,7,2
USR-00348,CAT-030,Sports,Outdoor,3,2,1
USR-00349,CAT-016,Skincare,Wellness,13,9,4
USR-00349,CAT-017,Haircare,Wellness,6,4,2
USR-00349,CAT-018,Supplements,Wellness,8,7,1
USR-00349,CAT-019,Fitness,Wellness,11,10,1
USR-00349,CAT-020,Personal care,Wellness,8,7,1
USR-00349,CAT-021,Toys,Family,7,6,1
USR-00349,CAT-024,Stationery,Family,10,9,1
USR-00349,CAT-025,Board games,Family,5,5,0
USR-00350,CAT-001,Smartphones,Digital,11,7,4
USR-00350,CAT-002,Laptops,Digital,6,5,1
USR-00350,CAT-003,Headphones,Digital,6,5,1
USR-00350,CAT-004,Monitors,Digital,5,5,0
USR-00350,CAT-005,Storage,Digital,7,6,1
USR-00350,CAT-029,Automotive,Outdoor,8,7,1
USR-00351,CAT-016,Skincare,Wellness,6,4,2
USR-00351,CAT-017,Haircare,Wellness,11,8,3
USR-00351,CAT-019,Fitness,Wellness,7,6,1
USR-00351,CAT-020,Personal care,Wellness,7,6,1
USR-00351,CAT-028,Garden,Outdoor,3,2,1
USR-00352,CAT-001,Smartphones,Digital,10,7,3
USR-00352,CAT-003,Headphones,Digital,10,8,2
USR-00352,CAT-004,Monitors,Digital,6,6,0
USR-00352,CAT-005,Storage,Digital,15,15,0
USR-00353,CAT-016,Skincare,Wellness,9,7,2
USR-00353,CAT-017,Haircare,Wellness,7,4,3
USR-00353,CAT-018,Supplements,Wellness,11,8,3
USR-00353,CAT-020,Personal care,Wellness,7,6,1
USR-00354,CAT-016,Skincare,Wellness,10,8,2
USR-00354,CAT-017,Haircare,Wellness,8,7,1
USR-00354,CAT-018,Supplements,Wellness,5,5,0
USR-00354,CAT-021,Toys,Family,7,5,2
USR-00354,CAT-024,Stationery,Family,8,7,1
USR-00354,CAT-025,Board games,Family,8,6,2
USR-00355,CAT-011,Clothing,Style,10,7,3
USR-00355,CAT-012,Shoes,Style,9,9,0
USR-00355,CAT-013,Bags,Style,10,8,2
USR-00355,CAT-014,Accessories,Style,7,4,3
USR-00355,CAT-015,Jewelry,Style,6,5,1
USR-00355,CAT-019,Fitness,Wellness,4,4,0
USR-00356,CAT-011,Clothing,Style,9,9,0
USR-00356,CAT-012,Shoes,Style,7,3,4
USR-00356,CAT-013,Bags,Style,6,5,1
USR-00356,CAT-014,Accessories,Style,9,3,6
USR-00356,CAT-015,Jewelry,Style,6,4,2
USR-00356,CAT-029,Automotive,Outdoor,5,4,1
USR-00357,CAT-012,Shoes,Style,8,5,3
USR-00357,CAT-013,Bags,Style,5,4,1
USR-00357,CAT-014,Accessories,Style,15,11,4
USR-00357,CAT-021,Toys,Family,8,5,3
USR-00357,CAT-022,Baby care,Family,9,6,3
USR-00357,CAT-023,Books,Family,9,8,1
USR-00357,CAT-024,Stationery,Family,8,7,1
USR-00357,CAT-025,Board games,Family,7,7,0
USR-00358,CAT-007,Cleaning,Home,4,4,0
USR-00358,CAT-021,Toys,Family,10,7,3
USR-00358,CAT-022,Baby care,Family,9,9,0
USR-00358,CAT-024,Stationery,Family,5,4,1
USR-00358,CAT-025,Board games,Family,9,5,4
USR-00358,CAT-026,Cycling,Outdoor,2,1,1
USR-00359,CAT-011,Clothing,Style,7,7,0
USR-00359,CAT-012,Shoes,Style,14,11,3
USR-00359,CAT-013,Bags,Style,10,6,4
USR-00359,CAT-014,Accessories,Style,7,6,1
USR-00359,CAT-015,Jewelry,Style,7,6,1
USR-00359,CAT-016,Skincare,Wellness,5,5,0
USR-00360,CAT-004,Monitors,Digital,3,3,0
USR-00360,CAT-016,Skincare,Wellness,11,10,1
USR-00360,CAT-017,Haircare,Wellness,7,4,3
USR-00360,CAT-019,Fitness,Wellness,12,10,2
USR-00360,CAT-020,Personal care,Wellness,10,9,1
USR-00360,CAT-030,Sports,Outdoor,2,2,0
USR-00361,CAT-018,Supplements,Wellness,2,2,0
USR-00361,CAT-026,Cycling,Outdoor,8,7,1
USR-00361,CAT-027,Camping,Outdoor,11,9,2
USR-00361,CAT-028,Garden,Outdoor,11,9,2
USR-00361,CAT-029,Automotive,Outdoor,14,8,6
USR-00361,CAT-030,Sports,Outdoor,7,5,2
USR-00362,CAT-001,Smartphones,Digital,10,8,2
USR-00362,CAT-003,Headphones,Digital,7,5,2
USR-00362,CAT-005,Storage,Digital,10,9,1
USR-00362,CAT-006,Kitchen appliances,Home,4,3,1
USR-00363,CAT-001,Smartphones,Digital,4,3,1
USR-00363,CAT-004,Monitors,Digital,11,8,3
USR-00363,CAT-005,Storage,Digital,8,7,1
USR-00363,CAT-014,Accessories,Style,4,4,0
USR-00363,CAT-021,Toys,Family,4,4,0
USR-00364,CAT-001,Smartphones,Digital,13,10,3
USR-00364,CAT-003,Headphones,Digital,14,12,2
USR-00364,CAT-004,Monitors,Digital,6,6,0
USR-00364,CAT-005,Storage,Digital,10,7,3
USR-00364,CAT-006,Kitchen appliances,Home,2,2,0
USR-00365,CAT-011,Clothing,Style,1,1,0
USR-00365,CAT-016,Skincare,Wellness,6,6,0
USR-00365,CAT-017,Haircare,Wellness,15,13,2
USR-00365,CAT-018,Supplements,Wellness,17,12,5
USR-00365,CAT-019,Fitness,Wellness,14,10,4
USR-00365,CAT-020,Personal care,Wellness,6,5,1
USR-00366,CAT-011,Clothing,Style,13,8,5
USR-00366,CAT-013,Bags,Style,11,8,3
USR-00366,CAT-015,Jewelry,Style,8,8,0
USR-00366,CAT-021,Toys,Family,7,6,1
USR-00366,CAT-023,Books,Family,4,2,2
USR-00366,CAT-024,Stationery,Family,4,4,0
USR-00367,CAT-005,Storage,Digital,3,3,0
USR-00367,CAT-021,Toys,Family,10,7,3
USR-00367,CAT-022,Baby care,Family,13,11,2
USR-00367,CAT-023,Books,Family,11,8,3
USR-00367,CAT-024,Stationery,Family,9,6,3
USR-00368,CAT-016,Skincare,Wellness,5,2,3
USR-00368,CAT-017,Haircare,Wellness,6,5,1
USR-00368,CAT-018,Supplements,Wellness,10,8,2
USR-00368,CAT-019,Fitness,Wellness,13,11,2
USR-00368,CAT-020,Personal care,Wellness,9,6,3
USR-00368,CAT-030,Sports,Outdoor,1,1,0
USR-00369,CAT-007,Cleaning,Home,11,10,1
USR-00369,CAT-008,Coffee,Home,11,11,0
USR-00369,CAT-009,Lighting,Home,8,6,2
USR-00369,CAT-010,Bedding,Home,9,8,1
USR-00369,CAT-014,Accessories,Style,2,2,0
USR-00369,CAT-023,Books,Family,1,1,0
USR-00370,CAT-006,Kitchen appliances,Home,6,5,1
USR-00370,CAT-008,Coffee,Home,8,6,2
USR-00370,CAT-010,Bedding,Home,5,4,1
USR-00370,CAT-026,Cycling,Outdoor,9,7,2
USR-00370,CAT-027,Camping,Outdoor,10,9,1
USR-00370,CAT-028,Garden,Outdoor,4,4,0
USR-00370,CAT-029,Automotive,Outdoor,5,3,2
USR-00370,CAT-030,Sports,Outdoor,10,7,3
USR-00371,CAT-016,Skincare,Wellness,2,1,1
USR-00371,CAT-018,Supplements,Wellness,4,4,0
USR-00371,CAT-021,Toys,Family,7,5,2
USR-00371,CAT-022,Baby care,Family,9,8,1
USR-00371,CAT-023,Books,Family,8,6,2
USR-00371,CAT-024,Stationery,Family,8,8,0
USR-00371,CAT-025,Board games,Family,11,10,1
USR-00372,CAT-007,Cleaning,Home,8,7,1
USR-00372,CAT-008,Coffee,Home,4,4,0
USR-00372,CAT-009,Lighting,Home,8,6,2
USR-00372,CAT-010,Bedding,Home,12,11,1
USR-00372,CAT-014,Accessories,Style,2,2,0
USR-00373,CAT-001,Smartphones,Digital,5,5,0
USR-00373,CAT-003,Headphones,Digital,7,5,2
USR-00373,CAT-004,Monitors,Digital,9,8,1
USR-00373,CAT-007,Cleaning,Home,7,6,1
USR-00373,CAT-008,Coffee,Home,4,4,0
USR-00373,CAT-009,Lighting,Home,8,5,3
USR-00373,CAT-010,Bedding,Home,5,5,0
USR-00374,CAT-006,Kitchen appliances,Home,4,3,1
USR-00374,CAT-007,Cleaning,Home,9,5,4
USR-00374,CAT-010,Bedding,Home,9,7,2
USR-00374,CAT-029,Automotive,Outdoor,2,1,1
USR-00375,CAT-001,Smartphones,Digital,8,5,3
USR-00375,CAT-002,Laptops,Digital,7,7,0
USR-00375,CAT-003,Headphones,Digital,13,13,0
USR-00375,CAT-004,Monitors,Digital,7,6,1
USR-00375,CAT-005,Storage,Digital,13,10,3
USR-00375,CAT-012,Shoes,Style,7,7,0
USR-00375,CAT-013,Bags,Style,7,6,1
USR-00375,CAT-015,Jewelry,Style,11,10,1
USR-00376,CAT-001,Smartphones,Digital,8,8,0
USR-00376,CAT-002,Laptops,Digital,14,14,0
USR-00376,CAT-003,Headphones,Digital,7,4,3
USR-00376,CAT-004,Monitors,Digital,12,7,5
USR-00376,CAT-005,Storage,Digital,7,4,3
USR-00377,CAT-001,Smartphones,Digital,3,1,2
USR-00377,CAT-018,Supplements,Wellness,1,1,0
USR-00377,CAT-027,Camping,Outdoor,14,14,0
USR-00377,CAT-028,Garden,Outdoor,8,7,1
USR-00377,CAT-029,Automotive,Outdoor,12,10,2
USR-00378,CAT-011,Clothing,Style,4,2,2
USR-00378,CAT-012,Shoes,Style,5,4,1
USR-00378,CAT-014,Accessories,Style,6,5,1
USR-00378,CAT-015,Jewelry,Style,8,7,1
USR-00379,CAT-011,Clothing,Style,6,3,3
USR-00379,CAT-012,Shoes,Style,7,3,4
USR-00379,CAT-013,Bags,Style,11,9,2
USR-00379,CAT-014,Accessories,Style,8,7,1
USR-00379,CAT-015,Jewelry,Style,9,8,1
USR-00379,CAT-020,Personal care,Wellness,2,2,0
USR-00380,CAT-002,Laptops,Digital,2,1,1
USR-00380,CAT-006,Kitchen appliances,Home,4,4,0
USR-00380,CAT-021,Toys,Family,10,7,3
USR-00380,CAT-022,Baby care,Family,8,7,1
USR-00380,CAT-024,Stationery,Family,8,6,2
USR-00380,CAT-025,Board games,Family,9,7,2
USR-00381,CAT-011,Clothing,Style,3,2,1
USR-00381,CAT-016,Skincare,Wellness,10,8,2
USR-00381,CAT-017,Haircare,Wellness,10,7,3
USR-00381,CAT-019,Fitness,Wellness,10,8,2
USR-00381,CAT-020,Personal care,Wellness,8,6,2
USR-00382,CAT-012,Shoes,Style,2,2,0
USR-00382,CAT-026,Cycling,Outdoor,12,8,4
USR-00382,CAT-028,Garden,Outdoor,9,7,2
USR-00382,CAT-029,Automotive,Outdoor,6,4,2
USR-00382,CAT-030,Sports,Outdoor,7,5,2
USR-00383,CAT-016,Skincare,Wellness,6,5,1
USR-00383,CAT-017,Haircare,Wellness,6,5,1
USR-00383,CAT-019,Fitness,Wellness,9,9,0
USR-00383,CAT-021,Toys,Family,10,9,1
USR-00383,CAT-022,Baby care,Family,7,6,1
USR-00383,CAT-023,Books,Family,12,9,3
USR-00383,CAT-024,Stationery,Family,8,8,0
USR-00383,CAT-025,Board games,Family,11,8,3
USR-00384,CAT-005,Storage,Digital,2,2,0
USR-00384,CAT-011,Clothing,Style,14,13,1
USR-00384,CAT-013,Bags,Style,5,4,1
USR-00384,CAT-015,Jewelry,Style,6,6,0
USR-00385,CAT-006,Kitchen appliances,Home,13,10,3
USR-00385,CAT-008,Coffee,Home,7,6,1
USR-00385,CAT-009,Lighting,Home,9,7,2
USR-00385,CAT-010,Bedding,Home,9,3,6
USR-00385,CAT-014,Accessories,Style,2,2,0
USR-00386,CAT-001,Smartphones,Digital,5,5,0
USR-00386,CAT-002,Laptops,Digital,7,7,0
USR-00386,CAT-004,Monitors,Digital,2,2,0
USR-00386,CAT-026,Cycling,Outdoor,10,8,2
USR-00386,CAT-027,Camping,Outdoor,7,5,2
USR-00386,CAT-028,Garden,Outdoor,11,9,2
USR-00386,CAT-029,Automotive,Outdoor,10,7,3
USR-00386,CAT-030,Sports,Outdoor,12,11,1
USR-00387,CAT-021,Toys,Family,10,9,1
USR-00387,CAT-023,Books,Family,10,9,1
USR-00387,CAT-024,Stationery,Family,12,10,2
USR-00387,CAT-025,Board games,Family,9,7,2
USR-00388,CAT-017,Haircare,Wellness,5,5,0
USR-00388,CAT-026,Cycling,Outdoor,11,7,4
USR-00388,CAT-027,Camping,Outdoor,10,10,0
USR-00388,CAT-029,Automotive,Outdoor,11,10,1
USR-00388,CAT-030,Sports,Outdoor,4,3,1
USR-00389,CAT-001,Smartphones,Digital,10,10,0
USR-00389,CAT-002,Laptops,Digital,8,6,2
USR-00389,CAT-003,Headphones,Digital,7,4,3
USR-00389,CAT-004,Monitors,Digital,7,6,1
USR-00389,CAT-005,Storage,Digital,9,8,1
USR-00389,CAT-007,Cleaning,Home,6,4,2
USR-00389,CAT-008,Coffee,Home,5,3,2
USR-00389,CAT-009,Lighting,Home,5,5,0
USR-00390,CAT-011,Clothing,Style,5,5,0
USR-00390,CAT-022,Baby care,Family,11,11,0
USR-00390,CAT-023,Books,Family,12,11,1
USR-00390,CAT-024,Stationery,Family,11,9,2
USR-00391,CAT-006,Kitchen appliances,Home,1,1,0
USR-00391,CAT-008,Coffee,Home,3,3,0
USR-00391,CAT-016,Skincare,Wellness,8,4,4
USR-00391,CAT-017,Haircare,Wellness,16,13,3
USR-00391,CAT-019,Fitness,Wellness,15,13,2
USR-00391,CAT-020,Personal care,Wellness,9,6,3
USR-00392,CAT-001,Smartphones,Digital,9,7,2
USR-00392,CAT-002,Laptops,Digital,4,3,1
USR-00392,CAT-003,Headphones,Digital,11,10,1
USR-00392,CAT-004,Monitors,Digital,9,6,3
USR-00392,CAT-005,Storage,Digital,7,4,3
USR-00392,CAT-026,Cycling,Outdoor,5,3,2
USR-00392,CAT-028,Garden,Outdoor,4,3,1
USR-00392,CAT-029,Automotive,Outdoor,3,2,1
USR-00393,CAT-001,Smartphones,Digital,2,2,0
USR-00393,CAT-008,Coffee,Home,2,2,0
USR-00393,CAT-016,Skincare,Wellness,7,5,2
USR-00393,CAT-018,Supplements,Wellness,13,9,4
USR-00393,CAT-019,Fitness,Wellness,9,5,4
USR-00393,CAT-020,Personal care,Wellness,7,6,1
USR-00394,CAT-017,Haircare,Wellness,10,10,0
USR-00394,CAT-018,Supplements,Wellness,15,13,2
USR-00394,CAT-020,Personal care,Wellness,3,3,0
USR-00395,CAT-001,Smartphones,Digital,12,9,3
USR-00395,CAT-002,Laptops,Digital,9,7,2
USR-00395,CAT-004,Monitors,Digital,8,8,0
USR-00395,CAT-005,Storage,Digital,12,9,3
USR-00395,CAT-026,Cycling,Outdoor,10,7,3
USR-00395,CAT-027,Camping,Outdoor,7,5,2
USR-00395,CAT-029,Automotive,Outdoor,8,3,5
USR-00396,CAT-002,Laptops,Digital,5,4,1
USR-00396,CAT-011,Clothing,Style,11,8,3
USR-00396,CAT-012,Shoes,Style,10,8,2
USR-00396,CAT-013,Bags,Style,6,4,2
USR-00396,CAT-014,Accessories,Style,9,6,3
USR-00396,CAT-015,Jewelry,Style,7,5,2
USR-00396,CAT-018,Supplements,Wellness,1,1,0
USR-00397,CAT-011,Clothing,Style,3,3,0
USR-00397,CAT-012,Shoes,Style,7,6,1
USR-00397,CAT-015,Jewelry,Style,7,7,0
USR-00397,CAT-021,Toys,Family,13,10,3
USR-00397,CAT-022,Baby care,Family,10,9,1
USR-00397,CAT-024,Stationery,Family,12,9,3
USR-00398,CAT-004,Monitors,Digital,2,1,1
USR-00398,CAT-006,Kitchen appliances,Home,7,7,0
USR-00398,CAT-007,Cleaning,Home,7,5,2
USR-00398,CAT-008,Coffee,Home,8,5,3
USR-00398,CAT-009,Lighting,Home,6,5,1
USR-00398,CAT-010,Bedding,Home,10,7,3
USR-00399,CAT-011,Clothing,Style,11,9,2
USR-00399,CAT-012,Shoes,Style,7,5,2
USR-00399,CAT-013,Bags,Style,10,9,1
USR-00399,CAT-014,Accessories,Style,6,5,1
USR-00399,CAT-015,Jewelry,Style,8,7,1
USR-00399,CAT-025,Board games,Family,3,3,0
USR-00399,CAT-027,Camping,Outdoor,2,2,0
USR-00400,CAT-011,Clothing,Style,10,7,3
USR-00400,CAT-012,Shoes,Style,7,6,1
USR-00400,CAT-013,Bags,Style,10,5,5
USR-00400,CAT-014,Accessories,Style,4,4,0
USR-00400,CAT-015,Jewelry,Style,11,7,4
USR-00400,CAT-022,Baby care,Family,1,1,0
USR-00401,CAT-006,Kitchen appliances,Home,10,10,0
USR-00401,CAT-007,Cleaning,Home,10,10,0
USR-00401,CAT-008,Coffee,Home,7,6,1
USR-00401,CAT-009,Lighting,Home,7,6,1
USR-00401,CAT-010,Bedding,Home,7,6,1
USR-00401,CAT-021,Toys,Family,5,5,0
USR-00401,CAT-022,Baby care,Family,10,7,3
USR-00401,CAT-025,Board games,Family,9,8,1
USR-00402,CAT-019,Fitness,Wellness,2,1,1
USR-00402,CAT-026,Cycling,Outdoor,9,4,5
USR-00402,CAT-027,Camping,Outdoor,6,4,2
USR-00402,CAT-028,Garden,Outdoor,9,8,1
USR-00402,CAT-029,Automotive,Outdoor,12,12,0
USR-00402,CAT-030,Sports,Outdoor,12,11,1
USR-00403,CAT-019,Fitness,Wellness,3,2,1
USR-00403,CAT-021,Toys,Family,8,6,2
USR-00403,CAT-022,Baby care,Family,9,6,3
USR-00403,CAT-024,Stationery,Family,9,8,1
USR-00403,CAT-025,Board games,Family,8,7,1
USR-00404,CAT-001,Smartphones,Digital,8,8,0
USR-00404,CAT-002,Laptops,Digital,16,10,6
USR-00404,CAT-003,Headphones,Digital,13,8,5
USR-00405,CAT-007,Cleaning,Home,5,3,2
USR-00405,CAT-008,Coffee,Home,5,4,1
USR-00405,CAT-010,Bedding,Home,6,6,0
USR-00405,CAT-026,Cycling,Outdoor,9,9,0
USR-00405,CAT-027,Camping,Outdoor,12,12,0
USR-00405,CAT-028,Garden,Outdoor,7,7,0
USR-00405,CAT-029,Automotive,Outdoor,10,8,2
USR-00405,CAT-030,Sports,Outdoor,11,9,2
USR-00406,CAT-007,Cleaning,Home,3,2,1
USR-00406,CAT-009,Lighting,Home,9,7,2
USR-00406,CAT-010,Bedding,Home,10,8,2
USR-00406,CAT-028,Garden,Outdoor,11,10,1
USR-00406,CAT-029,Automotive,Outdoor,13,13,0
USR-00406,CAT-030,Sports,Outdoor,8,4,4
USR-00407,CAT-007,Cleaning,Home,9,7,2
USR-00407,CAT-008,Coffee,Home,12,10,2
USR-00407,CAT-009,Lighting,Home,12,7,5
USR-00408,CAT-022,Baby care,Family,8,5,3
USR-00408,CAT-023,Books,Family,8,5,3
USR-00408,CAT-024,Stationery,Family,9,9,0
USR-00408,CAT-025,Board games,Family,8,6,2
USR-00408,CAT-027,Camping,Outdoor,2,2,0
USR-00408,CAT-029,Automotive,Outdoor,9,8,1
USR-00408,CAT-030,Sports,Outdoor,7,6,1
USR-00409,CAT-001,Smartphones,Digital,8,8,0
USR-00409,CAT-002,Laptops,Digital,4,3,1
USR-00409,CAT-003,Headphones,Digital,6,4,2
USR-00409,CAT-004,Monitors,Digital,6,5,1
USR-00409,CAT-005,Storage,Digital,12,10,2
USR-00410,CAT-017,Haircare,Wellness,3,2,1
USR-00410,CAT-026,Cycling,Outdoor,10,9,1
USR-00410,CAT-027,Camping,Outdoor,8,6,2
USR-00410,CAT-028,Garden,Outdoor,6,5,1
USR-00410,CAT-029,Automotive,Outdoor,3,3,0
USR-00410,CAT-030,Sports,Outdoor,8,6,2
USR-00411,CAT-016,Skincare,Wellness,11,6,5
USR-00411,CAT-017,Haircare,Wellness,10,8,2
USR-00411,CAT-018,Supplements,Wellness,7,3,4
USR-00411,CAT-019,Fitness,Wellness,15,12,3
USR-00411,CAT-020,Personal care,Wellness,9,8,1
USR-00411,CAT-025,Board games,Family,3,3,0
USR-00412,CAT-004,Monitors,Digital,2,1,1
USR-00412,CAT-015,Jewelry,Style,1,1,0
USR-00412,CAT-016,Skincare,Wellness,11,11,0
USR-00412,CAT-017,Haircare,Wellness,8,8,0
USR-00412,CAT-019,Fitness,Wellness,15,10,5
USR-00412,CAT-020,Personal care,Wellness,11,8,3
USR-00413,CAT-001,Smartphones,Digital,7,6,1
USR-00413,CAT-002,Laptops,Digital,7,6,1
USR-00413,CAT-003,Headphones,Digital,11,9,2
USR-00413,CAT-004,Monitors,Digital,7,6,1
USR-00413,CAT-021,Toys,Family,10,9,1
USR-00413,CAT-022,Baby care,Family,11,8,3
USR-00413,CAT-025,Board games,Family,4,3,1
USR-00414,CAT-007,Cleaning,Home,1,1,0
USR-00414,CAT-026,Cycling,Outdoor,7,7,0
USR-00414,CAT-027,Camping,Outdoor,6,3,3
USR-00414,CAT-028,Garden,Outdoor,14,13,1
USR-00414,CAT-029,Automotive,Outdoor,11,8,3
USR-00414,CAT-030,Sports,Outdoor,8,4,4
USR-00415,CAT-001,Smartphones,Digital,7,4,3
USR-00415,CAT-002,Laptops,Digital,7,6,1
USR-00415,CAT-003,Headphones,Digital,10,10,0
USR-00415,CAT-004,Monitors,Digital,10,8,2
USR-00415,CAT-005,Storage,Digital,10,9,1
USR-00415,CAT-006,Kitchen appliances,Home,5,5,0
USR-00415,CAT-028,Garden,Outdoor,2,2,0
USR-00416,CAT-002,Laptops,Digital,6,6,0
USR-00416,CAT-006,Kitchen appliances,Home,8,8,0
USR-00416,CAT-007,Cleaning,Home,11,9,2
USR-00416,CAT-008,Coffee,Home,14,9,5
USR-00416,CAT-009,Lighting,Home,13,12,1
USR-00416,CAT-010,Bedding,Home,9,8,1
USR-00416,CAT-011,Clothing,Style,2,1,1
USR-00417,CAT-001,Smartphones,Digital,6,5,1
USR-00417,CAT-002,Laptops,Digital,10,8,2
USR-00417,CAT-003,Headphones,Digital,10,7,3
USR-00417,CAT-004,Monitors,Digital,11,11,0
USR-00417,CAT-005,Storage,Digital,10,9,1
USR-00418,CAT-010,Bedding,Home,5,4,1
USR-00418,CAT-022,Baby care,Family,7,7,0
USR-00418,CAT-023,Books,Family,4,4,0
USR-00418,CAT-024,Stationery,Family,9,5,4
USR-00418,CAT-025,Board games,Family,10,10,0
USR-00419,CAT-001,Smartphones,Digital,8,5,3
USR-00419,CAT-002,Laptops,Digital,6,6,0
USR-00419,CAT-003,Headphones,Digital,5,5,0
USR-00419,CAT-004,Monitors,Digital,6,3,3
USR-00419,CAT-021,Toys,Family,3,3,0
USR-00420,CAT-019,Fitness,Wellness,3,2,1
USR-00420,CAT-023,Books,Family,5,5,0
USR-00420,CAT-026,Cycling,Outdoor,11,10,1
USR-00420,CAT-028,Garden,Outdoor,11,9,2
USR-00420,CAT-029,Automotive,Outdoor,4,2,2
USR-00420,CAT-030,Sports,Outdoor,5,5,0
USR-00421,CAT-001,Smartphones,Digital,4,4,0
USR-00421,CAT-013,Bags,Style,3,1,2
USR-00421,CAT-016,Skincare,Wellness,12,7,5
USR-00421,CAT-017,Haircare,Wellness,10,7,3
USR-00421,CAT-018,Supplements,Wellness,8,7,1
USR-00421,CAT-019,Fitness,Wellness,5,4,1
USR-00421,CAT-020,Personal care,Wellness,12,11,1
USR-00422,CAT-001,Smartphones,Digital,5,3,2
USR-00422,CAT-003,Headphones,Digital,8,6,2
USR-00422,CAT-005,Storage,Digital,16,14,2
USR-00422,CAT-010,Bedding,Home,4,3,1
USR-00423,CAT-001,Smartphones,Digital,9,9,0
USR-00423,CAT-002,Laptops,Digital,10,7,3
USR-00423,CAT-003,Headphones,Digital,10,9,1
USR-00423,CAT-005,Storage,Digital,9,7,2
USR-00423,CAT-012,Shoes,Style,5,4,1
USR-00423,CAT-022,Baby care,Family,2,2,0
USR-00424,CAT-001,Smartphones,Digital,7,4,3
USR-00424,CAT-002,Laptops,Digital,11,9,2
USR-00424,CAT-003,Headphones,Digital,13,10,3
USR-00424,CAT-004,Monitors,Digital,10,8,2
USR-00424,CAT-005,Storage,Digital,12,10,2
USR-00424,CAT-022,Baby care,Family,1,1,0
USR-00424,CAT-030,Sports,Outdoor,2,1,1
USR-00425,CAT-016,Skincare,Wellness,9,7,2
USR-00425,CAT-017,Haircare,Wellness,9,9,0
USR-00425,CAT-018,Supplements,Wellness,6,3,3
USR-00425,CAT-019,Fitness,Wellness,5,5,0
USR-00425,CAT-023,Books,Family,1,1,0
USR-00426,CAT-007,Cleaning,Home,2,2,0
USR-00426,CAT-009,Lighting,Home,6,5,1
USR-00426,CAT-010,Bedding,Home,6,6,0
USR-00426,CAT-021,Toys,Family,10,8,2
USR-00426,CAT-022,Baby care,Family,10,9,1
USR-00426,CAT-025,Board games,Family,8,5,3
USR-00427,CAT-006,Kitchen appliances,Home,14,8,6
USR-00427,CAT-007,Cleaning,Home,5,5,0
USR-00427,CAT-008,Coffee,Home,13,12,1
USR-00427,CAT-010,Bedding,Home,8,8,0
USR-00427,CAT-015,Jewelry,Style,4,2,2
USR-00427,CAT-022,Baby care,Family,3,2,1
USR-00428,CAT-002,Laptops,Digital,5,4,1
USR-00428,CAT-021,Toys,Family,15,10,5
USR-00428,CAT-022,Baby care,Family,8,7,1
USR-00428,CAT-023,Books,Family,8,6,2
USR-00429,CAT-001,Smartphones,Digital,14,11,3
USR-00429,CAT-002,Laptops,Digital,14,12,2
USR-00429,CAT-004,Monitors,Digital,8,7,1
USR-00429,CAT-005,Storage,Digital,11,9,2
USR-00429,CAT-025,Board games,Family,2,2,0
USR-00430,CAT-009,Lighting,Home,2,2,0
USR-00430,CAT-021,Toys,Family,5,5,0
USR-00430,CAT-022,Baby care,Family,12,8,4
USR-00430,CAT-023,Books,Family,10,7,3
USR-00430,CAT-024,Stationery,Family,13,11,2
USR-00430,CAT-025,Board games,Family,8,6,2
USR-00431,CAT-012,Shoes,Style,3,3,0
USR-00431,CAT-026,Cycling,Outdoor,9,8,1
USR-00431,CAT-027,Camping,Outdoor,8,7,1
USR-00431,CAT-028,Garden,Outdoor,10,8,2
USR-00431,CAT-029,Automotive,Outdoor,10,9,1
USR-00431,CAT-030,Sports,Outdoor,5,3,2
USR-00432,CAT-021,Toys,Family,9,7,2
USR-00432,CAT-022,Baby care,Family,7,5,2
USR-00432,CAT-024,Stationery,Family,10,6,4
USR-00432,CAT-025,Board games,Family,6,6,0
USR-00433,CAT-014,Accessories,Style,2,2,0
USR-00433,CAT-017,Haircare,Wellness,11,8,3
USR-00433,CAT-019,Fitness,Wellness,11,7,4
USR-00433,CAT-020,Personal care,Wellness,3,2,1
USR-00434,CAT-011,Clothing,Style,3,2,1
USR-00434,CAT-021,Toys,Family,11,10,1
USR-00434,CAT-022,Baby care,Family,7,5,2
USR-00434,CAT-023,Books,Family,5,3,2
USR-00434,CAT-024,Stationery,Family,8,8,0
USR-00434,CAT-025,Board games,Family,10,7,3
USR-00435,CAT-001,Smartphones,Digital,10,9,1
USR-00435,CAT-003,Headphones,Digital,8,7,1
USR-00435,CAT-005,Storage,Digital,11,8,3
USR-00435,CAT-007,Cleaning,Home,9,8,1
USR-00435,CAT-008,Coffee,Home,6,6,0
USR-00435,CAT-010,Bedding,Home,5,5,0
USR-00436,CAT-006,Kitchen appliances,Home,11,9,2
USR-00436,CAT-007,Cleaning,Home,14,11,3
USR-00436,CAT-008,Coffee,Home,13,12,1
USR-00436,CAT-009,Lighting,Home,6,5,1
USR-00436,CAT-010,Bedding,Home,5,4,1
USR-00436,CAT-012,Shoes,Style,6,6,0
USR-00437,CAT-001,Smartphones,Digital,10,7,3
USR-00437,CAT-002,Laptops,Digital,9,7,2
USR-00437,CAT-003,Headphones,Digital,11,8,3
USR-00437,CAT-005,Storage,Digital,5,3,2
USR-00437,CAT-019,Fitness,Wellness,4,2,2
USR-00437,CAT-030,Sports,Outdoor,1,1,0
USR-00438,CAT-011,Clothing,Style,8,5,3
USR-00438,CAT-012,Shoes,Style,7,6,1
USR-00438,CAT-013,Bags,Style,11,9,2
USR-00438,CAT-014,Accessories,Style,10,8,2
USR-00438,CAT-015,Jewelry,Style,9,9,0
USR-00438,CAT-028,Garden,Outdoor,3,3,0
USR-00439,CAT-003,Headphones,Digital,15,11,4
USR-00439,CAT-004,Monitors,Digital,8,7,1
USR-00439,CAT-005,Storage,Digital,4,4,0
USR-00439,CAT-021,Toys,Family,9,5,4
USR-00439,CAT-022,Baby care,Family,12,11,1
USR-00439,CAT-023,Books,Family,11,7,4
USR-00439,CAT-024,Stationery,Family,12,10,2
USR-00439,CAT-025,Board games,Family,8,7,1
USR-00440,CAT-016,Skincare,Wellness,9,9,0
USR-00440,CAT-017,Haircare,Wellness,8,8,0
USR-00440,CAT-018,Supplements,Wellness,11,7,4
USR-00440,CAT-019,Fitness,Wellness,9,9,0
USR-00440,CAT-020,Personal care,Wellness,8,7,1
USR-00440,CAT-026,Cycling,Outdoor,6,4,2
USR-00440,CAT-029,Automotive,Outdoor,10,9,1
USR-00440,CAT-030,Sports,Outdoor,9,8,1
USR-00441,CAT-011,Clothing,Style,5,4,1
USR-00441,CAT-012,Shoes,Style,8,6,2
USR-00441,CAT-015,Jewelry,Style,5,4,1
USR-00441,CAT-021,Toys,Family,10,7,3
USR-00441,CAT-022,Baby care,Family,7,4,3
USR-00441,CAT-025,Board games,Family,10,8,2
USR-00442,CAT-001,Smartphones,Digital,9,8,1
USR-00442,CAT-002,Laptops,Digital,8,7,1
USR-00442,CAT-003,Headphones,Digital,14,11,3
USR-00442,CAT-004,Monitors,Digital,9,5,4
USR-00442,CAT-005,Storage,Digital,8,7,1
USR-00442,CAT-017,Haircare,Wellness,3,3,0
USR-00443,CAT-012,Shoes,Style,4,3,1
USR-00443,CAT-013,Bags,Style,5,5,0
USR-00443,CAT-022,Baby care,Family,7,5,2
USR-00443,CAT-023,Books,Family,12,11,1
USR-00443,CAT-024,Stationery,Family,10,7,3
USR-00443,CAT-025,Board games,Family,12,12,0
USR-00444,CAT-001,Smartphones,Digital,2,2,0
USR-00444,CAT-003,Headphones,Digital,13,12,1
USR-00444,CAT-004,Monitors,Digital,9,6,3
USR-00444,CAT-016,Skincare,Wellness,6,4,2
USR-00445,CAT-006,Kitchen appliances,Home,7,7,0
USR-00445,CAT-007,Cleaning,Home,8,7,1
USR-00445,CAT-009,Lighting,Home,5,4,1
USR-00445,CAT-010,Bedding,Home,9,8,1
USR-00445,CAT-024,Stationery,Family,1,1,0
USR-00446,CAT-016,Skincare,Wellness,12,10,2
USR-00446,CAT-017,Haircare,Wellness,12,9,3
USR-00446,CAT-018,Supplements,Wellness,13,12,1
USR-00446,CAT-019,Fitness,Wellness,12,10,2
USR-00446,CAT-020,Personal care,Wellness,7,7,0
USR-00446,CAT-025,Board games,Family,5,4,1
USR-00447,CAT-025,Board games,Family,2,2,0
USR-00447,CAT-026,Cycling,Outdoor,7,5,2
USR-00447,CAT-027,Camping,Outdoor,7,5,2
USR-00447,CAT-028,Garden,Outdoor,9,8,1
USR-00447,CAT-030,Sports,Outdoor,11,9,2
USR-00448,CAT-003,Headphones,Digital,4,3,1
USR-00448,CAT-017,Haircare,Wellness,13,11,2
USR-00448,CAT-018,Supplements,Wellness,5,5,0
USR-00448,CAT-019,Fitness,Wellness,9,7,2
USR-00449,CAT-001,Smartphones,Digital,8,7,1
USR-00449,CAT-002,Laptops,Digital,6,6,0
USR-00449,CAT-003,Headphones,Digital,7,6,1
USR-00449,CAT-011,Clothing,Style,1,1,0
USR-00450,CAT-016,Skincare,Wellness,13,13,0
USR-00450,CAT-017,Haircare,Wellness,10,9,1
USR-00450,CAT-018,Supplements,Wellness,10,8,2
USR-00450,CAT-019,Fitness,Wellness,5,3,2
USR-00450,CAT-020,Personal care,Wellness,7,5,2
USR-00451,CAT-002,Laptops,Digital,11,10,1
USR-00451,CAT-003,Headphones,Digital,6,6,0
USR-00451,CAT-005,Storage,Digital,10,8,2
USR-00451,CAT-020,Personal care,Wellness,3,1,2
USR-00452,CAT-027,Camping,Outdoor,10,10,0
USR-00452,CAT-028,Garden,Outdoor,14,12,2
USR-00452,CAT-029,Automotive,Outdoor,9,8,1
USR-00452,CAT-030,Sports,Outdoor,10,6,4
USR-00453,CAT-012,Shoes,Style,6,4,2
USR-00453,CAT-013,Bags,Style,5,3,2
USR-00453,CAT-015,Jewelry,Style,6,5,1
USR-00453,CAT-016,Skincare,Wellness,9,7,2
USR-00453,CAT-017,Haircare,Wellness,10,10,0
USR-00453,CAT-019,Fitness,Wellness,9,7,2
USR-00453,CAT-020,Personal care,Wellness,9,6,3
USR-00454,CAT-001,Smartphones,Digital,9,9,0
USR-00454,CAT-002,Laptops,Digital,8,8,0
USR-00454,CAT-005,Storage,Digital,4,4,0
USR-00454,CAT-021,Toys,Family,2,1,1
USR-00454,CAT-029,Automotive,Outdoor,1,1,0
USR-00455,CAT-001,Smartphones,Digital,10,8,2
USR-00455,CAT-002,Laptops,Digital,8,7,1
USR-00455,CAT-003,Headphones,Digital,5,3,2
USR-00455,CAT-004,Monitors,Digital,10,9,1
USR-00455,CAT-005,Storage,Digital,6,6,0
USR-00455,CAT-013,Bags,Style,5,5,0
USR-00455,CAT-014,Accessories,Style,7,6,1
USR-00455,CAT-015,Jewelry,Style,8,7,1
USR-00456,CAT-001,Smartphones,Digital,8,8,0
USR-00456,CAT-002,Laptops,Digital,8,4,4
USR-00456,CAT-003,Headphones,Digital,11,10,1
USR-00456,CAT-004,Monitors,Digital,11,7,4
USR-00456,CAT-005,Storage,Digital,8,8,0
USR-00456,CAT-011,Clothing,Style,8,7,1
USR-00456,CAT-012,Shoes,Style,10,10,0
USR-00456,CAT-014,Accessories,Style,7,6,1
USR-00457,CAT-016,Skincare,Wellness,4,3,1
USR-00457,CAT-026,Cycling,Outdoor,8,7,1
USR-00457,CAT-027,Camping,Outdoor,9,8,1
USR-00457,CAT-028,Garden,Outdoor,9,6,3
USR-00457,CAT-029,Automotive,Outdoor,10,7,3
USR-00457,CAT-030,Sports,Outdoor,12,8,4
USR-00458,CAT-007,Cleaning,Home,4,4,0
USR-00458,CAT-013,Bags,Style,10,9,1
USR-00458,CAT-014,Accessories,Style,12,9,3
USR-00458,CAT-015,Jewelry,Style,8,5,3
USR-00459,CAT-003,Headphones,Digital,6,6,0
USR-00459,CAT-021,Toys,Family,7,6,1
USR-00459,CAT-022,Baby care,Family,7,6,1
USR-00459,CAT-023,Books,Family,5,4,1
USR-00459,CAT-024,Stationery,Family,15,12,3
USR-00459,CAT-025,Board games,Family,8,6,2
USR-00460,CAT-006,Kitchen appliances,Home,7,5,2
USR-00460,CAT-007,Cleaning,Home,8,7,1
USR-00460,CAT-008,Coffee,Home,12,11,1
USR-00460,CAT-016,Skincare,Wellness,11,8,3
USR-00460,CAT-018,Supplements,Wellness,11,8,3
USR-00460,CAT-020,Personal care,Wellness,12,11,1
USR-00461,CAT-016,Skincare,Wellness,11,9,2
USR-00461,CAT-017,Haircare,Wellness,9,7,2
USR-00461,CAT-018,Supplements,Wellness,11,8,3
USR-00461,CAT-019,Fitness,Wellness,12,9,3
USR-00461,CAT-020,Personal care,Wellness,7,4,3
USR-00462,CAT-001,Smartphones,Digital,9,8,1
USR-00462,CAT-002,Laptops,Digital,5,5,0
USR-00462,CAT-003,Headphones,Digital,5,4,1
USR-00462,CAT-004,Monitors,Digital,10,6,4
USR-00462,CAT-005,Storage,Digital,13,11,2
USR-00463,CAT-011,Clothing,Style,2,2,0
USR-00463,CAT-026,Cycling,Outdoor,9,5,4
USR-00463,CAT-027,Camping,Outdoor,9,6,3
USR-00463,CAT-028,Garden,Outdoor,13,12,1
USR-00463,CAT-029,Automotive,Outdoor,11,9,2
USR-00463,CAT-030,Sports,Outdoor,9,6,3
USR-00464,CAT-006,Kitchen appliances,Home,11,9,2
USR-00464,CAT-007,Cleaning,Home,8,4,4
USR-00464,CAT-008,Coffee,Home,9,8,1
USR-00464,CAT-009,Lighting,Home,10,10,0
USR-00464,CAT-010,Bedding,Home,10,9,1
USR-00465,CAT-016,Skincare,Wellness,12,9,3
USR-00465,CAT-017,Haircare,Wellness,6,5,1
USR-00465,CAT-018,Supplements,Wellness,5,4,1
USR-00465,CAT-019,Fitness,Wellness,13,11,2
USR-00466,CAT-017,Haircare,Wellness,9,6,3
USR-00466,CAT-018,Supplements,Wellness,5,4,1
USR-00466,CAT-020,Personal care,Wellness,7,5,2
USR-00466,CAT-030,Sports,Outdoor,5,4,1
USR-00467,CAT-002,Laptops,Digital,3,3,0
USR-00467,CAT-017,Haircare,Wellness,10,10,0
USR-00467,CAT-018,Supplements,Wellness,11,10,1
USR-00467,CAT-020,Personal care,Wellness,13,10,3
USR-00468,CAT-027,Camping,Outdoor,4,3,1
USR-00468,CAT-028,Garden,Outdoor,15,14,1
USR-00468,CAT-030,Sports,Outdoor,10,7,3
USR-00469,CAT-002,Laptops,Digital,8,5,3
USR-00469,CAT-003,Headphones,Digital,12,10,2
USR-00469,CAT-004,Monitors,Digital,7,5,2
USR-00469,CAT-023,Books,Family,3,3,0
USR-00470,CAT-011,Clothing,Style,7,5,2
USR-00470,CAT-012,Shoes,Style,9,4,5
USR-00470,CAT-015,Jewelry,Style,8,7,1
USR-00471,CAT-012,Shoes,Style,3,3,0
USR-00471,CAT-013,Bags,Style,10,8,2
USR-00471,CAT-014,Accessories,Style,5,5,0
USR-00472,CAT-011,Clothing,Style,8,7,1
USR-00472,CAT-012,Shoes,Style,6,3,3
USR-00472,CAT-013,Bags,Style,7,6,1
USR-00472,CAT-014,Accessories,Style,11,9,2
USR-00472,CAT-015,Jewelry,Style,14,9,5
USR-00472,CAT-016,Skincare,Wellness,3,3,0
USR-00473,CAT-001,Smartphones,Digital,9,4,5
USR-00473,CAT-002,Laptops,Digital,7,6,1
USR-00473,CAT-003,Headphones,Digital,11,9,2
USR-00473,CAT-004,Monitors,Digital,6,4,2
USR-00473,CAT-005,Storage,Digital,8,5,3
USR-00473,CAT-027,Camping,Outdoor,3,3,0
USR-00474,CAT-002,Laptops,Digital,10,9,1
USR-00474,CAT-003,Headphones,Digital,8,6,2
USR-00474,CAT-005,Storage,Digital,12,11,1
USR-00474,CAT-023,Books,Family,7,6,1
USR-00474,CAT-024,Stationery,Family,5,5,0
USR-00474,CAT-025,Board games,Family,8,5,3
USR-00475,CAT-007,Cleaning,Home,9,9,0
USR-00475,CAT-008,Coffee,Home,9,7,2
USR-00475,CAT-009,Lighting,Home,10,10,0
USR-00475,CAT-010,Bedding,Home,4,4,0
USR-00475,CAT-028,Garden,Outdoor,8,7,1
USR-00475,CAT-029,Automotive,Outdoor,8,5,3
USR-00475,CAT-030,Sports,Outdoor,7,7,0
USR-00476,CAT-006,Kitchen appliances,Home,8,6,2
USR-00476,CAT-008,Coffee,Home,7,5,2
USR-00476,CAT-009,Lighting,Home,10,8,2
USR-00476,CAT-010,Bedding,Home,3,3,0
USR-00476,CAT-023,Books,Family,5,4,1
USR-00476,CAT-024,Stationery,Family,8,7,1
USR-00476,CAT-025,Board games,Family,9,7,2
USR-00477,CAT-002,Laptops,Digital,5,5,0
USR-00477,CAT-011,Clothing,Style,9,8,1
USR-00477,CAT-013,Bags,Style,15,13,2
USR-00477,CAT-015,Jewelry,Style,7,6,1
USR-00478,CAT-016,Skincare,Wellness,12,10,2
USR-00478,CAT-017,Haircare,Wellness,8,7,1
USR-00478,CAT-019,Fitness,Wellness,12,10,2
USR-00478,CAT-027,Camping,Outdoor,4,4,0
USR-00478,CAT-028,Garden,Outdoor,5,4,1
USR-00479,CAT-017,Haircare,Wellness,5,4,1
USR-00479,CAT-018,Supplements,Wellness,7,7,0
USR-00479,CAT-019,Fitness,Wellness,10,7,3
USR-00480,CAT-011,Clothing,Style,8,7,1
USR-00480,CAT-013,Bags,Style,6,3,3
USR-00480,CAT-014,Accessories,Style,11,7,4
USR-00480,CAT-015,Jewelry,Style,9,9,0
USR-00480,CAT-030,Sports,Outdoor,1,1,0
USR-00481,CAT-011,Clothing,Style,4,3,1
USR-00481,CAT-012,Shoes,Style,15,13,2
USR-00481,CAT-013,Bags,Style,7,7,0
USR-00482,CAT-006,Kitchen appliances,Home,9,6,3
USR-00482,CAT-007,Cleaning,Home,10,8,2
USR-00482,CAT-009,Lighting,Home,7,6,1
USR-00482,CAT-017,Haircare,Wellness,3,3,0
USR-00483,CAT-010,Bedding,Home,3,3,0
USR-00483,CAT-016,Skincare,Wellness,10,7,3
USR-00483,CAT-017,Haircare,Wellness,7,5,2
USR-00483,CAT-018,Supplements,Wellness,8,7,1
USR-00483,CAT-019,Fitness,Wellness,6,6,0
USR-00483,CAT-020,Personal care,Wellness,7,5,2
USR-00484,CAT-006,Kitchen appliances,Home,12,10,2
USR-00484,CAT-007,Cleaning,Home,10,7,3
USR-00484,CAT-008,Coffee,Home,6,4,2
USR-00484,CAT-010,Bedding,Home,6,6,0
USR-00484,CAT-030,Sports,Outdoor,4,4,0
USR-00485,CAT-001,Smartphones,Digital,7,3,4
USR-00485,CAT-002,Laptops,Digital,6,4,2
USR-00485,CAT-003,Headphones,Digital,3,3,0
USR-00485,CAT-004,Monitors,Digital,12,9,3
USR-00485,CAT-005,Storage,Digital,6,4,2
USR-00485,CAT-017,Haircare,Wellness,9,7,2
USR-00485,CAT-018,Supplements,Wellness,8,6,2
USR-00485,CAT-019,Fitness,Wellness,2,1,1
USR-00486,CAT-007,Cleaning,Home,2,2,0
USR-00486,CAT-011,Clothing,Style,4,3,1
USR-00486,CAT-012,Shoes,Style,9,9,0
USR-00486,CAT-013,Bags,Style,8,5,3
USR-00486,CAT-014,Accessories,Style,6,4,2
USR-00486,CAT-015,Jewelry,Style,10,6,4
USR-00486,CAT-024,Stationery,Family,3,3,0
USR-00487,CAT-003,Headphones,Digital,1,1,0
USR-00487,CAT-011,Clothing,Style,11,10,1
USR-00487,CAT-013,Bags,Style,8,6,2
USR-00487,CAT-014,Accessories,Style,7,7,0
USR-00487,CAT-015,Jewelry,Style,15,10,5
USR-00488,CAT-006,Kitchen appliances,Home,6,5,1
USR-00488,CAT-007,Cleaning,Home,11,10,1
USR-00488,CAT-009,Lighting,Home,8,6,2
USR-00488,CAT-010,Bedding,Home,9,6,3
USR-00488,CAT-023,Books,Family,1,1,0
USR-00489,CAT-016,Skincare,Wellness,10,9,1
USR-00489,CAT-017,Haircare,Wellness,11,9,2
USR-00489,CAT-018,Supplements,Wellness,7,5,2
USR-00489,CAT-020,Personal care,Wellness,12,10,2
USR-00489,CAT-024,Stationery,Family,5,2,3
USR-00490,CAT-003,Headphones,Digital,8,8,0
USR-00490,CAT-004,Monitors,Digital,6,6,0
USR-00490,CAT-005,Storage,Digital,8,7,1
USR-00490,CAT-016,Skincare,Wellness,7,7,0
USR-00490,CAT-019,Fitness,Wellness,9,7,2
USR-00490,CAT-020,Personal care,Wellness,7,5,2
USR-00491,CAT-015,Jewelry,Style,2,2,0
USR-00491,CAT-016,Skincare,Wellness,7,4,3
USR-00491,CAT-017,Haircare,Wellness,9,8,1
USR-00491,CAT-018,Supplements,Wellness,4,2,2
USR-00491,CAT-020,Personal care,Wellness,9,8,1
USR-00492,CAT-010,Bedding,Home,5,5,0
USR-00492,CAT-016,Skincare,Wellness,5,4,1
USR-00492,CAT-017,Haircare,Wellness,7,7,0
USR-00492,CAT-018,Supplements,Wellness,9,8,1
USR-00492,CAT-020,Personal care,Wellness,8,8,0
USR-00493,CAT-011,Clothing,Style,9,5,4
USR-00493,CAT-012,Shoes,Style,7,6,1
USR-00493,CAT-014,Accessories,Style,5,4,1
USR-00493,CAT-016,Skincare,Wellness,5,5,0
USR-00493,CAT-018,Supplements,Wellness,4,3,1
USR-00493,CAT-020,Personal care,Wellness,9,9,0
USR-00494,CAT-007,Cleaning,Home,9,8,1
USR-00494,CAT-008,Coffee,Home,10,10,0
USR-00494,CAT-009,Lighting,Home,14,11,3
USR-00494,CAT-010,Bedding,Home,8,6,2
USR-00494,CAT-027,Camping,Outdoor,7,4,3
USR-00494,CAT-029,Automotive,Outdoor,7,3,4
USR-00494,CAT-030,Sports,Outdoor,13,10,3
USR-00495,CAT-021,Toys,Family,6,5,1
USR-00495,CAT-022,Baby care,Family,14,13,1
USR-00495,CAT-023,Books,Family,10,5,5
USR-00495,CAT-024,Stationery,Family,11,10,1
USR-00495,CAT-025,Board games,Family,10,9,1
USR-00495,CAT-026,Cycling,Outdoor,6,5,1
USR-00495,CAT-028,Garden,Outdoor,8,6,2
USR-00495,CAT-029,Automotive,Outdoor,6,6,0
USR-00496,CAT-005,Storage,Digital,1,1,0
USR-00496,CAT-011,Clothing,Style,8,6,2
USR-00496,CAT-012,Shoes,Style,9,7,2
USR-00496,CAT-013,Bags,Style,8,7,1
USR-00496,CAT-014,Accessories,Style,9,5,4
USR-00496,CAT-015,Jewelry,Style,10,9,1
USR-00496,CAT-029,Automotive,Outdoor,1,1,0
USR-00497,CAT-011,Clothing,Style,9,7,2
USR-00497,CAT-012,Shoes,Style,10,8,2
USR-00497,CAT-013,Bags,Style,10,10,0
USR-00497,CAT-014,Accessories,Style,5,3,2
USR-00497,CAT-016,Skincare,Wellness,6,6,0
USR-00498,CAT-007,Cleaning,Home,3,3,0
USR-00498,CAT-016,Skincare,Wellness,7,6,1
USR-00498,CAT-017,Haircare,Wellness,8,5,3
USR-00498,CAT-018,Supplements,Wellness,5,4,1
USR-00498,CAT-019,Fitness,Wellness,6,6,0
USR-00498,CAT-020,Personal care,Wellness,5,5,0
USR-00499,CAT-006,Kitchen appliances,Home,9,9,0
USR-00499,CAT-007,Cleaning,Home,9,9,0
USR-00499,CAT-008,Coffee,Home,10,10,0
USR-00499,CAT-009,Lighting,Home,6,6,0
USR-00499,CAT-016,Skincare,Wellness,2,2,0
USR-00499,CAT-024,Stationery,Family,2,2,0
USR-00500,CAT-002,Laptops,Digital,3,2,1
USR-00500,CAT-010,Bedding,Home,2,2,0
USR-00500,CAT-012,Shoes,Style,13,11,2
USR-00500,CAT-013,Bags,Style,5,4,1
USR-00500,CAT-014,Accessories,Style,4,4,0
USR-00500,CAT-015,Jewelry,Style,10,7,3
USR-00501,CAT-009,Lighting,Home,3,3,0
USR-00501,CAT-018,Supplements,Wellness,4,3,1
USR-00501,CAT-023,Books,Family,9,8,1
USR-00501,CAT-024,Stationery,Family,12,11,1
USR-00501,CAT-025,Board games,Family,7,6,1
USR-00502,CAT-009,Lighting,Home,5,3,2
USR-00502,CAT-017,Haircare,Wellness,2,2,0
USR-00502,CAT-027,Camping,Outdoor,10,10,0
USR-00502,CAT-028,Garden,Outdoor,12,12,0
USR-00502,CAT-030,Sports,Outdoor,9,6,3
USR-00503,CAT-006,Kitchen appliances,Home,5,5,0
USR-00503,CAT-007,Cleaning,Home,8,6,2
USR-00503,CAT-009,Lighting,Home,8,7,1
USR-00503,CAT-026,Cycling,Outdoor,10,8,2
USR-00503,CAT-028,Garden,Outdoor,8,7,1
USR-00503,CAT-029,Automotive,Outdoor,14,13,1
USR-00503,CAT-030,Sports,Outdoor,11,10,1
USR-00504,CAT-004,Monitors,Digital,1,1,0
USR-00504,CAT-009,Lighting,Home,2,1,1
USR-00504,CAT-012,Shoes,Style,8,7,1
USR-00504,CAT-014,Accessories,Style,7,6,1
USR-00504,CAT-015,Jewelry,Style,7,4,3
USR-00505,CAT-011,Clothing,Style,15,10,5
USR-00505,CAT-014,Accessories,Style,8,7,1
USR-00505,CAT-015,Jewelry,Style,7,7,0
USR-00505,CAT-022,Baby care,Family,2,1,1
USR-00506,CAT-022,Baby care,Family,6,5,1
USR-00506,CAT-024,Stationery,Family,7,5,2
USR-00506,CAT-025,Board games,Family,18,13,5
USR-00507,CAT-001,Smartphones,Digital,7,7,0
USR-00507,CAT-002,Laptops,Digital,8,8,0
USR-00507,CAT-004,Monitors,Digital,9,3,6
USR-00507,CAT-006,Kitchen appliances,Home,17,11,6
USR-00507,CAT-007,Cleaning,Home,13,8,5
USR-00507,CAT-008,Coffee,Home,9,7,2
USR-00507,CAT-009,Lighting,Home,13,11,2
USR-00507,CAT-010,Bedding,Home,11,11,0
USR-00508,CAT-006,Kitchen appliances,Home,9,9,0
USR-00508,CAT-008,Coffee,Home,5,5,0
USR-00508,CAT-009,Lighting,Home,6,6,0
USR-00508,CAT-021,Toys,Family,10,9,1
USR-00508,CAT-022,Baby care,Family,6,6,0
USR-00508,CAT-023,Books,Family,10,7,3
USR-00508,CAT-024,Stationery,Family,8,7,1
USR-00509,CAT-011,Clothing,Style,13,10,3
USR-00509,CAT-012,Shoes,Style,10,7,3
USR-00509,CAT-013,Bags,Style,11,9,2
USR-00509,CAT-014,Accessories,Style,6,5,1
USR-00509,CAT-015,Jewelry,Style,8,8,0
USR-00509,CAT-025,Board games,Family,1,1,0
USR-00510,CAT-001,Smartphones,Digital,10,7,3
USR-00510,CAT-002,Laptops,Digital,11,10,1
USR-00510,CAT-004,Monitors,Digital,10,8,2
USR-00510,CAT-005,Storage,Digital,7,6,1
USR-00510,CAT-030,Sports,Outdoor,2,1,1
USR-00511,CAT-001,Smartphones,Digital,8,7,1
USR-00511,CAT-003,Headphones,Digital,7,4,3
USR-00511,CAT-004,Monitors,Digital,12,10,2
USR-00511,CAT-006,Kitchen appliances,Home,2,1,1
USR-00512,CAT-022,Baby care,Family,6,4,2
USR-00512,CAT-023,Books,Family,6,3,3
USR-00512,CAT-024,Stationery,Family,8,7,1
USR-00512,CAT-025,Board games,Family,6,5,1
USR-00513,CAT-001,Smartphones,Digital,10,8,2
USR-00513,CAT-002,Laptops,Digital,7,5,2
USR-00513,CAT-004,Monitors,Digital,7,5,2
USR-00513,CAT-005,Storage,Digital,7,4,3
USR-00514,CAT-006,Kitchen appliances,Home,8,6,2
USR-00514,CAT-007,Cleaning,Home,7,6,1
USR-00514,CAT-009,Lighting,Home,5,4,1
USR-00514,CAT-015,Jewelry,Style,3,3,0
USR-00514,CAT-026,Cycling,Outdoor,4,2,2
USR-00515,CAT-006,Kitchen appliances,Home,12,9,3
USR-00515,CAT-007,Cleaning,Home,11,7,4
USR-00515,CAT-008,Coffee,Home,11,8,3
USR-00515,CAT-009,Lighting,Home,4,3,1
USR-00515,CAT-010,Bedding,Home,8,6,2
USR-00515,CAT-027,Camping,Outdoor,10,8,2
USR-00515,CAT-028,Garden,Outdoor,8,5,3
USR-00515,CAT-030,Sports,Outdoor,7,6,1
USR-00516,CAT-001,Smartphones,Digital,9,7,2
USR-00516,CAT-003,Headphones,Digital,8,7,1
USR-00516,CAT-004,Monitors,Digital,4,2,2
USR-00516,CAT-005,Storage,Digital,7,6,1
USR-00516,CAT-020,Personal care,Wellness,1,1,0
USR-00517,CAT-008,Coffee,Home,4,4,0
USR-00517,CAT-009,Lighting,Home,4,3,1
USR-00517,CAT-010,Bedding,Home,12,11,1
USR-00518,CAT-021,Toys,Family,12,8,4
USR-00518,CAT-022,Baby care,Family,10,9,1
USR-00518,CAT-023,Books,Family,9,8,1
USR-00518,CAT-024,Stationery,Family,8,6,2
USR-00518,CAT-025,Board games,Family,6,6,0
USR-00519,CAT-001,Smartphones,Digital,10,8,2
USR-00519,CAT-002,Laptops,Digital,9,6,3
USR-00519,CAT-003,Headphones,Digital,13,12,1
USR-00519,CAT-004,Monitors,Digital,7,4,3
USR-00519,CAT-005,Storage,Digital,7,4,3
USR-00519,CAT-007,Cleaning,Home,3,1,2
USR-00519,CAT-008,Coffee,Home,6,6,0
USR-00519,CAT-010,Bedding,Home,8,6,2
USR-00520,CAT-021,Toys,Family,8,7,1
USR-00520,CAT-024,Stationery,Family,7,7,0
USR-00520,CAT-025,Board games,Family,7,6,1
USR-00521,CAT-007,Cleaning,Home,5,2,3
USR-00521,CAT-008,Coffee,Home,7,5,2
USR-00521,CAT-010,Bedding,Home,8,7,1
USR-00521,CAT-022,Baby care,Family,8,8,0
USR-00521,CAT-023,Books,Family,11,7,4
USR-00521,CAT-024,Stationery,Family,10,7,3
USR-00522,CAT-007,Cleaning,Home,6,4,2
USR-00522,CAT-008,Coffee,Home,14,11,3
USR-00522,CAT-009,Lighting,Home,8,7,1
USR-00522,CAT-010,Bedding,Home,12,11,1
USR-00522,CAT-029,Automotive,Outdoor,1,1,0
USR-00523,CAT-001,Smartphones,Digital,7,7,0
USR-00523,CAT-002,Laptops,Digital,6,5,1
USR-00523,CAT-004,Monitors,Digital,9,8,1
USR-00523,CAT-005,Storage,Digital,8,8,0
USR-00523,CAT-020,Personal care,Wellness,2,1,1
USR-00524,CAT-017,Haircare,Wellness,9,5,4
USR-00524,CAT-018,Supplements,Wellness,11,9,2
USR-00524,CAT-019,Fitness,Wellness,6,4,2
USR-00525,CAT-001,Smartphones,Digital,5,4,1
USR-00525,CAT-002,Laptops,Digital,8,5,3
USR-00525,CAT-003,Headphones,Digital,14,10,4
USR-00525,CAT-004,Monitors,Digital,11,10,1
USR-00525,CAT-005,Storage,Digital,9,7,2
USR-00525,CAT-010,Bedding,Home,5,5,0
USR-00525,CAT-027,Camping,Outdoor,5,4,1
USR-00526,CAT-002,Laptops,Digital,7,5,2
USR-00526,CAT-003,Headphones,Digital,4,4,0
USR-00526,CAT-005,Storage,Digital,7,6,1
USR-00526,CAT-007,Cleaning,Home,8,7,1
USR-00526,CAT-008,Coffee,Home,11,7,4
USR-00526,CAT-009,Lighting,Home,6,5,1
USR-00526,CAT-010,Bedding,Home,14,10,4
USR-00527,CAT-025,Board games,Family,6,6,0
USR-00527,CAT-027,Camping,Outdoor,8,6,2
USR-00527,CAT-028,Garden,Outdoor,8,7,1
USR-00527,CAT-029,Automotive,Outdoor,9,7,2
USR-00527,CAT-030,Sports,Outdoor,8,8,0
USR-00528,CAT-016,Skincare,Wellness,4,3,1
USR-00528,CAT-026,Cycling,Outdoor,9,5,4
USR-00528,CAT-027,Camping,Outdoor,8,6,2
USR-00528,CAT-028,Garden,Outdoor,6,5,1
USR-00528,CAT-029,Automotive,Outdoor,7,7,0
USR-00528,CAT-030,Sports,Outdoor,19,14,5
USR-00529,CAT-012,Shoes,Style,3,2,1
USR-00529,CAT-014,Accessories,Style,4,3,1
USR-00529,CAT-015,Jewelry,Style,5,5,0
USR-00529,CAT-021,Toys,Family,10,6,4
USR-00529,CAT-022,Baby care,Family,6,5,1
USR-00529,CAT-023,Books,Family,11,9,2
USR-00530,CAT-006,Kitchen appliances,Home,9,5,4
USR-00530,CAT-007,Cleaning,Home,8,6,2
USR-00530,CAT-008,Coffee,Home,12,9,3
USR-00530,CAT-012,Shoes,Style,4,4,0
USR-00530,CAT-029,Automotive,Outdoor,1,1,0
USR-00531,CAT-006,Kitchen appliances,Home,3,3,0
USR-00531,CAT-008,Coffee,Home,6,6,0
USR-00531,CAT-009,Lighting,Home,7,7,0
USR-00531,CAT-018,Supplements,Wellness,11,10,1
USR-00531,CAT-019,Fitness,Wellness,6,5,1
USR-00531,CAT-020,Personal care,Wellness,7,5,2
USR-00532,CAT-006,Kitchen appliances,Home,6,6,0
USR-00532,CAT-017,Haircare,Wellness,10,4,6
USR-00532,CAT-019,Fitness,Wellness,11,9,2
USR-00532,CAT-020,Personal care,Wellness,6,6,0
USR-00533,CAT-006,Kitchen appliances,Home,4,2,2
USR-00533,CAT-011,Clothing,Style,6,5,1
USR-00533,CAT-012,Shoes,Style,10,9,1
USR-00533,CAT-013,Bags,Style,12,9,3
USR-00533,CAT-014,Accessories,Style,6,5,1
USR-00533,CAT-015,Jewelry,Style,10,8,2
USR-00533,CAT-023,Books,Family,4,3,1
USR-00534,CAT-016,Skincare,Wellness,10,8,2
USR-00534,CAT-017,Haircare,Wellness,12,10,2
USR-00534,CAT-018,Supplements,Wellness,10,7,3
USR-00534,CAT-020,Personal care,Wellness,12,9,3
USR-00534,CAT-030,Sports,Outdoor,1,1,0
USR-00535,CAT-001,Smartphones,Digital,7,7,0
USR-00535,CAT-002,Laptops,Digital,9,8,1
USR-00535,CAT-003,Headphones,Digital,7,6,1
USR-00535,CAT-004,Monitors,Digital,10,9,1
USR-00535,CAT-005,Storage,Digital,8,7,1
USR-00535,CAT-008,Coffee,Home,3,3,0
USR-00535,CAT-016,Skincare,Wellness,2,2,0
USR-00536,CAT-007,Cleaning,Home,4,4,0
USR-00536,CAT-008,Coffee,Home,10,9,1
USR-00536,CAT-009,Lighting,Home,12,10,2
USR-00536,CAT-010,Bedding,Home,10,7,3
USR-00536,CAT-026,Cycling,Outdoor,6,5,1
USR-00536,CAT-028,Garden,Outdoor,13,9,4
USR-00536,CAT-029,Automotive,Outdoor,6,5,1
USR-00537,CAT-003,Headphones,Digital,4,2,2
USR-00537,CAT-011,Clothing,Style,7,4,3
USR-00537,CAT-012,Shoes,Style,14,13,1
USR-00537,CAT-013,Bags,Style,12,11,1
USR-00538,CAT-001,Smartphones,Digital,11,11,0
USR-00538,CAT-003,Headphones,Digital,10,8,2
USR-00538,CAT-004,Monitors,Digital,13,11,2
USR-00538,CAT-018,Supplements,Wellness,7,7,0
USR-00539,CAT-002,Laptops,Digital,9,7,2
USR-00539,CAT-004,Monitors,Digital,9,5,4
USR-00539,CAT-005,Storage,Digital,9,7,2
USR-00539,CAT-009,Lighting,Home,1,1,0
USR-00540,CAT-012,Shoes,Style,7,5,2
USR-00540,CAT-021,Toys,Family,8,7,1
USR-00540,CAT-022,Baby care,Family,10,9,1
USR-00540,CAT-023,Books,Family,7,6,1
USR-00540,CAT-024,Stationery,Family,10,5,5
USR-00540,CAT-025,Board games,Family,12,11,1
USR-00541,CAT-011,Clothing,Style,2,2,0
USR-00541,CAT-016,Skincare,Wellness,3,1,2
USR-00541,CAT-026,Cycling,Outdoor,6,6,0
USR-00541,CAT-027,Camping,Outdoor,13,13,0
USR-00541,CAT-028,Garden,Outdoor,9,7,2
USR-00541,CAT-029,Automotive,Outdoor,6,5,1
USR-00542,CAT-008,Coffee,Home,2,2,0
USR-00542,CAT-016,Skincare,Wellness,10,4,6
USR-00542,CAT-017,Haircare,Wellness,10,10,0
USR-00542,CAT-019,Fitness,Wellness,10,8,2
USR-00542,CAT-020,Personal care,Wellness,5,4,1
USR-00543,CAT-014,Accessories,Style,4,4,0
USR-00543,CAT-022,Baby care,Family,8,8,0
USR-00543,CAT-023,Books,Family,8,7,1
USR-00543,CAT-024,Stationery,Family,8,8,0
USR-00544,CAT-001,Smartphones,Digital,2,2,0
USR-00544,CAT-027,Camping,Outdoor,11,9,2
USR-00544,CAT-028,Garden,Outdoor,10,7,3
USR-00544,CAT-029,Automotive,Outdoor,8,5,3
USR-00545,CAT-002,Laptops,Digital,5,5,0
USR-00545,CAT-003,Headphones,Digital,7,3,4
USR-00545,CAT-004,Monitors,Digital,9,8,1
USR-00545,CAT-005,Storage,Digital,5,3,2
USR-00545,CAT-024,Stationery,Family,3,2,1
USR-00546,CAT-012,Shoes,Style,15,12,3
USR-00546,CAT-014,Accessories,Style,7,6,1
USR-00546,CAT-015,Jewelry,Style,11,9,2
USR-00546,CAT-029,Automotive,Outdoor,4,4,0
USR-00547,CAT-011,Clothing,Style,7,7,0
USR-00547,CAT-012,Shoes,Style,7,6,1
USR-00547,CAT-013,Bags,Style,12,8,4
USR-00547,CAT-015,Jewelry,Style,10,6,4
USR-00547,CAT-024,Stationery,Family,5,4,1
USR-00548,CAT-001,Smartphones,Digital,13,9,4
USR-00548,CAT-002,Laptops,Digital,12,10,2
USR-00548,CAT-003,Headphones,Digital,7,7,0
USR-00548,CAT-005,Storage,Digital,6,5,1
USR-00549,CAT-022,Baby care,Family,8,7,1
USR-00549,CAT-023,Books,Family,10,9,1
USR-00549,CAT-025,Board games,Family,4,3,1
USR-00549,CAT-026,Cycling,Outdoor,3,1,2
USR-00549,CAT-027,Camping,Outdoor,6,5,1
USR-00549,CAT-028,Garden,Outdoor,6,5,1
USR-00550,CAT-003,Headphones,Digital,4,4,0
USR-00550,CAT-011,Clothing,Style,17,12,5
USR-00550,CAT-014,Accessories,Style,7,6,1
USR-00550,CAT-015,Jewelry,Style,6,4,2
USR-00551,CAT-011,Clothing,Style,14,13,1
USR-00551,CAT-012,Shoes,Style,7,4,3
USR-00551,CAT-013,Bags,Style,6,5,1
USR-00551,CAT-014,Accessories,Style,23,21,2
USR-00551,CAT-015,Jewelry,Style,12,10,2
USR-00551,CAT-020,Personal care,Wellness,4,2,2
USR-00552,CAT-001,Smartphones,Digital,7,4,3
USR-00552,CAT-002,Laptops,Digital,10,7,3
USR-00552,CAT-003,Headphones,Digital,9,6,3
USR-00552,CAT-004,Monitors,Digital,9,8,1
USR-00552,CAT-005,Storage,Digital,5,4,1
USR-00552,CAT-015,Jewelry,Style,5,3,2
USR-00552,CAT-016,Skincare,Wellness,3,2,1
USR-00553,CAT-001,Smartphones,Digital,5,4,1
USR-00553,CAT-002,Laptops,Digital,13,10,3
USR-00553,CAT-003,Headphones,Digital,10,9,1
USR-00553,CAT-004,Monitors,Digital,11,11,0
USR-00553,CAT-005,Storage,Digital,13,8,5
USR-00553,CAT-011,Clothing,Style,8,8,0
USR-00553,CAT-014,Accessories,Style,5,4,1
USR-00553,CAT-015,Jewelry,Style,10,8,2
USR-00554,CAT-005,Storage,Digital,1,1,0
USR-00554,CAT-007,Cleaning,Home,3,3,0
USR-00554,CAT-026,Cycling,Outdoor,8,8,0
USR-00554,CAT-027,Camping,Outdoor,5,4,1
USR-00554,CAT-028,Garden,Outdoor,11,9,2
USR-00554,CAT-029,Automotive,Outdoor,8,6,2
USR-00554,CAT-030,Sports,Outdoor,14,13,1
USR-00555,CAT-002,Laptops,Digital,12,10,2
USR-00555,CAT-003,Headphones,Digital,7,5,2
USR-00555,CAT-005,Storage,Digital,11,9,2
USR-00556,CAT-003,Headphones,Digital,2,2,0
USR-00556,CAT-004,Monitors,Digital,5,3,2
USR-00556,CAT-007,Cleaning,Home,14,13,1
USR-00556,CAT-008,Coffee,Home,9,7,2
USR-00556,CAT-010,Bedding,Home,11,10,1
USR-00557,CAT-006,Kitchen appliances,Home,11,10,1
USR-00557,CAT-007,Cleaning,Home,8,5,3
USR-00557,CAT-008,Coffee,Home,13,10,3
USR-00557,CAT-009,Lighting,Home,6,6,0
USR-00557,CAT-018,Supplements,Wellness,3,3,0
USR-00558,CAT-011,Clothing,Style,8,4,4
USR-00558,CAT-012,Shoes,Style,10,6,4
USR-00558,CAT-013,Bags,Style,11,8,3
USR-00558,CAT-014,Accessories,Style,13,9,4
USR-00558,CAT-023,Books,Family,2,2,0
USR-00559,CAT-017,Haircare,Wellness,8,6,2
USR-00559,CAT-019,Fitness,Wellness,10,9,1
USR-00559,CAT-020,Personal care,Wellness,7,7,0
USR-00559,CAT-026,Cycling,Outdoor,8,7,1
USR-00559,CAT-027,Camping,Outdoor,4,4,0
USR-00559,CAT-030,Sports,Outdoor,4,4,0
USR-00560,CAT-007,Cleaning,Home,9,9,0
USR-00560,CAT-008,Coffee,Home,10,7,3
USR-00560,CAT-010,Bedding,Home,5,3,2
USR-00560,CAT-011,Clothing,Style,7,6,1
USR-00560,CAT-013,Bags,Style,10,9,1
USR-00560,CAT-014,Accessories,Style,4,3,1
USR-00560,CAT-015,Jewelry,Style,11,7,4
USR-00561,CAT-002,Laptops,Digital,8,4,4
USR-00561,CAT-003,Headphones,Digital,11,11,0
USR-00561,CAT-005,Storage,Digital,4,4,0
USR-00561,CAT-026,Cycling,Outdoor,4,4,0
USR-00562,CAT-006,Kitchen appliances,Home,9,8,1
USR-00562,CAT-007,Cleaning,Home,11,9,2
USR-00562,CAT-009,Lighting,Home,11,8,3
USR-00562,CAT-010,Bedding,Home,8,8,0
USR-00562,CAT-023,Books,Family,9,7,2
USR-00562,CAT-024,Stationery,Family,10,8,2
USR-00562,CAT-025,Board games,Family,7,5,2
USR-00563,CAT-022,Baby care,Family,6,3,3
USR-00563,CAT-023,Books,Family,8,7,1
USR-00563,CAT-024,Stationery,Family,8,7,1
USR-00563,CAT-025,Board games,Family,13,11,2
USR-00563,CAT-030,Sports,Outdoor,2,2,0
USR-00564,CAT-011,Clothing,Style,3,3,0
USR-00564,CAT-016,Skincare,Wellness,5,5,0
USR-00564,CAT-017,Haircare,Wellness,11,10,1
USR-00564,CAT-018,Supplements,Wellness,11,8,3
USR-00564,CAT-019,Fitness,Wellness,12,10,2
USR-00564,CAT-020,Personal care,Wellness,18,16,2
USR-00565,CAT-006,Kitchen appliances,Home,1,1,0
USR-00565,CAT-017,Haircare,Wellness,8,8,0
USR-00565,CAT-018,Supplements,Wellness,6,4,2
USR-00565,CAT-020,Personal care,Wellness,13,12,1
USR-00565,CAT-028,Garden,Outdoor,4,3,1
USR-00566,CAT-002,Laptops,Digital,3,3,0
USR-00566,CAT-008,Coffee,Home,2,2,0
USR-00566,CAT-016,Skincare,Wellness,10,8,2
USR-00566,CAT-017,Haircare,Wellness,12,10,2
USR-00566,CAT-018,Supplements,Wellness,11,8,3
USR-00566,CAT-019,Fitness,Wellness,13,11,2
USR-00566,CAT-020,Personal care,Wellness,6,3,3
USR-00567,CAT-021,Toys,Family,8,5,3
USR-00567,CAT-022,Baby care,Family,6,4,2
USR-00567,CAT-023,Books,Family,11,9,2
USR-00567,CAT-024,Stationery,Family,5,4,1
USR-00567,CAT-025,Board games,Family,11,8,3
USR-00568,CAT-001,Smartphones,Digital,9,8,1
USR-00568,CAT-002,Laptops,Digital,8,7,1
USR-00568,CAT-003,Headphones,Digital,8,7,1
USR-00568,CAT-004,Monitors,Digital,6,6,0
USR-00568,CAT-005,Storage,Digital,7,6,1
USR-00568,CAT-016,Skincare,Wellness,3,3,0
USR-00568,CAT-027,Camping,Outdoor,6,5,1
USR-00569,CAT-006,Kitchen appliances,Home,8,5,3
USR-00569,CAT-007,Cleaning,Home,7,6,1
USR-00569,CAT-008,Coffee,Home,5,4,1
USR-00569,CAT-009,Lighting,Home,8,4,4
USR-00569,CAT-010,Bedding,Home,8,6,2
USR-00569,CAT-016,Skincare,Wellness,4,3,1
USR-00569,CAT-018,Supplements,Wellness,5,4,1
USR-00569,CAT-020,Personal care,Wellness,8,7,1
USR-00570,CAT-011,Clothing,Style,14,9,5
USR-00570,CAT-012,Shoes,Style,13,12,1
USR-00570,CAT-014,Accessories,Style,11,9,2
USR-00570,CAT-027,Camping,Outdoor,7,5,2
USR-00570,CAT-028,Garden,Outdoor,13,10,3
USR-00570,CAT-030,Sports,Outdoor,10,9,1
USR-00571,CAT-006,Kitchen appliances,Home,7,5,2
USR-00571,CAT-007,Cleaning,Home,8,4,4
USR-00571,CAT-008,Coffee,Home,8,7,1
USR-00571,CAT-009,Lighting,Home,11,9,2
USR-00571,CAT-010,Bedding,Home,8,4,4
USR-00571,CAT-026,Cycling,Outdoor,8,6,2
USR-00571,CAT-028,Garden,Outdoor,5,3,2
USR-00571,CAT-030,Sports,Outdoor,7,7,0
USR-00572,CAT-007,Cleaning,Home,9,8,1
USR-00572,CAT-008,Coffee,Home,8,5,3
USR-00572,CAT-010,Bedding,Home,6,5,1
USR-00572,CAT-021,Toys,Family,11,9,2
USR-00572,CAT-022,Baby care,Family,7,7,0
USR-00572,CAT-023,Books,Family,7,6,1
USR-00572,CAT-024,Stationery,Family,7,6,1
USR-00572,CAT-025,Board games,Family,6,6,0
USR-00573,CAT-011,Clothing,Style,10,8,2
USR-00573,CAT-012,Shoes,Style,11,7,4
USR-00573,CAT-013,Bags,Style,7,6,1
USR-00573,CAT-014,Accessories,Style,7,6,1
USR-00573,CAT-015,Jewelry,Style,8,6,2
USR-00573,CAT-028,Garden,Outdoor,7,6,1
USR-00573,CAT-029,Automotive,Outdoor,6,6,0
USR-00573,CAT-030,Sports,Outdoor,7,5,2
USR-00574,CAT-008,Coffee,Home,2,1,1
USR-00574,CAT-021,Toys,Family,5,4,1
USR-00574,CAT-022,Baby care,Family,11,7,4
USR-00574,CAT-023,Books,Family,13,9,4
USR-00574,CAT-024,Stationery,Family,10,9,1
USR-00574,CAT-025,Board games,Family,7,6,1
USR-00575,CAT-013,Bags,Style,4,3,1
USR-00575,CAT-021,Toys,Family,11,11,0
USR-00575,CAT-022,Baby care,Family,14,12,2
USR-00575,CAT-024,Stationery,Family,13,12,1
USR-00575,CAT-025,Board games,Family,12,9,3
USR-00576,CAT-012,Shoes,Style,13,8,5
USR-00576,CAT-013,Bags,Style,6,6,0
USR-00576,CAT-014,Accessories,Style,13,10,3
USR-00577,CAT-013,Bags,Style,5,5,0
USR-00577,CAT-026,Cycling,Outdoor,8,7,1
USR-00577,CAT-027,Camping,Outdoor,11,9,2
USR-00577,CAT-028,Garden,Outdoor,8,8,0
USR-00577,CAT-029,Automotive,Outdoor,14,10,4
USR-00577,CAT-030,Sports,Outdoor,9,7,2
USR-00578,CAT-016,Skincare,Wellness,11,9,2
USR-00578,CAT-017,Haircare,Wellness,9,6,3
USR-00578,CAT-018,Supplements,Wellness,8,7,1
USR-00578,CAT-019,Fitness,Wellness,9,6,3
USR-00578,CAT-020,Personal care,Wellness,11,8,3
USR-00579,CAT-002,Laptops,Digital,3,2,1
USR-00579,CAT-009,Lighting,Home,1,1,0
USR-00579,CAT-021,Toys,Family,11,9,2
USR-00579,CAT-022,Baby care,Family,15,11,4
USR-00579,CAT-023,Books,Family,7,7,0
USR-00579,CAT-024,Stationery,Family,7,6,1
USR-00579,CAT-025,Board games,Family,12,8,4
USR-00580,CAT-006,Kitchen appliances,Home,8,6,2
USR-00580,CAT-008,Coffee,Home,13,8,5
USR-00580,CAT-009,Lighting,Home,10,6,4
USR-00580,CAT-010,Bedding,Home,10,10,0
USR-00580,CAT-017,Haircare,Wellness,2,2,0
USR-00581,CAT-011,Clothing,Style,7,6,1
USR-00581,CAT-012,Shoes,Style,5,4,1
USR-00581,CAT-013,Bags,Style,8,7,1
USR-00581,CAT-014,Accessories,Style,12,9,3
USR-00581,CAT-015,Jewelry,Style,7,5,2
USR-00582,CAT-011,Clothing,Style,15,13,2
USR-00582,CAT-013,Bags,Style,12,11,1
USR-00582,CAT-014,Accessories,Style,7,5,2
USR-00582,CAT-015,Jewelry,Style,10,6,4
USR-00582,CAT-026,Cycling,Outdoor,6,4,2
USR-00582,CAT-027,Camping,Outdoor,7,6,1
USR-00582,CAT-030,Sports,Outdoor,5,5,0
USR-00583,CAT-001,Smartphones,Digital,12,9,3
USR-00583,CAT-003,Headphones,Digital,7,6,1
USR-00583,CAT-004,Monitors,Digital,8,6,2
USR-00583,CAT-005,Storage,Digital,6,5,1
USR-00583,CAT-022,Baby care,Family,8,4,4
USR-00583,CAT-024,Stationery,Family,5,5,0
USR-00583,CAT-025,Board games,Family,11,8,3
USR-00584,CAT-011,Clothing,Style,10,9,1
USR-00584,CAT-012,Shoes,Style,10,10,0
USR-00584,CAT-013,Bags,Style,8,4,4
USR-00584,CAT-014,Accessories,Style,8,7,1
USR-00584,CAT-015,Jewelry,Style,6,6,0
USR-00584,CAT-018,Supplements,Wellness,4,2,2
USR-00585,CAT-021,Toys,Family,3,3,0
USR-00585,CAT-023,Books,Family,1,1,0
USR-00585,CAT-027,Camping,Outdoor,8,6,2
USR-00585,CAT-028,Garden,Outdoor,9,8,1
USR-00585,CAT-029,Automotive,Outdoor,8,8,0
USR-00585,CAT-030,Sports,Outdoor,8,3,5
USR-00586,CAT-017,Haircare,Wellness,7,7,0
USR-00586,CAT-019,Fitness,Wellness,14,10,4
USR-00586,CAT-020,Personal care,Wellness,8,7,1
USR-00587,CAT-001,Smartphones,Digital,10,8,2
USR-00587,CAT-002,Laptops,Digital,9,7,2
USR-00587,CAT-003,Headphones,Digital,11,8,3
USR-00587,CAT-004,Monitors,Digital,12,12,0
USR-00587,CAT-005,Storage,Digital,7,6,1
USR-00587,CAT-026,Cycling,Outdoor,2,2,0
USR-00587,CAT-030,Sports,Outdoor,5,5,0
USR-00588,CAT-001,Smartphones,Digital,5,3,2
USR-00588,CAT-002,Laptops,Digital,7,4,3
USR-00588,CAT-004,Monitors,Digital,8,7,1
USR-00588,CAT-006,Kitchen appliances,Home,8,7,1
USR-00588,CAT-007,Cleaning,Home,7,3,4
USR-00588,CAT-008,Coffee,Home,6,5,1
USR-00588,CAT-009,Lighting,Home,15,13,2
USR-00588,CAT-010,Bedding,Home,10,7,3
USR-00589,CAT-003,Headphones,Digital,9,7,2
USR-00589,CAT-004,Monitors,Digital,9,9,0
USR-00589,CAT-005,Storage,Digital,8,7,1
USR-00589,CAT-014,Accessories,Style,2,2,0
USR-00590,CAT-001,Smartphones,Digital,10,8,2
USR-00590,CAT-003,Headphones,Digital,10,10,0
USR-00590,CAT-004,Monitors,Digital,11,9,2
USR-00590,CAT-027,Camping,Outdoor,4,4,0
USR-00591,CAT-017,Haircare,Wellness,4,4,0
USR-00591,CAT-028,Garden,Outdoor,8,6,2
USR-00591,CAT-029,Automotive,Outdoor,8,7,1
USR-00591,CAT-030,Sports,Outdoor,14,13,1
USR-00592,CAT-003,Headphones,Digital,2,2,0
USR-00592,CAT-011,Clothing,Style,10,7,3
USR-00592,CAT-012,Shoes,Style,8,6,2
USR-00592,CAT-014,Accessories,Style,8,6,2
USR-00592,CAT-015,Jewelry,Style,5,5,0
USR-00592,CAT-023,Books,Family,3,3,0
USR-00593,CAT-006,Kitchen appliances,Home,9,7,2
USR-00593,CAT-007,Cleaning,Home,9,7,2
USR-00593,CAT-008,Coffee,Home,7,6,1
USR-00593,CAT-010,Bedding,Home,9,9,0
USR-00593,CAT-029,Automotive,Outdoor,3,2,1
USR-00594,CAT-013,Bags,Style,3,2,1
USR-00594,CAT-016,Skincare,Wellness,11,8,3
USR-00594,CAT-017,Haircare,Wellness,11,9,2
USR-00594,CAT-018,Supplements,Wellness,12,9,3
USR-00594,CAT-019,Fitness,Wellness,8,6,2
USR-00594,CAT-020,Personal care,Wellness,7,5,2
USR-00595,CAT-001,Smartphones,Digital,12,10,2
USR-00595,CAT-002,Laptops,Digital,7,5,2
USR-00595,CAT-003,Headphones,Digital,13,13,0
USR-00595,CAT-004,Monitors,Digital,11,8,3
USR-00595,CAT-005,Storage,Digital,8,7,1
USR-00595,CAT-012,Shoes,Style,9,6,3
USR-00595,CAT-013,Bags,Style,7,6,1
USR-00595,CAT-014,Accessories,Style,7,4,3
USR-00596,CAT-006,Kitchen appliances,Home,10,7,3
USR-00596,CAT-007,Cleaning,Home,9,2,7
USR-00596,CAT-008,Coffee,Home,4,3,1
USR-00596,CAT-009,Lighting,Home,8,6,2
USR-00596,CAT-010,Bedding,Home,14,12,2
USR-00597,CAT-009,Lighting,Home,4,3,1
USR-00597,CAT-016,Skincare,Wellness,6,5,1
USR-00597,CAT-017,Haircare,Wellness,8,6,2
USR-00597,CAT-018,Supplements,Wellness,8,5,3
USR-00597,CAT-019,Fitness,Wellness,9,7,2
USR-00597,CAT-020,Personal care,Wellness,9,9,0
USR-00598,CAT-010,Bedding,Home,4,4,0
USR-00598,CAT-016,Skincare,Wellness,5,2,3
USR-00598,CAT-017,Haircare,Wellness,7,4,3
USR-00598,CAT-018,Supplements,Wellness,13,9,4
USR-00599,CAT-021,Toys,Family,6,4,2
USR-00599,CAT-022,Baby care,Family,5,2,3
USR-00599,CAT-024,Stationery,Family,4,3,1
USR-00599,CAT-026,Cycling,Outdoor,10,7,3
USR-00599,CAT-027,Camping,Outdoor,8,7,1
USR-00599,CAT-028,Garden,Outdoor,9,7,2
USR-00599,CAT-029,Automotive,Outdoor,10,10,0
USR-00600,CAT-016,Skincare,Wellness,10,9,1
USR-00600,CAT-017,Haircare,Wellness,13,12,1
USR-00600,CAT-018,Supplements,Wellness,7,7,0
USR-00600,CAT-019,Fitness,Wellness,13,6,7
USR-00600,CAT-020,Personal care,Wellness,9,9,0
USR-00600,CAT-030,Sports,Outdoor,1,1,0
USR-00601,CAT-001,Smartphones,Digital,2,2,0
USR-00601,CAT-011,Clothing,Style,12,8,4
USR-00601,CAT-012,Shoes,Style,5,4,1
USR-00601,CAT-013,Bags,Style,12,9,3
USR-00601,CAT-014,Accessories,Style,7,5,2
USR-00601,CAT-015,Jewelry,Style,4,3,1
USR-00602,CAT-021,Toys,Family,10,7,3
USR-00602,CAT-022,Baby care,Family,7,2,5
USR-00602,CAT-023,Books,Family,9,6,3
USR-00602,CAT-024,Stationery,Family,6,3,3
USR-00602,CAT-025,Board games,Family,8,7,1
USR-00603,CAT-010,Bedding,Home,5,4,1
USR-00603,CAT-026,Cycling,Outdoor,9,7,2
USR-00603,CAT-027,Camping,Outdoor,7,7,0
USR-00603,CAT-028,Garden,Outdoor,9,6,3
USR-00603,CAT-029,Automotive,Outdoor,13,12,1
USR-00603,CAT-030,Sports,Outdoor,16,12,4
USR-00604,CAT-015,Jewelry,Style,1,1,0
USR-00604,CAT-021,Toys,Family,13,9,4
USR-00604,CAT-022,Baby care,Family,8,6,2
USR-00604,CAT-023,Books,Family,8,7,1
USR-00604,CAT-024,Stationery,Family,5,3,2
USR-00604,CAT-025,Board games,Family,9,8,1
USR-00605,CAT-006,Kitchen appliances,Home,5,5,0
USR-00605,CAT-011,Clothing,Style,4,2,2
USR-00605,CAT-026,Cycling,Outdoor,6,5,1
USR-00605,CAT-027,Camping,Outdoor,9,8,1
USR-00605,CAT-028,Garden,Outdoor,9,9,0
USR-00605,CAT-029,Automotive,Outdoor,8,8,0
USR-00606,CAT-001,Smartphones,Digital,1,1,0
USR-00606,CAT-014,Accessories,Style,7,7,0
USR-00606,CAT-021,Toys,Family,10,7,3
USR-00606,CAT-023,Books,Family,13,10,3
USR-00606,CAT-024,Stationery,Family,12,11,1
USR-00606,CAT-025,Board games,Family,11,9,2
USR-00607,CAT-021,Toys,Family,3,3,0
USR-00607,CAT-026,Cycling,Outdoor,9,8,1
USR-00607,CAT-027,Camping,Outdoor,5,3,2
USR-00607,CAT-028,Garden,Outdoor,5,5,0
USR-00607,CAT-029,Automotive,Outdoor,9,8,1
USR-00607,CAT-030,Sports,Outdoor,13,11,2
USR-00608,CAT-002,Laptops,Digital,6,5,1
USR-00608,CAT-003,Headphones,Digital,7,3,4
USR-00608,CAT-004,Monitors,Digital,12,11,1
USR-00608,CAT-011,Clothing,Style,6,6,0
USR-00608,CAT-014,Accessories,Style,4,3,1
USR-00608,CAT-015,Jewelry,Style,5,5,0
USR-00609,CAT-021,Toys,Family,12,9,3
USR-00609,CAT-022,Baby care,Family,8,7,1
USR-00609,CAT-023,Books,Family,9,6,3
USR-00610,CAT-013,Bags,Style,8,8,0
USR-00610,CAT-014,Accessories,Style,5,5,0
USR-00610,CAT-015,Jewelry,Style,7,6,1
USR-00610,CAT-023,Books,Family,3,2,1
USR-00611,CAT-001,Smartphones,Digital,2,1,1
USR-00611,CAT-016,Skincare,Wellness,10,7,3
USR-00611,CAT-018,Supplements,Wellness,8,6,2
USR-00611,CAT-019,Fitness,Wellness,9,6,3
USR-00611,CAT-020,Personal care,Wellness,9,7,2
USR-00612,CAT-009,Lighting,Home,3,3,0
USR-00612,CAT-016,Skincare,Wellness,14,11,3
USR-00612,CAT-017,Haircare,Wellness,9,7,2
USR-00612,CAT-018,Supplements,Wellness,11,9,2
USR-00612,CAT-019,Fitness,Wellness,13,10,3
USR-00612,CAT-020,Personal care,Wellness,13,13,0
USR-00613,CAT-020,Personal care,Wellness,3,3,0
USR-00613,CAT-026,Cycling,Outdoor,8,7,1
USR-00613,CAT-028,Garden,Outdoor,13,9,4
USR-00613,CAT-029,Automotive,Outdoor,8,8,0
USR-00614,CAT-006,Kitchen appliances,Home,4,3,1
USR-00614,CAT-027,Camping,Outdoor,7,6,1
USR-00614,CAT-029,Automotive,Outdoor,10,9,1
USR-00614,CAT-030,Sports,Outdoor,11,7,4
USR-00615,CAT-003,Headphones,Digital,3,3,0
USR-00615,CAT-006,Kitchen appliances,Home,8,7,1
USR-00615,CAT-008,Coffee,Home,8,6,2
USR-00615,CAT-009,Lighting,Home,9,9,0
USR-00615,CAT-023,Books,Family,1,1,0
USR-00616,CAT-013,Bags,Style,2,1,1
USR-00616,CAT-021,Toys,Family,10,8,2
USR-00616,CAT-022,Baby care,Family,7,6,1
USR-00616,CAT-023,Books,Family,7,2,5
USR-00616,CAT-024,Stationery,Family,11,11,0
USR-00616,CAT-025,Board games,Family,12,10,2
USR-00616,CAT-028,Garden,Outdoor,6,4,2
USR-00617,CAT-001,Smartphones,Digital,2,2,0
USR-00617,CAT-006,Kitchen appliances,Home,2,1,1
USR-00617,CAT-021,Toys,Family,13,9,4
USR-00617,CAT-022,Baby care,Family,11,8,3
USR-00617,CAT-025,Board games,Family,7,4,3
USR-00618,CAT-007,Cleaning,Home,3,2,1
USR-00618,CAT-008,Coffee,Home,11,9,2
USR-00618,CAT-009,Lighting,Home,11,9,2
USR-00618,CAT-010,Bedding,Home,7,5,2
USR-00618,CAT-021,Toys,Family,9,7,2
USR-00618,CAT-023,Books,Family,6,5,1
USR-00618,CAT-025,Board games,Family,6,4,2
USR-00619,CAT-002,Laptops,Digital,7,6,1
USR-00619,CAT-004,Monitors,Digital,13,9,4
USR-00619,CAT-005,Storage,Digital,5,5,0
USR-00619,CAT-022,Baby care,Family,1,1,0
USR-00620,CAT-001,Smartphones,Digital,13,12,1
USR-00620,CAT-002,Laptops,Digital,6,4,2
USR-00620,CAT-003,Headphones,Digital,9,9,0
USR-00620,CAT-004,Monitors,Digital,15,12,3
USR-00620,CAT-005,Storage,Digital,9,4,5
USR-00620,CAT-016,Skincare,Wellness,7,4,3
USR-00620,CAT-019,Fitness,Wellness,4,4,0
USR-00620,CAT-020,Personal care,Wellness,6,5,1
USR-00621,CAT-016,Skincare,Wellness,8,7,1
USR-00621,CAT-017,Haircare,Wellness,8,8,0
USR-00621,CAT-020,Personal care,Wellness,5,4,1
USR-00621,CAT-022,Baby care,Family,11,9,2
USR-00621,CAT-023,Books,Family,12,9,3
USR-00621,CAT-024,Stationery,Family,8,3,5
USR-00621,CAT-025,Board games,Family,9,7,2
USR-00622,CAT-011,Clothing,Style,9,8,1
USR-00622,CAT-012,Shoes,Style,11,9,2
USR-00622,CAT-013,Bags,Style,7,5,2
USR-00623,CAT-026,Cycling,Outdoor,6,3,3
USR-00623,CAT-027,Camping,Outdoor,5,4,1
USR-00623,CAT-028,Garden,Outdoor,13,8,5
USR-00623,CAT-029,Automotive,Outdoor,10,6,4
USR-00623,CAT-030,Sports,Outdoor,16,15,1
USR-00624,CAT-012,Shoes,Style,8,8,0
USR-00624,CAT-013,Bags,Style,10,8,2
USR-00624,CAT-014,Accessories,Style,6,6,0
USR-00625,CAT-024,Stationery,Family,1,1,0
USR-00625,CAT-026,Cycling,Outdoor,5,5,0
USR-00625,CAT-028,Garden,Outdoor,5,3,2
USR-00625,CAT-029,Automotive,Outdoor,7,4,3
USR-00626,CAT-011,Clothing,Style,10,9,1
USR-00626,CAT-012,Shoes,Style,5,4,1
USR-00626,CAT-013,Bags,Style,7,7,0
USR-00626,CAT-015,Jewelry,Style,6,4,2
USR-00627,CAT-006,Kitchen appliances,Home,2,2,0
USR-00627,CAT-009,Lighting,Home,5,5,0
USR-00627,CAT-021,Toys,Family,11,8,3
USR-00627,CAT-022,Baby care,Family,7,7,0
USR-00627,CAT-024,Stationery,Family,12,6,6
USR-00627,CAT-025,Board games,Family,7,6,1
USR-00628,CAT-002,Laptops,Digital,13,13,0
USR-00628,CAT-003,Headphones,Digital,9,9,0
USR-00628,CAT-004,Monitors,Digital,7,6,1
USR-00629,CAT-006,Kitchen appliances,Home,12,9,3
USR-00629,CAT-008,Coffee,Home,7,3,4
USR-00629,CAT-010,Bedding,Home,8,8,0
USR-00629,CAT-017,Haircare,Wellness,3,3,0
USR-00629,CAT-018,Supplements,Wellness,8,5,3
USR-00629,CAT-019,Fitness,Wellness,9,7,2
USR-00629,CAT-020,Personal care,Wellness,4,4,0
USR-00630,CAT-006,Kitchen appliances,Home,5,4,1
USR-00630,CAT-007,Cleaning,Home,5,4,1
USR-00630,CAT-010,Bedding,Home,6,4,2
USR-00630,CAT-022,Baby care,Family,6,5,1
USR-00630,CAT-023,Books,Family,13,13,0
USR-00630,CAT-024,Stationery,Family,6,5,1
USR-00630,CAT-025,Board games,Family,16,13,3
USR-00631,CAT-010,Bedding,Home,4,4,0
USR-00631,CAT-028,Garden,Outdoor,13,11,2
USR-00631,CAT-029,Automotive,Outdoor,9,8,1
USR-00631,CAT-030,Sports,Outdoor,8,7,1
USR-00632,CAT-016,Skincare,Wellness,3,3,0
USR-00632,CAT-021,Toys,Family,9,8,1
USR-00632,CAT-022,Baby care,Family,6,6,0
USR-00632,CAT-023,Books,Family,10,7,3
USR-00632,CAT-024,Stationery,Family,14,9,5
USR-00632,CAT-025,Board games,Family,6,5,1
USR-00633,CAT-001,Smartphones,Digital,11,9,2
USR-00633,CAT-002,Laptops,Digital,5,4,1
USR-00633,CAT-003,Headphones,Digital,9,6,3
USR-00633,CAT-004,Monitors,Digital,4,2,2
USR-00633,CAT-005,Storage,Digital,10,9,1
USR-00633,CAT-027,Camping,Outdoor,3,2,1
USR-00634,CAT-001,Smartphones,Digital,2,2,0
USR-00634,CAT-007,Cleaning,Home,7,6,1
USR-00634,CAT-008,Coffee,Home,9,8,1
USR-00634,CAT-009,Lighting,Home,10,10,0
USR-00634,CAT-010,Bedding,Home,15,13,2
USR-00634,CAT-018,Supplements,Wellness,4,3,1
USR-00635,CAT-001,Smartphones,Digital,7,7,0
USR-00635,CAT-002,Laptops,Digital,14,12,2
USR-00635,CAT-003,Headphones,Digital,5,5,0
USR-00635,CAT-004,Monitors,Digital,10,9,1
USR-00635,CAT-005,Storage,Digital,7,7,0
USR-00635,CAT-011,Clothing,Style,5,4,1
USR-00635,CAT-014,Accessories,Style,8,8,0
USR-00635,CAT-015,Jewelry,Style,5,5,0
USR-00636,CAT-001,Smartphones,Digital,11,9,2
USR-00636,CAT-003,Headphones,Digital,8,7,1
USR-00636,CAT-004,Monitors,Digital,13,10,3
USR-00636,CAT-016,Skincare,Wellness,8,6,2
USR-00636,CAT-017,Haircare,Wellness,8,7,1
USR-00636,CAT-020,Personal care,Wellness,7,7,0
USR-00637,CAT-006,Kitchen appliances,Home,4,4,0
USR-00637,CAT-016,Skincare,Wellness,13,10,3
USR-00637,CAT-017,Haircare,Wellness,6,4,2
USR-00637,CAT-019,Fitness,Wellness,10,7,3
USR-00637,CAT-020,Personal care,Wellness,7,7,0
USR-00638,CAT-016,Skincare,Wellness,5,3,2
USR-00638,CAT-019,Fitness,Wellness,2,1,1
USR-00638,CAT-022,Baby care,Family,9,5,4
USR-00638,CAT-023,Books,Family,12,9,3
USR-00638,CAT-025,Board games,Family,15,13,2
USR-00639,CAT-018,Supplements,Wellness,1,1,0
USR-00639,CAT-021,Toys,Family,12,8,4
USR-00639,CAT-023,Books,Family,10,4,6
USR-00639,CAT-024,Stationery,Family,10,7,3
USR-00640,CAT-026,Cycling,Outdoor,12,8,4
USR-00640,CAT-027,Camping,Outdoor,10,8,2
USR-00640,CAT-028,Garden,Outdoor,6,5,1
USR-00640,CAT-029,Automotive,Outdoor,4,3,1
USR-00640,CAT-030,Sports,Outdoor,10,10,0
USR-00641,CAT-001,Smartphones,Digital,4,4,0
USR-00641,CAT-021,Toys,Family,8,5,3
USR-00641,CAT-022,Baby care,Family,8,6,2
USR-00641,CAT-023,Books,Family,6,3,3
USR-00641,CAT-024,Stationery,Family,10,9,1
USR-00641,CAT-025,Board games,Family,13,8,5
USR-00641,CAT-028,Garden,Outdoor,1,1,0
USR-00642,CAT-021,Toys,Family,9,6,3
USR-00642,CAT-022,Baby care,Family,7,7,0
USR-00642,CAT-023,Books,Family,6,5,1
USR-00642,CAT-024,Stationery,Family,10,7,3
USR-00642,CAT-025,Board games,Family,8,7,1
USR-00642,CAT-028,Garden,Outdoor,4,4,0
USR-00642,CAT-029,Automotive,Outdoor,6,5,1
USR-00642,CAT-030,Sports,Outdoor,5,3,2
USR-00643,CAT-001,Smartphones,Digital,5,5,0
USR-00643,CAT-004,Monitors,Digital,8,7,1
USR-00643,CAT-005,Storage,Digital,9,8,1
USR-00643,CAT-015,Jewelry,Style,2,2,0
USR-00644,CAT-005,Storage,Digital,4,3,1
USR-00644,CAT-006,Kitchen appliances,Home,7,6,1
USR-00644,CAT-007,Cleaning,Home,13,10,3
USR-00644,CAT-008,Coffee,Home,20,17,3
USR-00644,CAT-009,Lighting,Home,10,7,3
USR-00645,CAT-016,Skincare,Wellness,9,9,0
USR-00645,CAT-017,Haircare,Wellness,12,6,6
USR-00645,CAT-018,Supplements,Wellness,8,7,1
USR-00645,CAT-019,Fitness,Wellness,6,4,2
USR-00645,CAT-020,Personal care,Wellness,8,6,2
USR-00645,CAT-023,Books,Family,5,3,2
USR-00646,CAT-016,Skincare,Wellness,8,6,2
USR-00646,CAT-019,Fitness,Wellness,8,8,0
USR-00646,CAT-020,Personal care,Wellness,5,3,2
USR-00646,CAT-021,Toys,Family,9,8,1
USR-00646,CAT-023,Books,Family,6,6,0
USR-00646,CAT-025,Board games,Family,8,4,4
USR-00647,CAT-001,Smartphones,Digital,9,9,0
USR-00647,CAT-002,Laptops,Digital,14,12,2
USR-00647,CAT-003,Headphones,Digital,7,6,1
USR-00647,CAT-004,Monitors,Digital,10,9,1
USR-00647,CAT-005,Storage,Digital,9,8,1
USR-00647,CAT-017,Haircare,Wellness,2,2,0
USR-00648,CAT-011,Clothing,Style,15,12,3
USR-00648,CAT-012,Shoes,Style,8,5,3
USR-00648,CAT-013,Bags,Style,12,6,6
USR-00648,CAT-014,Accessories,Style,5,5,0
USR-00648,CAT-015,Jewelry,Style,9,8,1
USR-00649,CAT-001,Smartphones,Digital,4,4,0
USR-00649,CAT-016,Skincare,Wellness,6,5,1
USR-00649,CAT-017,Haircare,Wellness,8,6,2
USR-00649,CAT-018,Supplements,Wellness,5,4,1
USR-00649,CAT-019,Fitness,Wellness,12,9,3
USR-00649,CAT-020,Personal care,Wellness,7,6,1
USR-00649,CAT-023,Books,Family,3,3,0
USR-00650,CAT-001,Smartphones,Digital,14,10,4
USR-00650,CAT-002,Laptops,Digital,7,6,1
USR-00650,CAT-003,Headphones,Digital,10,8,2
USR-00650,CAT-023,Books,Family,1,1,0
USR-00651,CAT-008,Coffee,Home,1,1,0
USR-00651,CAT-011,Clothing,Style,5,3,2
USR-00651,CAT-013,Bags,Style,8,8,0
USR-00651,CAT-015,Jewelry,Style,5,5,0
USR-00651,CAT-016,Skincare,Wellness,4,4,0
USR-00652,CAT-001,Smartphones,Digital,9,5,4
USR-00652,CAT-003,Headphones,Digital,9,9,0
USR-00652,CAT-005,Storage,Digital,8,7,1
USR-00652,CAT-027,Camping,Outdoor,8,5,3
USR-00652,CAT-028,Garden,Outdoor,7,7,0
USR-00652,CAT-029,Automotive,Outdoor,3,2,1
USR-00652,CAT-030,Sports,Outdoor,6,4,2
USR-00653,CAT-010,Bedding,Home,2,2,0
USR-00653,CAT-017,Haircare,Wellness,12,11,1
USR-00653,CAT-018,Supplements,Wellness,16,12,4
USR-00653,CAT-019,Fitness,Wellness,5,3,2
USR-00653,CAT-020,Personal care,Wellness,5,4,1
USR-00653,CAT-028,Garden,Outdoor,7,6,1
USR-00654,CAT-006,Kitchen appliances,Home,9,8,1
USR-00654,CAT-007,Cleaning,Home,12,11,1
USR-00654,CAT-008,Coffee,Home,9,8,1
USR-00654,CAT-009,Lighting,Home,11,7,4
USR-00654,CAT-022,Baby care,Family,9,9,0
USR-00654,CAT-023,Books,Family,6,5,1
USR-00654,CAT-025,Board games,Family,5,4,1
USR-00655,CAT-021,Toys,Family,8,8,0
USR-00655,CAT-022,Baby care,Family,9,9,0
USR-00655,CAT-023,Books,Family,10,7,3
USR-00655,CAT-024,Stationery,Family,10,7,3
USR-00655,CAT-025,Board games,Family,14,10,4
USR-00655,CAT-029,Automotive,Outdoor,5,4,1
USR-00656,CAT-004,Monitors,Digital,3,3,0
USR-00656,CAT-006,Kitchen appliances,Home,7,5,2
USR-00656,CAT-007,Cleaning,Home,10,6,4
USR-00656,CAT-008,Coffee,Home,13,9,4
USR-00656,CAT-009,Lighting,Home,7,7,0
USR-00656,CAT-010,Bedding,Home,10,9,1
USR-00656,CAT-011,Clothing,Style,2,2,0
USR-00657,CAT-011,Clothing,Style,4,4,0
USR-00657,CAT-021,Toys,Family,9,9,0
USR-00657,CAT-022,Baby care,Family,13,11,2
USR-00657,CAT-023,Books,Family,8,6,2
USR-00657,CAT-024,Stationery,Family,14,14,0
USR-00657,CAT-025,Board games,Family,8,6,2
USR-00658,CAT-006,Kitchen appliances,Home,11,9,2
USR-00658,CAT-008,Coffee,Home,17,14,3
USR-00658,CAT-009,Lighting,Home,12,10,2
USR-00658,CAT-016,Skincare,Wellness,8,7,1
USR-00658,CAT-017,Haircare,Wellness,10,9,1
USR-00658,CAT-020,Personal care,Wellness,5,4,1
USR-00659,CAT-001,Smartphones,Digital,6,4,2
USR-00659,CAT-002,Laptops,Digital,4,3,1
USR-00659,CAT-004,Monitors,Digital,7,6,1
USR-00659,CAT-016,Skincare,Wellness,11,9,2
USR-00659,CAT-017,Haircare,Wellness,7,7,0
USR-00659,CAT-020,Personal care,Wellness,10,5,5
USR-00660,CAT-007,Cleaning,Home,5,5,0
USR-00660,CAT-008,Coffee,Home,5,4,1
USR-00660,CAT-009,Lighting,Home,8,4,4
USR-00660,CAT-011,Clothing,Style,7,6,1
USR-00660,CAT-013,Bags,Style,8,7,1
USR-00660,CAT-014,Accessories,Style,10,7,3
USR-00660,CAT-015,Jewelry,Style,7,7,0
USR-00661,CAT-006,Kitchen appliances,Home,6,6,0
USR-00661,CAT-007,Cleaning,Home,6,4,2
USR-00661,CAT-008,Coffee,Home,5,5,0
USR-00661,CAT-010,Bedding,Home,10,8,2
USR-00661,CAT-028,Garden,Outdoor,7,5,2
USR-00661,CAT-029,Automotive,Outdoor,5,2,3
USR-00661,CAT-030,Sports,Outdoor,8,7,1
USR-00662,CAT-002,Laptops,Digital,3,3,0
USR-00662,CAT-026,Cycling,Outdoor,11,9,2
USR-00662,CAT-027,Camping,Outdoor,7,5,2
USR-00662,CAT-028,Garden,Outdoor,7,5,2
USR-00662,CAT-030,Sports,Outdoor,8,6,2
USR-00663,CAT-001,Smartphones,Digital,4,3,1
USR-00663,CAT-002,Laptops,Digital,14,10,4
USR-00663,CAT-003,Headphones,Digital,9,7,2
USR-00663,CAT-004,Monitors,Digital,6,4,2
USR-00663,CAT-005,Storage,Digital,4,4,0
USR-00663,CAT-011,Clothing,Style,4,4,0
USR-00664,CAT-001,Smartphones,Digital,15,12,3
USR-00664,CAT-002,Laptops,Digital,5,5,0
USR-00664,CAT-004,Monitors,Digital,8,6,2
USR-00664,CAT-005,Storage,Digital,6,6,0
USR-00664,CAT-021,Toys,Family,3,3,0
USR-00665,CAT-001,Smartphones,Digital,4,3,1
USR-00665,CAT-006,Kitchen appliances,Home,11,10,1
USR-00665,CAT-007,Cleaning,Home,8,5,3
USR-00665,CAT-008,Coffee,Home,8,8,0
USR-00665,CAT-009,Lighting,Home,10,9,1
USR-00665,CAT-010,Bedding,Home,6,3,3
USR-00665,CAT-011,Clothing,Style,3,3,0
USR-00666,CAT-021,Toys,Family,7,7,0
USR-00666,CAT-022,Baby care,Family,11,10,1
USR-00666,CAT-023,Books,Family,8,6,2
USR-00666,CAT-024,Stationery,Family,7,6,1
USR-00666,CAT-025,Board games,Family,12,10,2
USR-00667,CAT-021,Toys,Family,6,4,2
USR-00667,CAT-022,Baby care,Family,12,8,4
USR-00667,CAT-023,Books,Family,9,7,2
USR-00667,CAT-024,Stationery,Family,12,9,3
USR-00667,CAT-025,Board games,Family,10,10,0
USR-00667,CAT-026,Cycling,Outdoor,9,7,2
USR-00667,CAT-028,Garden,Outdoor,5,4,1
USR-00667,CAT-030,Sports,Outdoor,10,9,1
USR-00668,CAT-012,Shoes,Style,4,4,0
USR-00668,CAT-013,Bags,Style,9,7,2
USR-00668,CAT-014,Accessories,Style,7,6,1
USR-00668,CAT-026,Cycling,Outdoor,7,7,0
USR-00668,CAT-027,Camping,Outdoor,8,8,0
USR-00668,CAT-028,Garden,Outdoor,11,7,4
USR-00668,CAT-029,Automotive,Outdoor,12,9,3
USR-00668,CAT-030,Sports,Outdoor,12,11,1
USR-00669,CAT-005,Storage,Digital,4,4,0
USR-00669,CAT-006,Kitchen appliances,Home,7,5,2
USR-00669,CAT-007,Cleaning,Home,5,4,1
USR-00669,CAT-009,Lighting,Home,10,9,1
USR-00669,CAT-010,Bedding,Home,8,7,1
USR-00669,CAT-023,Books,Family,5,5,0
USR-00670,CAT-011,Clothing,Style,7,5,2
USR-00670,CAT-012,Shoes,Style,15,13,2
USR-00670,CAT-013,Bags,Style,8,5,3
USR-00670,CAT-014,Accessories,Style,9,8,1
USR-00670,CAT-015,Jewelry,Style,6,5,1
USR-00670,CAT-025,Board games,Family,3,3,0
USR-00671,CAT-001,Smartphones,Digital,11,7,4
USR-00671,CAT-002,Laptops,Digital,7,5,2
USR-00671,CAT-004,Monitors,Digital,12,9,3
USR-00671,CAT-026,Cycling,Outdoor,3,2,1
USR-00672,CAT-017,Haircare,Wellness,10,9,1
USR-00672,CAT-019,Fitness,Wellness,8,5,3
USR-00672,CAT-020,Personal care,Wellness,12,10,2
USR-00673,CAT-009,Lighting,Home,4,4,0
USR-00673,CAT-021,Toys,Family,1,1,0
USR-00673,CAT-026,Cycling,Outdoor,8,8,0
USR-00673,CAT-027,Camping,Outdoor,10,8,2
USR-00673,CAT-028,Garden,Outdoor,6,5,1
USR-00673,CAT-029,Automotive,Outdoor,6,3,3
USR-00673,CAT-030,Sports,Outdoor,5,4,1
USR-00674,CAT-016,Skincare,Wellness,17,16,1
USR-00674,CAT-018,Supplements,Wellness,5,5,0
USR-00674,CAT-019,Fitness,Wellness,11,11,0
USR-00674,CAT-020,Personal care,Wellness,7,6,1
USR-00674,CAT-022,Baby care,Family,5,4,1
USR-00674,CAT-023,Books,Family,6,5,1
USR-00674,CAT-025,Board games,Family,3,2,1
USR-00675,CAT-016,Skincare,Wellness,11,10,1
USR-00675,CAT-018,Supplements,Wellness,8,6,2
USR-00675,CAT-019,Fitness,Wellness,6,4,2
USR-00675,CAT-021,Toys,Family,2,2,0
USR-00676,CAT-007,Cleaning,Home,3,3,0
USR-00676,CAT-013,Bags,Style,5,2,3
USR-00676,CAT-014,Accessories,Style,4,3,1
USR-00676,CAT-015,Jewelry,Style,11,9,2
USR-00677,CAT-019,Fitness,Wellness,3,1,2
USR-00677,CAT-025,Board games,Family,3,3,0
USR-00677,CAT-026,Cycling,Outdoor,6,5,1
USR-00677,CAT-027,Camping,Outdoor,6,5,1
USR-00677,CAT-029,Automotive,Outdoor,5,4,1
USR-00677,CAT-030,Sports,Outdoor,6,4,2
USR-00678,CAT-012,Shoes,Style,12,12,0
USR-00678,CAT-013,Bags,Style,8,7,1
USR-00678,CAT-014,Accessories,Style,11,10,1
USR-00678,CAT-019,Fitness,Wellness,2,2,0
USR-00678,CAT-030,Sports,Outdoor,2,1,1
USR-00679,CAT-001,Smartphones,Digital,8,4,4
USR-00679,CAT-002,Laptops,Digital,6,6,0
USR-00679,CAT-003,Headphones,Digital,4,3,1
USR-00679,CAT-004,Monitors,Digital,11,8,3
USR-00679,CAT-005,Storage,Digital,8,6,2
USR-00679,CAT-010,Bedding,Home,4,4,0
USR-00679,CAT-028,Garden,Outdoor,4,1,3
USR-00680,CAT-006,Kitchen appliances,Home,10,9,1
USR-00680,CAT-007,Cleaning,Home,13,11,2
USR-00680,CAT-008,Coffee,Home,12,10,2
USR-00680,CAT-011,Clothing,Style,10,7,3
USR-00680,CAT-014,Accessories,Style,4,3,1
USR-00680,CAT-015,Jewelry,Style,5,4,1
USR-00681,CAT-002,Laptops,Digital,7,6,1
USR-00681,CAT-004,Monitors,Digital,10,8,2
USR-00681,CAT-005,Storage,Digital,10,6,4
USR-00681,CAT-008,Coffee,Home,4,3,1
USR-00681,CAT-017,Haircare,Wellness,3,1,2
USR-00682,CAT-005,Storage,Digital,2,2,0
USR-00682,CAT-007,Cleaning,Home,11,6,5
USR-00682,CAT-008,Coffee,Home,9,9,0
USR-00682,CAT-010,Bedding,Home,4,4,0
USR-00682,CAT-018,Supplements,Wellness,3,3,0
USR-00683,CAT-001,Smartphones,Digital,9,6,3
USR-00683,CAT-002,Laptops,Digital,7,3,4
USR-00683,CAT-003,Headphones,Digital,7,4,3
USR-00683,CAT-004,Monitors,Digital,7,5,2
USR-00683,CAT-005,Storage,Digital,12,9,3
USR-00683,CAT-016,Skincare,Wellness,4,4,0
USR-00683,CAT-017,Haircare,Wellness,3,2,1
USR-00684,CAT-011,Clothing,Style,6,4,2
USR-00684,CAT-012,Shoes,Style,11,9,2
USR-00684,CAT-015,Jewelry,Style,7,6,1
USR-00684,CAT-026,Cycling,Outdoor,3,3,0
USR-00685,CAT-016,Skincare,Wellness,13,12,1
USR-00685,CAT-018,Supplements,Wellness,6,4,2
USR-00685,CAT-020,Personal care,Wellness,8,6,2
USR-00685,CAT-026,Cycling,Outdoor,6,2,4
USR-00685,CAT-028,Garden,Outdoor,7,6,1
USR-00685,CAT-029,Automotive,Outdoor,10,9,1
USR-00686,CAT-003,Headphones,Digital,4,3,1
USR-00686,CAT-004,Monitors,Digital,5,5,0
USR-00686,CAT-006,Kitchen appliances,Home,8,6,2
USR-00686,CAT-007,Cleaning,Home,13,8,5
USR-00686,CAT-008,Coffee,Home,10,6,4
USR-00686,CAT-010,Bedding,Home,13,12,1
USR-00687,CAT-006,Kitchen appliances,Home,6,6,0
USR-00687,CAT-008,Coffee,Home,5,4,1
USR-00687,CAT-010,Bedding,Home,7,5,2
USR-00687,CAT-011,Clothing,Style,11,7,4
USR-00687,CAT-012,Shoes,Style,11,7,4
USR-00687,CAT-013,Bags,Style,7,5,2
USR-00687,CAT-014,Accessories,Style,15,12,3
USR-00687,CAT-015,Jewelry,Style,6,4,2
USR-00688,CAT-007,Cleaning,Home,4,1,3
USR-00688,CAT-019,Fitness,Wellness,2,2,0
USR-00688,CAT-026,Cycling,Outdoor,8,6,2
USR-00688,CAT-027,Camping,Outdoor,8,5,3
USR-00688,CAT-028,Garden,Outdoor,8,7,1
USR-00688,CAT-029,Automotive,Outdoor,11,9,2
USR-00688,CAT-030,Sports,Outdoor,8,7,1
USR-00689,CAT-022,Baby care,Family,13,10,3
USR-00689,CAT-024,Stationery,Family,12,11,1
USR-00689,CAT-025,Board games,Family,12,10,2
USR-00689,CAT-028,Garden,Outdoor,5,1,4
USR-00690,CAT-011,Clothing,Style,6,4,2
USR-00690,CAT-012,Shoes,Style,5,5,0
USR-00690,CAT-013,Bags,Style,9,8,1
USR-00690,CAT-014,Accessories,Style,4,1,3
USR-00690,CAT-015,Jewelry,Style,8,5,3
USR-00690,CAT-026,Cycling,Outdoor,8,6,2
USR-00690,CAT-028,Garden,Outdoor,6,5,1
USR-00690,CAT-029,Automotive,Outdoor,4,3,1
USR-00691,CAT-006,Kitchen appliances,Home,10,10,0
USR-00691,CAT-007,Cleaning,Home,8,6,2
USR-00691,CAT-008,Coffee,Home,11,9,2
USR-00691,CAT-009,Lighting,Home,9,7,2
USR-00691,CAT-020,Personal care,Wellness,4,3,1
USR-00692,CAT-026,Cycling,Outdoor,8,8,0
USR-00692,CAT-027,Camping,Outdoor,6,5,1
USR-00692,CAT-028,Garden,Outdoor,4,4,0
USR-00693,CAT-006,Kitchen appliances,Home,10,9,1
USR-00693,CAT-007,Cleaning,Home,9,8,1
USR-00693,CAT-009,Lighting,Home,6,5,1
USR-00693,CAT-030,Sports,Outdoor,2,2,0
USR-00694,CAT-001,Smartphones,Digital,6,5,1
USR-00694,CAT-003,Headphones,Digital,5,3,2
USR-00694,CAT-004,Monitors,Digital,10,9,1
USR-00694,CAT-006,Kitchen appliances,Home,10,8,2
USR-00694,CAT-007,Cleaning,Home,7,4,3
USR-00694,CAT-009,Lighting,Home,9,7,2
USR-00694,CAT-010,Bedding,Home,8,6,2
USR-00695,CAT-015,Jewelry,Style,6,5,1
USR-00695,CAT-026,Cycling,Outdoor,6,5,1
USR-00695,CAT-027,Camping,Outdoor,8,8,0
USR-00695,CAT-028,Garden,Outdoor,10,8,2
USR-00695,CAT-029,Automotive,Outdoor,7,6,1
USR-00695,CAT-030,Sports,Outdoor,5,4,1
USR-00696,CAT-006,Kitchen appliances,Home,6,6,0
USR-00696,CAT-007,Cleaning,Home,6,4,2
USR-00696,CAT-010,Bedding,Home,6,3,3
USR-00696,CAT-011,Clothing,Style,8,7,1
USR-00696,CAT-012,Shoes,Style,10,9,1
USR-00696,CAT-013,Bags,Style,13,10,3
USR-00696,CAT-015,Jewelry,Style,14,7,7
USR-00697,CAT-015,Jewelry,Style,7,2,5
USR-00697,CAT-020,Personal care,Wellness,1,1,0
USR-00697,CAT-021,Toys,Family,10,7,3
USR-00697,CAT-022,Baby care,Family,5,4,1
USR-00697,CAT-023,Books,Family,7,6,1
USR-00697,CAT-024,Stationery,Family,8,4,4
USR-00697,CAT-025,Board games,Family,9,7,2
USR-00698,CAT-016,Skincare,Wellness,8,8,0
USR-00698,CAT-017,Haircare,Wellness,6,6,0
USR-00698,CAT-019,Fitness,Wellness,17,10,7
USR-00698,CAT-020,Personal care,Wellness,5,4,1
USR-00698,CAT-028,Garden,Outdoor,7,3,4
USR-00699,CAT-011,Clothing,Style,3,2,1
USR-00699,CAT-016,Skincare,Wellness,5,3,2
USR-00699,CAT-017,Haircare,Wellness,9,8,1
USR-00699,CAT-018,Supplements,Wellness,7,6,1
USR-00699,CAT-019,Fitness,Wellness,11,11,0
USR-00699,CAT-020,Personal care,Wellness,7,4,3
USR-00700,CAT-002,Laptops,Digital,2,2,0
USR-00700,CAT-006,Kitchen appliances,Home,12,11,1
USR-00700,CAT-008,Coffee,Home,10,8,2
USR-00700,CAT-009,Lighting,Home,12,8,4
USR-00700,CAT-010,Bedding,Home,9,5,4
USR-00700,CAT-012,Shoes,Style,2,2,0
USR-00701,CAT-001,Smartphones,Digital,2,1,1
USR-00701,CAT-006,Kitchen appliances,Home,7,5,2
USR-00701,CAT-007,Cleaning,Home,10,6,4
USR-00701,CAT-008,Coffee,Home,7,6,1
USR-00701,CAT-009,Lighting,Home,12,10,2
USR-00701,CAT-010,Bedding,Home,4,3,1
USR-00701,CAT-023,Books,Family,4,1,3
USR-00702,CAT-007,Cleaning,Home,10,8,2
USR-00702,CAT-008,Coffee,Home,9,7,2
USR-00702,CAT-009,Lighting,Home,8,7,1
USR-00702,CAT-015,Jewelry,Style,3,3,0
USR-00703,CAT-001,Smartphones,Digital,7,6,1
USR-00703,CAT-002,Laptops,Digital,12,10,2
USR-00703,CAT-003,Headphones,Digital,7,6,1
USR-00703,CAT-004,Monitors,Digital,11,7,4
USR-00703,CAT-005,Storage,Digital,9,7,2
USR-00703,CAT-009,Lighting,Home,2,1,1
USR-00704,CAT-027,Camping,Outdoor,9,9,0
USR-00704,CAT-029,Automotive,Outdoor,11,8,3
USR-00704,CAT-030,Sports,Outdoor,12,7,5
USR-00705,CAT-006,Kitchen appliances,Home,8,8,0
USR-00705,CAT-007,Cleaning,Home,9,8,1
USR-00705,CAT-008,Coffee,Home,10,6,4
USR-00705,CAT-009,Lighting,Home,2,1,1
USR-00705,CAT-010,Bedding,Home,5,3,2
USR-00705,CAT-011,Clothing,Style,3,2,1
USR-00705,CAT-012,Shoes,Style,7,5,2
USR-00705,CAT-014,Accessories,Style,9,5,4
USR-00706,CAT-016,Skincare,Wellness,13,12,1
USR-00706,CAT-017,Haircare,Wellness,7,6,1
USR-00706,CAT-018,Supplements,Wellness,10,7,3
USR-00706,CAT-023,Books,Family,3,3,0
USR-00707,CAT-011,Clothing,Style,8,7,1
USR-00707,CAT-012,Shoes,Style,9,7,2
USR-00707,CAT-015,Jewelry,Style,7,5,2
USR-00707,CAT-021,Toys,Family,11,6,5
USR-00707,CAT-022,Baby care,Family,13,11,2
USR-00707,CAT-023,Books,Family,6,6,0
USR-00707,CAT-024,Stationery,Family,9,5,4
USR-00707,CAT-025,Board games,Family,10,6,4
USR-00708,CAT-011,Clothing,Style,4,2,2
USR-00708,CAT-012,Shoes,Style,4,3,1
USR-00708,CAT-015,Jewelry,Style,2,1,1
USR-00708,CAT-021,Toys,Family,11,9,2
USR-00708,CAT-022,Baby care,Family,12,10,2
USR-00708,CAT-023,Books,Family,8,7,1
USR-00708,CAT-024,Stationery,Family,9,8,1
USR-00708,CAT-025,Board games,Family,6,3,3
USR-00709,CAT-011,Clothing,Style,8,5,3
USR-00709,CAT-013,Bags,Style,7,6,1
USR-00709,CAT-015,Jewelry,Style,5,3,2
USR-00709,CAT-017,Haircare,Wellness,6,5,1
USR-00709,CAT-018,Supplements,Wellness,6,5,1
USR-00709,CAT-019,Fitness,Wellness,6,4,2
USR-00710,CAT-011,Clothing,Style,8,8,0
USR-00710,CAT-012,Shoes,Style,9,4,5
USR-00710,CAT-013,Bags,Style,6,3,3
USR-00710,CAT-015,Jewelry,Style,8,7,1
USR-00710,CAT-022,Baby care,Family,4,4,0
USR-00711,CAT-027,Camping,Outdoor,13,9,4
USR-00711,CAT-028,Garden,Outdoor,7,5,2
USR-00711,CAT-029,Automotive,Outdoor,8,6,2
USR-00711,CAT-030,Sports,Outdoor,10,9,1
USR-00712,CAT-011,Clothing,Style,6,5,1
USR-00712,CAT-012,Shoes,Style,4,4,0
USR-00712,CAT-015,Jewelry,Style,5,4,1
USR-00712,CAT-016,Skincare,Wellness,10,7,3
USR-00712,CAT-017,Haircare,Wellness,11,10,1
USR-00712,CAT-018,Supplements,Wellness,9,8,1
USR-00712,CAT-019,Fitness,Wellness,10,8,2
USR-00712,CAT-020,Personal care,Wellness,8,7,1
USR-00713,CAT-021,Toys,Family,7,5,2
USR-00713,CAT-022,Baby care,Family,7,6,1
USR-00713,CAT-023,Books,Family,8,5,3
USR-00713,CAT-024,Stationery,Family,6,3,3
USR-00713,CAT-025,Board games,Family,7,6,1
USR-00714,CAT-026,Cycling,Outdoor,5,5,0
USR-00714,CAT-027,Camping,Outdoor,12,7,5
USR-00714,CAT-028,Garden,Outdoor,10,9,1
USR-00714,CAT-029,Automotive,Outdoor,8,3,5
USR-00714,CAT-030,Sports,Outdoor,7,5,2
USR-00715,CAT-022,Baby care,Family,5,4,1
USR-00715,CAT-023,Books,Family,5,3,2
USR-00715,CAT-025,Board games,Family,7,6,1
USR-00716,CAT-001,Smartphones,Digital,10,7,3
USR-00716,CAT-002,Laptops,Digital,7,5,2
USR-00716,CAT-005,Storage,Digital,10,9,1
USR-00716,CAT-017,Haircare,Wellness,9,5,4
USR-00716,CAT-018,Supplements,Wellness,4,4,0
USR-00716,CAT-020,Personal care,Wellness,10,9,1
USR-00717,CAT-008,Coffee,Home,7,6,1
USR-00717,CAT-009,Lighting,Home,8,6,2
USR-00717,CAT-010,Bedding,Home,9,7,2
USR-00717,CAT-016,Skincare,Wellness,11,8,3
USR-00717,CAT-017,Haircare,Wellness,8,6,2
USR-00717,CAT-018,Supplements,Wellness,12,12,0
USR-00717,CAT-019,Fitness,Wellness,8,8,0
USR-00717,CAT-020,Personal care,Wellness,11,9,2
USR-00718,CAT-003,Headphones,Digital,5,4,1
USR-00718,CAT-004,Monitors,Digital,6,4,2
USR-00718,CAT-005,Storage,Digital,12,11,1
USR-00718,CAT-013,Bags,Style,6,6,0
USR-00719,CAT-010,Bedding,Home,3,3,0
USR-00719,CAT-017,Haircare,Wellness,9,7,2
USR-00719,CAT-018,Supplements,Wellness,3,3,0
USR-00719,CAT-019,Fitness,Wellness,11,9,2
USR-00719,CAT-020,Personal care,Wellness,7,5,2
USR-00719,CAT-024,Stationery,Family,3,2,1
USR-00720,CAT-021,Toys,Family,9,9,0
USR-00720,CAT-022,Baby care,Family,9,9,0
USR-00720,CAT-023,Books,Family,12,10,2
USR-00720,CAT-026,Cycling,Outdoor,8,6,2
USR-00720,CAT-028,Garden,Outdoor,8,8,0
USR-00720,CAT-030,Sports,Outdoor,15,12,3
USR-00721,CAT-011,Clothing,Style,11,8,3
USR-00721,CAT-012,Shoes,Style,12,9,3
USR-00721,CAT-013,Bags,Style,9,6,3
USR-00721,CAT-015,Jewelry,Style,10,9,1
USR-00721,CAT-016,Skincare,Wellness,8,5,3
USR-00721,CAT-018,Supplements,Wellness,9,7,2
USR-00721,CAT-019,Fitness,Wellness,7,4,3
USR-00722,CAT-013,Bags,Style,5,5,0
USR-00722,CAT-014,Accessories,Style,6,5,1
USR-00722,CAT-015,Jewelry,Style,13,11,2
USR-00722,CAT-020,Personal care,Wellness,2,2,0
USR-00723,CAT-001,Smartphones,Digital,8,4,4
USR-00723,CAT-002,Laptops,Digital,6,6,0
USR-00723,CAT-003,Headphones,Digital,8,4,4
USR-00723,CAT-004,Monitors,Digital,9,8,1
USR-00723,CAT-017,Haircare,Wellness,3,3,0
USR-00723,CAT-025,Board games,Family,4,3,1
USR-00724,CAT-026,Cycling,Outdoor,4,3,1
USR-00724,CAT-027,Camping,Outdoor,13,9,4
USR-00724,CAT-028,Garden,Outdoor,6,5,1
USR-00724,CAT-029,Automotive,Outdoor,9,6,3
USR-00724,CAT-030,Sports,Outdoor,11,9,2
USR-00725,CAT-001,Smartphones,Digital,9,6,3
USR-00725,CAT-002,Laptops,Digital,7,5,2
USR-00725,CAT-004,Monitors,Digital,11,9,2
USR-00725,CAT-005,Storage,Digital,11,7,4
USR-00726,CAT-001,Smartphones,Digital,10,7,3
USR-00726,CAT-002,Laptops,Digital,8,8,0
USR-00726,CAT-003,Headphones,Digital,5,4,1
USR-00726,CAT-004,Monitors,Digital,5,5,0
USR-00726,CAT-005,Storage,Digital,9,9,0
USR-00726,CAT-016,Skincare,Wellness,5,4,1
USR-00726,CAT-018,Supplements,Wellness,10,9,1
USR-00726,CAT-020,Personal care,Wellness,7,6,1
USR-00727,CAT-006,Kitchen appliances,Home,6,4,2
USR-00727,CAT-008,Coffee,Home,8,8,0
USR-00727,CAT-009,Lighting,Home,10,8,2
USR-00727,CAT-020,Personal care,Wellness,2,2,0
USR-00728,CAT-001,Smartphones,Digital,14,13,1
USR-00728,CAT-002,Laptops,Digital,8,6,2
USR-00728,CAT-003,Headphones,Digital,8,6,2
USR-00728,CAT-005,Storage,Digital,7,5,2
USR-00728,CAT-021,Toys,Family,1,1,0
USR-00728,CAT-027,Camping,Outdoor,2,2,0
USR-00729,CAT-011,Clothing,Style,13,11,2
USR-00729,CAT-012,Shoes,Style,7,6,1
USR-00729,CAT-013,Bags,Style,9,7,2
USR-00729,CAT-014,Accessories,Style,17,13,4
USR-00729,CAT-015,Jewelry,Style,10,9,1
USR-00729,CAT-017,Haircare,Wellness,2,1,1
USR-00730,CAT-001,Smartphones,Digital,2,2,0
USR-00730,CAT-012,Shoes,Style,9,9,0
USR-00730,CAT-013,Bags,Style,10,8,2
USR-00730,CAT-015,Jewelry,Style,8,6,2
USR-00731,CAT-008,Coffee,Home,5,4,1
USR-00731,CAT-009,Lighting,Home,11,10,1
USR-00731,CAT-010,Bedding,Home,8,8,0
USR-00731,CAT-021,Toys,Family,6,6,0
USR-00731,CAT-022,Baby care,Family,3,3,0
USR-00731,CAT-023,Books,Family,6,3,3
USR-00732,CAT-001,Smartphones,Digital,8,6,2
USR-00732,CAT-003,Headphones,Digital,8,8,0
USR-00732,CAT-004,Monitors,Digital,13,9,4
USR-00732,CAT-005,Storage,Digital,11,10,1
USR-00732,CAT-018,Supplements,Wellness,7,7,0
USR-00732,CAT-019,Fitness,Wellness,6,6,0
USR-00732,CAT-020,Personal care,Wellness,5,4,1
USR-00733,CAT-001,Smartphones,Digital,9,8,1
USR-00733,CAT-003,Headphones,Digital,6,6,0
USR-00733,CAT-004,Monitors,Digital,10,8,2
USR-00733,CAT-005,Storage,Digital,12,11,1
USR-00734,CAT-011,Clothing,Style,12,11,1
USR-00734,CAT-012,Shoes,Style,11,9,2
USR-00734,CAT-014,Accessories,Style,8,7,1
USR-00734,CAT-015,Jewelry,Style,8,4,4
USR-00734,CAT-026,Cycling,Outdoor,4,4,0
USR-00734,CAT-027,Camping,Outdoor,7,6,1
USR-00734,CAT-029,Automotive,Outdoor,7,7,0
USR-00735,CAT-001,Smartphones,Digital,9,5,4
USR-00735,CAT-002,Laptops,Digital,12,11,1
USR-00735,CAT-003,Headphones,Digital,8,6,2
USR-00735,CAT-004,Monitors,Digital,5,4,1
USR-00735,CAT-005,Storage,Digital,10,10,0
USR-00735,CAT-016,Skincare,Wellness,6,4,2
USR-00736,CAT-017,Haircare,Wellness,9,7,2
USR-00736,CAT-018,Supplements,Wellness,11,8,3
USR-00736,CAT-019,Fitness,Wellness,11,8,3
USR-00736,CAT-020,Personal care,Wellness,10,8,2
USR-00736,CAT-021,Toys,Family,1,1,0
USR-00737,CAT-006,Kitchen appliances,Home,11,10,1
USR-00737,CAT-007,Cleaning,Home,9,6,3
USR-00737,CAT-010,Bedding,Home,9,7,2
USR-00737,CAT-011,Clothing,Style,7,6,1
USR-00737,CAT-014,Accessories,Style,2,2,0
USR-00737,CAT-015,Jewelry,Style,6,5,1
USR-00738,CAT-007,Cleaning,Home,9,8,1
USR-00738,CAT-009,Lighting,Home,6,4,2
USR-00738,CAT-010,Bedding,Home,8,6,2
USR-00738,CAT-012,Shoes,Style,4,3,1
USR-00739,CAT-011,Clothing,Style,8,5,3
USR-00739,CAT-012,Shoes,Style,13,8,5
USR-00739,CAT-015,Jewelry,Style,4,3,1
USR-00739,CAT-022,Baby care,Family,1,1,0
USR-00740,CAT-011,Clothing,Style,8,7,1
USR-00740,CAT-012,Shoes,Style,6,5,1
USR-00740,CAT-013,Bags,Style,6,3,3
USR-00740,CAT-014,Accessories,Style,8,8,0
USR-00740,CAT-015,Jewelry,Style,11,9,2
USR-00740,CAT-020,Personal care,Wellness,3,3,0
USR-00740,CAT-030,Sports,Outdoor,2,2,0
USR-00741,CAT-002,Laptops,Digital,5,5,0
USR-00741,CAT-004,Monitors,Digital,7,5,2
USR-00741,CAT-005,Storage,Digital,8,5,3
USR-00741,CAT-017,Haircare,Wellness,5,4,1
USR-00741,CAT-019,Fitness,Wellness,10,9,1
USR-00741,CAT-020,Personal care,Wellness,10,10,0
USR-00742,CAT-001,Smartphones,Digital,10,6,4
USR-00742,CAT-002,Laptops,Digital,8,4,4
USR-00742,CAT-003,Headphones,Digital,9,9,0
USR-00742,CAT-004,Monitors,Digital,11,9,2
USR-00742,CAT-005,Storage,Digital,11,7,4
USR-00743,CAT-026,Cycling,Outdoor,6,2,4
USR-00743,CAT-027,Camping,Outdoor,10,7,3
USR-00743,CAT-028,Garden,Outdoor,10,10,0
USR-00743,CAT-030,Sports,Outdoor,10,8,2
USR-00744,CAT-001,Smartphones,Digital,7,5,2
USR-00744,CAT-002,Laptops,Digital,4,4,0
USR-00744,CAT-003,Headphones,Digital,9,9,0
USR-00744,CAT-004,Monitors,Digital,9,7,2
USR-00744,CAT-016,Skincare,Wellness,3,3,0
USR-00745,CAT-011,Clothing,Style,13,11,2
USR-00745,CAT-012,Shoes,Style,8,6,2
USR-00745,CAT-013,Bags,Style,6,3,3
USR-00745,CAT-014,Accessories,Style,8,6,2
USR-00745,CAT-015,Jewelry,Style,7,6,1
USR-00745,CAT-016,Skincare,Wellness,7,6,1
USR-00745,CAT-017,Haircare,Wellness,6,5,1
USR-00745,CAT-019,Fitness,Wellness,9,9,0
USR-00746,CAT-011,Clothing,Style,5,3,2
USR-00746,CAT-012,Shoes,Style,12,9,3
USR-00746,CAT-013,Bags,Style,11,10,1
USR-00746,CAT-014,Accessories,Style,10,9,1
USR-00746,CAT-015,Jewelry,Style,7,5,2
USR-00747,CAT-006,Kitchen appliances,Home,11,10,1
USR-00747,CAT-007,Cleaning,Home,15,10,5
USR-00747,CAT-008,Coffee,Home,4,4,0
USR-00747,CAT-009,Lighting,Home,13,8,5
USR-00747,CAT-010,Bedding,Home,8,4,4
USR-00748,CAT-011,Clothing,Style,8,6,2
USR-00748,CAT-012,Shoes,Style,10,10,0
USR-00748,CAT-013,Bags,Style,11,11,0
USR-00748,CAT-014,Accessories,Style,4,3,1
USR-00748,CAT-015,Jewelry,Style,10,7,3
USR-00749,CAT-011,Clothing,Style,3,3,0
USR-00749,CAT-023,Books,Family,10,7,3
USR-00749,CAT-024,Stationery,Family,11,9,2
USR-00749,CAT-025,Board games,Family,7,5,2
USR-00750,CAT-017,Haircare,Wellness,2,1,1
USR-00750,CAT-022,Baby care,Family,9,6,3
USR-00750,CAT-023,Books,Family,4,3,1
USR-00750,CAT-024,Stationery,Family,6,6,0
USR-00750,CAT-025,Board games,Family,11,8,3
USR-00751,CAT-006,Kitchen appliances,Home,8,4,4
USR-00751,CAT-007,Cleaning,Home,11,11,0
USR-00751,CAT-008,Coffee,Home,10,10,0
USR-00751,CAT-009,Lighting,Home,7,5,2
USR-00751,CAT-010,Bedding,Home,16,11,5
USR-00752,CAT-006,Kitchen appliances,Home,9,8,1
USR-00752,CAT-007,Cleaning,Home,11,6,5
USR-00752,CAT-010,Bedding,Home,15,8,7
USR-00752,CAT-011,Clothing,Style,6,6,0
USR-00752,CAT-012,Shoes,Style,8,7,1
USR-00752,CAT-014,Accessories,Style,5,5,0
USR-00753,CAT-006,Kitchen appliances,Home,9,7,2
USR-00753,CAT-009,Lighting,Home,10,9,1
USR-00753,CAT-010,Bedding,Home,9,6,3
USR-00753,CAT-019,Fitness,Wellness,1,1,0
USR-00753,CAT-026,Cycling,Outdoor,7,7,0
USR-00754,CAT-004,Monitors,Digital,4,3,1
USR-00754,CAT-011,Clothing,Style,12,11,1
USR-00754,CAT-012,Shoes,Style,10,8,2
USR-00754,CAT-013,Bags,Style,5,3,2
USR-00754,CAT-014,Accessories,Style,11,8,3
USR-00755,CAT-016,Skincare,Wellness,13,11,2
USR-00755,CAT-017,Haircare,Wellness,10,9,1
USR-00755,CAT-018,Supplements,Wellness,8,6,2
USR-00755,CAT-019,Fitness,Wellness,5,5,0
USR-00755,CAT-023,Books,Family,7,6,1
USR-00756,CAT-006,Kitchen appliances,Home,12,11,1
USR-00756,CAT-007,Cleaning,Home,6,6,0
USR-00756,CAT-008,Coffee,Home,4,3,1
USR-00756,CAT-009,Lighting,Home,9,7,2
USR-00756,CAT-010,Bedding,Home,11,7,4
USR-00756,CAT-012,Shoes,Style,2,2,0
USR-00756,CAT-019,Fitness,Wellness,2,2,0
USR-00757,CAT-006,Kitchen appliances,Home,9,5,4
USR-00757,CAT-007,Cleaning,Home,10,7,3
USR-00757,CAT-008,Coffee,Home,7,5,2
USR-00757,CAT-009,Lighting,Home,8,7,1
USR-00757,CAT-010,Bedding,Home,8,7,1
USR-00758,CAT-021,Toys,Family,6,6,0
USR-00758,CAT-024,Stationery,Family,6,4,2
USR-00758,CAT-025,Board games,Family,5,5,0
USR-00758,CAT-027,Camping,Outdoor,10,7,3
USR-00758,CAT-028,Garden,Outdoor,12,8,4
USR-00758,CAT-029,Automotive,Outdoor,7,6,1
USR-00758,CAT-030,Sports,Outdoor,9,8,1
USR-00759,CAT-001,Smartphones,Digital,12,8,4
USR-00759,CAT-002,Laptops,Digital,9,8,1
USR-00759,CAT-003,Headphones,Digital,10,6,4
USR-00759,CAT-004,Monitors,Digital,10,9,1
USR-00759,CAT-017,Haircare,Wellness,2,2,0
USR-00760,CAT-012,Shoes,Style,5,5,0
USR-00760,CAT-014,Accessories,Style,12,9,3
USR-00760,CAT-015,Jewelry,Style,10,7,3
USR-00760,CAT-025,Board games,Family,3,2,1
USR-00761,CAT-021,Toys,Family,10,8,2
USR-00761,CAT-022,Baby care,Family,8,6,2
USR-00761,CAT-024,Stationery,Family,9,6,3
USR-00761,CAT-025,Board games,Family,11,10,1
USR-00762,CAT-002,Laptops,Digital,10,7,3
USR-00762,CAT-003,Headphones,Digital,11,10,1
USR-00762,CAT-004,Monitors,Digital,10,6,4
USR-00762,CAT-009,Lighting,Home,4,3,1
USR-00763,CAT-001,Smartphones,Digital,10,10,0
USR-00763,CAT-002,Laptops,Digital,8,7,1
USR-00763,CAT-003,Headphones,Digital,13,10,3
USR-00763,CAT-004,Monitors,Digital,6,2,4
USR-00763,CAT-005,Storage,Digital,9,8,1
USR-00763,CAT-021,Toys,Family,10,10,0
USR-00763,CAT-022,Baby care,Family,6,3,3
USR-00763,CAT-023,Books,Family,6,6,0
USR-00764,CAT-001,Smartphones,Digital,9,7,2
USR-00764,CAT-002,Laptops,Digital,4,4,0
USR-00764,CAT-004,Monitors,Digital,10,7,3
USR-00764,CAT-005,Storage,Digital,9,6,3
USR-00765,CAT-011,Clothing,Style,4,3,1
USR-00765,CAT-012,Shoes,Style,4,4,0
USR-00765,CAT-013,Bags,Style,6,6,0
USR-00765,CAT-027,Camping,Outdoor,10,7,3
USR-00765,CAT-028,Garden,Outdoor,11,10,1
USR-00765,CAT-030,Sports,Outdoor,17,10,7
USR-00766,CAT-001,Smartphones,Digital,11,8,3
USR-00766,CAT-002,Laptops,Digital,9,8,1
USR-00766,CAT-003,Headphones,Digital,8,6,2
USR-00766,CAT-004,Monitors,Digital,9,9,0
USR-00766,CAT-021,Toys,Family,5,4,1
USR-00766,CAT-022,Baby care,Family,1,1,0
USR-00767,CAT-002,Laptops,Digital,6,5,1
USR-00767,CAT-004,Monitors,Digital,7,5,2
USR-00767,CAT-005,Storage,Digital,8,8,0
USR-00767,CAT-015,Jewelry,Style,2,2,0
USR-00768,CAT-001,Smartphones,Digital,8,8,0
USR-00768,CAT-002,Laptops,Digital,13,11,2
USR-00768,CAT-003,Headphones,Digital,10,9,1
USR-00768,CAT-004,Monitors,Digital,8,7,1
USR-00768,CAT-005,Storage,Digital,12,10,2
USR-00769,CAT-001,Smartphones,Digital,11,10,1
USR-00769,CAT-002,Laptops,Digital,8,6,2
USR-00769,CAT-003,Headphones,Digital,7,5,2
USR-00769,CAT-004,Monitors,Digital,7,4,3
USR-00770,CAT-010,Bedding,Home,1,1,0
USR-00770,CAT-015,Jewelry,Style,2,2,0
USR-00770,CAT-016,Skincare,Wellness,7,7,0
USR-00770,CAT-018,Supplements,Wellness,12,11,1
USR-00770,CAT-019,Fitness,Wellness,9,8,1
USR-00770,CAT-020,Personal care,Wellness,6,5,1
USR-00771,CAT-006,Kitchen appliances,Home,12,9,3
USR-00771,CAT-007,Cleaning,Home,9,5,4
USR-00771,CAT-008,Coffee,Home,14,13,1
USR-00771,CAT-009,Lighting,Home,8,8,0
USR-00771,CAT-010,Bedding,Home,10,10,0
USR-00771,CAT-028,Garden,Outdoor,5,4,1
USR-00772,CAT-016,Skincare,Wellness,12,9,3
USR-00772,CAT-017,Haircare,Wellness,15,14,1
USR-00772,CAT-018,Supplements,Wellness,10,7,3
USR-00772,CAT-024,Stationery,Family,2,1,1
USR-00773,CAT-016,Skincare,Wellness,9,3,6
USR-00773,CAT-017,Haircare,Wellness,9,7,2
USR-00773,CAT-019,Fitness,Wellness,12,10,2
USR-00773,CAT-020,Personal care,Wellness,7,6,1
USR-00773,CAT-026,Cycling,Outdoor,9,7,2
USR-00773,CAT-029,Automotive,Outdoor,5,5,0
USR-00773,CAT-030,Sports,Outdoor,4,4,0
USR-00774,CAT-019,Fitness,Wellness,2,2,0
USR-00774,CAT-022,Baby care,Family,10,8,2
USR-00774,CAT-023,Books,Family,18,16,2
USR-00774,CAT-024,Stationery,Family,11,10,1
USR-00774,CAT-025,Board games,Family,7,4,3
USR-00775,CAT-001,Smartphones,Digital,9,8,1
USR-00775,CAT-002,Laptops,Digital,5,4,1
USR-00775,CAT-003,Headphones,Digital,10,8,2
USR-00775,CAT-004,Monitors,Digital,6,6,0
USR-00775,CAT-028,Garden,Outdoor,2,2,0
USR-00776,CAT-021,Toys,Family,7,5,2
USR-00776,CAT-022,Baby care,Family,8,7,1
USR-00776,CAT-023,Books,Family,9,8,1
USR-00776,CAT-024,Stationery,Family,8,6,2
USR-00776,CAT-025,Board games,Family,6,3,3
USR-00777,CAT-016,Skincare,Wellness,7,7,0
USR-00777,CAT-017,Haircare,Wellness,11,11,0
USR-00777,CAT-018,Supplements,Wellness,8,6,2
USR-00777,CAT-019,Fitness,Wellness,16,11,5
USR-00777,CAT-020,Personal care,Wellness,11,8,3
USR-00777,CAT-026,Cycling,Outdoor,3,2,1
USR-00778,CAT-001,Smartphones,Digital,7,5,2
USR-00778,CAT-002,Laptops,Digital,12,6,6
USR-00778,CAT-004,Monitors,Digital,8,6,2
USR-00778,CAT-005,Storage,Digital,7,4,3
USR-00778,CAT-016,Skincare,Wellness,12,9,3
USR-00778,CAT-017,Haircare,Wellness,6,6,0
USR-00778,CAT-019,Fitness,Wellness,6,5,1
USR-00779,CAT-021,Toys,Family,11,7,4
USR-00779,CAT-022,Baby care,Family,4,4,0
USR-00779,CAT-024,Stationery,Family,5,5,0
USR-00779,CAT-025,Board games,Family,10,8,2
USR-00780,CAT-010,Bedding,Home,3,1,2
USR-00780,CAT-021,Toys,Family,8,4,4
USR-00780,CAT-022,Baby care,Family,7,6,1
USR-00780,CAT-023,Books,Family,18,12,6
USR-00780,CAT-024,Stationery,Family,8,7,1
USR-00780,CAT-025,Board games,Family,11,9,2
USR-00781,CAT-006,Kitchen appliances,Home,13,10,3
USR-00781,CAT-007,Cleaning,Home,14,12,2
USR-00781,CAT-008,Coffee,Home,8,6,2
USR-00781,CAT-010,Bedding,Home,5,5,0
USR-00781,CAT-021,Toys,Family,3,1,2
USR-00782,CAT-024,Stationery,Family,3,2,1
USR-00782,CAT-026,Cycling,Outdoor,8,8,0
USR-00782,CAT-028,Garden,Outdoor,8,7,1
USR-00782,CAT-029,Automotive,Outdoor,14,11,3
USR-00782,CAT-030,Sports,Outdoor,12,10,2
USR-00783,CAT-011,Clothing,Style,8,6,2
USR-00783,CAT-013,Bags,Style,11,8,3
USR-00783,CAT-014,Accessories,Style,13,10,3
USR-00783,CAT-015,Jewelry,Style,11,8,3
USR-00784,CAT-001,Smartphones,Digital,5,4,1
USR-00784,CAT-002,Laptops,Digital,9,6,3
USR-00784,CAT-004,Monitors,Digital,15,13,2
USR-00784,CAT-016,Skincare,Wellness,8,6,2
USR-00784,CAT-017,Haircare,Wellness,8,8,0
USR-00784,CAT-018,Supplements,Wellness,8,5,3
USR-00784,CAT-019,Fitness,Wellness,7,6,1
USR-00784,CAT-020,Personal care,Wellness,5,5,0
USR-00785,CAT-001,Smartphones,Digital,3,2,1
USR-00785,CAT-027,Camping,Outdoor,7,6,1
USR-00785,CAT-029,Automotive,Outdoor,9,7,2
USR-00785,CAT-030,Sports,Outdoor,11,10,1
USR-00786,CAT-001,Smartphones,Digital,7,7,0
USR-00786,CAT-002,Laptops,Digital,5,4,1
USR-00786,CAT-004,Monitors,Digital,9,8,1
USR-00786,CAT-006,Kitchen appliances,Home,10,10,0
USR-00786,CAT-007,Cleaning,Home,12,9,3
USR-00786,CAT-008,Coffee,Home,13,11,2
USR-00786,CAT-009,Lighting,Home,11,10,1
USR-00786,CAT-010,Bedding,Home,10,7,3
USR-00787,CAT-021,Toys,Family,9,8,1
USR-00787,CAT-023,Books,Family,15,14,1
USR-00787,CAT-025,Board games,Family,7,5,2
USR-00788,CAT-001,Smartphones,Digital,3,3,0
USR-00788,CAT-007,Cleaning,Home,11,10,1
USR-00788,CAT-008,Coffee,Home,7,7,0
USR-00788,CAT-009,Lighting,Home,13,11,2
USR-00788,CAT-010,Bedding,Home,7,7,0
USR-00788,CAT-018,Supplements,Wellness,5,4,1
USR-00789,CAT-016,Skincare,Wellness,11,8,3
USR-00789,CAT-019,Fitness,Wellness,3,3,0
USR-00789,CAT-020,Personal care,Wellness,7,6,1
USR-00789,CAT-022,Baby care,Family,9,9,0
USR-00789,CAT-023,Books,Family,10,8,2
USR-00789,CAT-024,Stationery,Family,7,6,1
USR-00789,CAT-025,Board games,Family,11,7,4
USR-00790,CAT-006,Kitchen appliances,Home,1,1,0
USR-00790,CAT-013,Bags,Style,3,3,0
USR-00790,CAT-016,Skincare,Wellness,10,7,3
USR-00790,CAT-017,Haircare,Wellness,11,9,2
USR-00790,CAT-019,Fitness,Wellness,7,7,0
USR-00791,CAT-006,Kitchen appliances,Home,4,4,0
USR-00791,CAT-007,Cleaning,Home,8,7,1
USR-00791,CAT-008,Coffee,Home,5,3,2
USR-00791,CAT-009,Lighting,Home,10,8,2
USR-00791,CAT-010,Bedding,Home,5,5,0
USR-00791,CAT-026,Cycling,Outdoor,9,7,2
USR-00791,CAT-028,Garden,Outdoor,7,7,0
USR-00791,CAT-030,Sports,Outdoor,11,7,4
USR-00792,CAT-011,Clothing,Style,5,4,1
USR-00792,CAT-013,Bags,Style,6,6,0
USR-00792,CAT-014,Accessories,Style,8,7,1
USR-00792,CAT-015,Jewelry,Style,6,4,2
USR-00792,CAT-027,Camping,Outdoor,4,3,1
USR-00793,CAT-008,Coffee,Home,8,6,2
USR-00793,CAT-009,Lighting,Home,9,7,2
USR-00793,CAT-010,Bedding,Home,6,5,1
USR-00794,CAT-002,Laptops,Digital,7,7,0
USR-00794,CAT-003,Headphones,Digital,9,8,1
USR-00794,CAT-005,Storage,Digital,13,7,6
USR-00794,CAT-007,Cleaning,Home,5,3,2
USR-00794,CAT-029,Automotive,Outdoor,4,2,2
USR-00795,CAT-001,Smartphones,Digital,9,7,2
USR-00795,CAT-002,Laptops,Digital,10,8,2
USR-00795,CAT-003,Headphones,Digital,7,6,1
USR-00795,CAT-004,Monitors,Digital,11,8,3
USR-00795,CAT-014,Accessories,Style,6,5,1
USR-00795,CAT-020,Personal care,Wellness,2,2,0
USR-00796,CAT-006,Kitchen appliances,Home,11,10,1
USR-00796,CAT-007,Cleaning,Home,5,4,1
USR-00796,CAT-008,Coffee,Home,9,8,1
USR-00796,CAT-017,Haircare,Wellness,4,2,2
USR-00797,CAT-001,Smartphones,Digital,10,8,2
USR-00797,CAT-002,Laptops,Digital,9,6,3
USR-00797,CAT-003,Headphones,Digital,7,5,2
USR-00797,CAT-004,Monitors,Digital,10,7,3
USR-00797,CAT-005,Storage,Digital,9,6,3
USR-00797,CAT-009,Lighting,Home,1,1,0
USR-00798,CAT-002,Laptops,Digital,8,7,1
USR-00798,CAT-003,Headphones,Digital,6,5,1
USR-00798,CAT-004,Monitors,Digital,9,9,0
USR-00798,CAT-005,Storage,Digital,8,8,0
USR-00798,CAT-014,Accessories,Style,3,3,0
USR-00799,CAT-021,Toys,Family,7,6,1
USR-00799,CAT-022,Baby care,Family,7,5,2
USR-00799,CAT-023,Books,Family,8,7,1
USR-00799,CAT-024,Stationery,Family,9,7,2
USR-00799,CAT-025,Board games,Family,10,7,3
USR-00800,CAT-009,Lighting,Home,6,6,0
USR-00800,CAT-012,Shoes,Style,5,4,1
USR-00800,CAT-016,Skincare,Wellness,8,7,1
USR-00800,CAT-017,Haircare,Wellness,5,4,1
USR-00800,CAT-018,Supplements,Wellness,7,5,2
USR-00800,CAT-019,Fitness,Wellness,5,3,2
USR-00800,CAT-020,Personal care,Wellness,8,8,0
USR-00801,CAT-005,Storage,Digital,5,4,1
USR-00801,CAT-010,Bedding,Home,2,2,0
USR-00801,CAT-021,Toys,Family,5,5,0
USR-00801,CAT-022,Baby care,Family,11,8,3
USR-00801,CAT-023,Books,Family,9,8,1
USR-00801,CAT-024,Stationery,Family,8,7,1
USR-00801,CAT-025,Board games,Family,17,16,1
USR-00802,CAT-006,Kitchen appliances,Home,13,13,0
USR-00802,CAT-007,Cleaning,Home,9,7,2
USR-00802,CAT-008,Coffee,Home,9,7,2
USR-00802,CAT-009,Lighting,Home,10,10,0
USR-00802,CAT-010,Bedding,Home,14,12,2
USR-00802,CAT-013,Bags,Style,3,1,2
USR-00803,CAT-003,Headphones,Digital,5,4,1
USR-00803,CAT-011,Clothing,Style,3,3,0
USR-00803,CAT-027,Camping,Outdoor,9,8,1
USR-00803,CAT-029,Automotive,Outdoor,11,9,2
USR-00803,CAT-030,Sports,Outdoor,6,3,3
USR-00804,CAT-016,Skincare,Wellness,11,8,3
USR-00804,CAT-017,Haircare,Wellness,6,4,2
USR-00804,CAT-018,Supplements,Wellness,11,10,1
USR-00804,CAT-019,Fitness,Wellness,7,6,1
USR-00804,CAT-026,Cycling,Outdoor,1,1,0
USR-00805,CAT-001,Smartphones,Digital,6,4,2
USR-00805,CAT-003,Headphones,Digital,7,4,3
USR-00805,CAT-004,Monitors,Digital,12,9,3
USR-00805,CAT-005,Storage,Digital,9,7,2
USR-00805,CAT-021,Toys,Family,3,2,1
USR-00806,CAT-002,Laptops,Digital,8,7,1
USR-00806,CAT-004,Monitors,Digital,6,5,1
USR-00806,CAT-005,Storage,Digital,6,5,1
USR-00806,CAT-022,Baby care,Family,3,3,0
USR-00807,CAT-016,Skincare,Wellness,11,8,3
USR-00807,CAT-017,Haircare,Wellness,10,7,3
USR-00807,CAT-018,Supplements,Wellness,7,7,0
USR-00807,CAT-019,Fitness,Wellness,5,3,2
USR-00807,CAT-020,Personal care,Wellness,12,11,1
USR-00807,CAT-026,Cycling,Outdoor,4,3,1
USR-00808,CAT-001,Smartphones,Digital,6,3,3
USR-00808,CAT-002,Laptops,Digital,6,4,2
USR-00808,CAT-003,Headphones,Digital,7,6,1
USR-00808,CAT-013,Bags,Style,3,3,0
USR-00809,CAT-010,Bedding,Home,5,2,3
USR-00809,CAT-012,Shoes,Style,7,4,3
USR-00809,CAT-013,Bags,Style,5,4,1
USR-00809,CAT-014,Accessories,Style,12,12,0
USR-00809,CAT-022,Baby care,Family,4,3,1
USR-00810,CAT-013,Bags,Style,3,2,1
USR-00810,CAT-026,Cycling,Outdoor,10,8,2
USR-00810,CAT-027,Camping,Outdoor,8,6,2
USR-00810,CAT-028,Garden,Outdoor,10,8,2
USR-00810,CAT-029,Automotive,Outdoor,9,8,1
USR-00810,CAT-030,Sports,Outdoor,9,6,3
USR-00811,CAT-001,Smartphones,Digital,6,5,1
USR-00811,CAT-002,Laptops,Digital,6,5,1
USR-00811,CAT-003,Headphones,Digital,10,9,1
USR-00811,CAT-004,Monitors,Digital,5,2,3
USR-00811,CAT-005,Storage,Digital,12,12,0
USR-00812,CAT-001,Smartphones,Digital,11,6,5
USR-00812,CAT-002,Laptops,Digital,9,8,1
USR-00812,CAT-003,Headphones,Digital,7,7,0
USR-00812,CAT-004,Monitors,Digital,9,9,0
USR-00812,CAT-005,Storage,Digital,9,7,2
USR-00812,CAT-011,Clothing,Style,9,9,0
USR-00812,CAT-014,Accessories,Style,7,5,2
USR-00812,CAT-015,Jewelry,Style,5,5,0
USR-00813,CAT-016,Skincare,Wellness,5,5,0
USR-00813,CAT-018,Supplements,Wellness,11,8,3
USR-00813,CAT-019,Fitness,Wellness,7,6,1
USR-00813,CAT-026,Cycling,Outdoor,10,9,1
USR-00813,CAT-027,Camping,Outdoor,16,11,5
USR-00813,CAT-028,Garden,Outdoor,9,7,2
USR-00813,CAT-029,Automotive,Outdoor,11,9,2
USR-00813,CAT-030,Sports,Outdoor,6,4,2
USR-00814,CAT-002,Laptops,Digital,1,1,0
USR-00814,CAT-006,Kitchen appliances,Home,2,2,0
USR-00814,CAT-016,Skincare,Wellness,11,10,1
USR-00814,CAT-017,Haircare,Wellness,9,8,1
USR-00814,CAT-018,Supplements,Wellness,5,3,2
USR-00815,CAT-001,Smartphones,Digital,9,8,1
USR-00815,CAT-002,Laptops,Digital,15,12,3
USR-00815,CAT-004,Monitors,Digital,11,7,4
USR-00815,CAT-005,Storage,Digital,6,6,0
USR-00816,CAT-018,Supplements,Wellness,4,3,1
USR-00816,CAT-026,Cycling,Outdoor,4,4,0
USR-00816,CAT-027,Camping,Outdoor,8,6,2
USR-00816,CAT-028,Garden,Outdoor,10,10,0
USR-00816,CAT-029,Automotive,Outdoor,6,5,1
USR-00816,CAT-030,Sports,Outdoor,12,10,2
USR-00817,CAT-026,Cycling,Outdoor,8,6,2
USR-00817,CAT-027,Camping,Outdoor,5,4,1
USR-00817,CAT-029,Automotive,Outdoor,6,5,1
USR-00818,CAT-004,Monitors,Digital,3,1,2
USR-00818,CAT-011,Clothing,Style,8,6,2
USR-00818,CAT-012,Shoes,Style,12,8,4
USR-00818,CAT-013,Bags,Style,7,5,2
USR-00818,CAT-014,Accessories,Style,11,10,1
USR-00818,CAT-015,Jewelry,Style,14,14,0
USR-00818,CAT-024,Stationery,Family,3,2,1
USR-00819,CAT-016,Skincare,Wellness,13,13,0
USR-00819,CAT-017,Haircare,Wellness,10,8,2
USR-00819,CAT-018,Supplements,Wellness,7,5,2
USR-00819,CAT-019,Fitness,Wellness,6,4,2
USR-00819,CAT-020,Personal care,Wellness,11,6,5
USR-00820,CAT-006,Kitchen appliances,Home,8,7,1
USR-00820,CAT-007,Cleaning,Home,6,4,2
USR-00820,CAT-008,Coffee,Home,7,6,1
USR-00820,CAT-009,Lighting,Home,9,5,4
USR-00820,CAT-016,Skincare,Wellness,8,7,1
USR-00820,CAT-018,Supplements,Wellness,2,1,1
USR-00820,CAT-020,Personal care,Wellness,9,8,1
USR-00821,CAT-001,Smartphones,Digital,9,5,4
USR-00821,CAT-002,Laptops,Digital,11,10,1
USR-00821,CAT-003,Headphones,Digital,7,5,2
USR-00821,CAT-005,Storage,Digital,9,8,1
USR-00821,CAT-023,Books,Family,3,2,1
USR-00822,CAT-017,Haircare,Wellness,13,12,1
USR-00822,CAT-018,Supplements,Wellness,10,10,0
USR-00822,CAT-019,Fitness,Wellness,8,6,2
USR-00822,CAT-020,Personal care,Wellness,8,7,1
USR-00822,CAT-021,Toys,Family,4,3,1
USR-00823,CAT-006,Kitchen appliances,Home,9,7,2
USR-00823,CAT-007,Cleaning,Home,11,10,1
USR-00823,CAT-008,Coffee,Home,9,8,1
USR-00823,CAT-009,Lighting,Home,5,4,1
USR-00823,CAT-010,Bedding,Home,9,7,2
USR-00823,CAT-023,Books,Family,2,2,0
USR-00823,CAT-024,Stationery,Family,4,3,1
USR-00824,CAT-015,Jewelry,Style,3,2,1
USR-00824,CAT-016,Skincare,Wellness,9,6,3
USR-00824,CAT-017,Haircare,Wellness,8,6,2
USR-00824,CAT-019,Fitness,Wellness,4,2,2
USR-00824,CAT-021,Toys,Family,1,1,0
USR-00825,CAT-003,Headphones,Digital,3,1,2
USR-00825,CAT-021,Toys,Family,11,10,1
USR-00825,CAT-022,Baby care,Family,9,8,1
USR-00825,CAT-023,Books,Family,8,6,2
USR-00825,CAT-024,Stationery,Family,6,5,1
USR-00825,CAT-025,Board games,Family,14,12,2
USR-00826,CAT-001,Smartphones,Digital,8,6,2
USR-00826,CAT-002,Laptops,Digital,7,6,1
USR-00826,CAT-003,Headphones,Digital,11,4,7
USR-00826,CAT-004,Monitors,Digital,12,11,1
USR-00826,CAT-005,Storage,Digital,10,8,2
USR-00826,CAT-021,Toys,Family,8,6,2
USR-00826,CAT-024,Stationery,Family,7,5,2
USR-00826,CAT-025,Board games,Family,8,6,2
USR-00827,CAT-014,Accessories,Style,2,2,0
USR-00827,CAT-016,Skincare,Wellness,7,6,1
USR-00827,CAT-019,Fitness,Wellness,14,12,2
USR-00827,CAT-020,Personal care,Wellness,14,11,3
USR-00828,CAT-006,Kitchen appliances,Home,7,4,3
USR-00828,CAT-007,Cleaning,Home,13,7,6
USR-00828,CAT-010,Bedding,Home,14,11,3
USR-00828,CAT-018,Supplements,Wellness,6,5,1
USR-00828,CAT-019,Fitness,Wellness,6,5,1
USR-00828,CAT-020,Personal care,Wellness,10,10,0
USR-00829,CAT-014,Accessories,Style,2,2,0
USR-00829,CAT-028,Garden,Outdoor,9,6,3
USR-00829,CAT-029,Automotive,Outdoor,11,10,1
USR-00829,CAT-030,Sports,Outdoor,6,5,1
USR-00830,CAT-006,Kitchen appliances,Home,8,8,0
USR-00830,CAT-007,Cleaning,Home,11,9,2
USR-00830,CAT-008,Coffee,Home,9,7,2
USR-00830,CAT-009,Lighting,Home,8,5,3
USR-00830,CAT-010,Bedding,Home,11,8,3
USR-00830,CAT-025,Board games,Family,2,1,1
USR-00831,CAT-016,Skincare,Wellness,10,8,2
USR-00831,CAT-017,Haircare,Wellness,7,6,1
USR-00831,CAT-018,Supplements,Wellness,11,9,2
USR-00831,CAT-028,Garden,Outdoor,4,4,0
USR-00831,CAT-029,Automotive,Outdoor,4,3,1
USR-00831,CAT-030,Sports,Outdoor,6,3,3
USR-00832,CAT-011,Clothing,Style,6,4,2
USR-00832,CAT-012,Shoes,Style,12,12,0
USR-00832,CAT-014,Accessories,Style,7,7,0
USR-00832,CAT-016,Skincare,Wellness,9,5,4
USR-00832,CAT-017,Haircare,Wellness,8,6,2
USR-00832,CAT-018,Supplements,Wellness,11,11,0
USR-00832,CAT-019,Fitness,Wellness,10,10,0
USR-00832,CAT-020,Personal care,Wellness,5,4,1
USR-00833,CAT-011,Clothing,Style,3,3,0
USR-00833,CAT-013,Bags,Style,10,9,1
USR-00833,CAT-014,Accessories,Style,8,7,1
USR-00833,CAT-021,Toys,Family,6,4,2
USR-00834,CAT-009,Lighting,Home,2,2,0
USR-00834,CAT-016,Skincare,Wellness,5,2,3
USR-00834,CAT-017,Haircare,Wellness,8,4,4
USR-00834,CAT-018,Supplements,Wellness,7,6,1
USR-00834,CAT-019,Fitness,Wellness,12,8,4
USR-00834,CAT-020,Personal care,Wellness,15,15,0
USR-00835,CAT-007,Cleaning,Home,6,5,1
USR-00835,CAT-008,Coffee,Home,2,1,1
USR-00835,CAT-009,Lighting,Home,6,4,2
USR-00835,CAT-021,Toys,Family,6,6,0
USR-00835,CAT-023,Books,Family,10,9,1
USR-00835,CAT-024,Stationery,Family,10,8,2
USR-00835,CAT-025,Board games,Family,14,12,2
USR-00836,CAT-016,Skincare,Wellness,11,8,3
USR-00836,CAT-017,Haircare,Wellness,8,6,2
USR-00836,CAT-018,Supplements,Wellness,13,12,1
USR-00836,CAT-019,Fitness,Wellness,11,8,3
USR-00836,CAT-020,Personal care,Wellness,7,3,4
USR-00836,CAT-028,Garden,Outdoor,2,1,1
USR-00837,CAT-012,Shoes,Style,3,3,0
USR-00837,CAT-021,Toys,Family,12,6,6
USR-00837,CAT-022,Baby care,Family,10,7,3
USR-00837,CAT-023,Books,Family,16,11,5
USR-00837,CAT-024,Stationery,Family,12,10,2
USR-00837,CAT-025,Board games,Family,8,7,1
USR-00837,CAT-030,Sports,Outdoor,4,2,2
USR-00838,CAT-018,Supplements,Wellness,4,3,1
USR-00838,CAT-025,Board games,Family,3,3,0
USR-00838,CAT-026,Cycling,Outdoor,9,8,1
USR-00838,CAT-027,Camping,Outdoor,11,7,4
USR-00838,CAT-028,Garden,Outdoor,8,6,2
USR-00838,CAT-029,Automotive,Outdoor,10,9,1
USR-00838,CAT-030,Sports,Outdoor,11,7,4
USR-00839,CAT-011,Clothing,Style,9,8,1
USR-00839,CAT-012,Shoes,Style,8,6,2
USR-00839,CAT-013,Bags,Style,10,9,1
USR-00839,CAT-014,Accessories,Style,8,7,1
USR-00839,CAT-015,Jewelry,Style,6,4,2
USR-00839,CAT-017,Haircare,Wellness,1,1,0
USR-00839,CAT-030,Sports,Outdoor,3,2,1
USR-00840,CAT-011,Clothing,Style,9,6,3
USR-00840,CAT-012,Shoes,Style,9,8,1
USR-00840,CAT-013,Bags,Style,12,11,1
USR-00840,CAT-015,Jewelry,Style,10,5,5
USR-00840,CAT-022,Baby care,Family,6,5,1
USR-00840,CAT-023,Books,Family,12,8,4
USR-00840,CAT-024,Stationery,Family,7,4,3
USR-00841,CAT-001,Smartphones,Digital,7,6,1
USR-00841,CAT-002,Laptops,Digital,13,9,4
USR-00841,CAT-003,Headphones,Digital,7,4,3
USR-00841,CAT-004,Monitors,Digital,11,10,1
USR-00841,CAT-005,Storage,Digital,9,7,2
USR-00841,CAT-012,Shoes,Style,2,1,1
USR-00841,CAT-019,Fitness,Wellness,1,1,0
USR-00842,CAT-011,Clothing,Style,2,2,0
USR-00842,CAT-015,Jewelry,Style,1,1,0
USR-00842,CAT-021,Toys,Family,12,9,3
USR-00842,CAT-022,Baby care,Family,13,10,3
USR-00842,CAT-023,Books,Family,11,8,3
USR-00842,CAT-024,Stationery,Family,6,3,3
USR-00842,CAT-025,Board games,Family,10,9,1
USR-00843,CAT-004,Monitors,Digital,1,1,0
USR-00843,CAT-011,Clothing,Style,9,7,2
USR-00843,CAT-012,Shoes,Style,6,6,0
USR-00843,CAT-013,Bags,Style,10,10,0
USR-00843,CAT-014,Accessories,Style,5,3,2
USR-00843,CAT-015,Jewelry,Style,11,11,0
USR-00844,CAT-011,Clothing,Style,10,8,2
USR-00844,CAT-012,Shoes,Style,7,4,3
USR-00844,CAT-013,Bags,Style,7,6,1
USR-00844,CAT-014,Accessories,Style,7,5,2
USR-00844,CAT-015,Jewelry,Style,9,7,2
USR-00845,CAT-002,Laptops,Digital,8,4,4
USR-00845,CAT-003,Headphones,Digital,12,12,0
USR-00845,CAT-004,Monitors,Digital,5,4,1
USR-00846,CAT-009,Lighting,Home,6,5,1
USR-00846,CAT-026,Cycling,Outdoor,7,7,0
USR-00846,CAT-028,Garden,Outdoor,4,4,0
USR-00846,CAT-030,Sports,Outdoor,8,5,3
USR-00847,CAT-007,Cleaning,Home,7,4,3
USR-00847,CAT-008,Coffee,Home,9,8,1
USR-00847,CAT-010,Bedding,Home,6,5,1
USR-00847,CAT-011,Clothing,Style,5,4,1
USR-00847,CAT-012,Shoes,Style,9,7,2
USR-00847,CAT-013,Bags,Style,7,7,0
USR-00847,CAT-014,Accessories,Style,11,10,1
USR-00847,CAT-015,Jewelry,Style,9,8,1
USR-00848,CAT-010,Bedding,Home,4,3,1
USR-00848,CAT-012,Shoes,Style,6,4,2
USR-00848,CAT-017,Haircare,Wellness,8,4,4
USR-00848,CAT-018,Supplements,Wellness,7,5,2
USR-00848,CAT-019,Fitness,Wellness,15,12,3
USR-00848,CAT-020,Personal care,Wellness,8,4,4
USR-00849,CAT-001,Smartphones,Digital,7,7,0
USR-00849,CAT-002,Laptops,Digital,10,9,1
USR-00849,CAT-003,Headphones,Digital,8,5,3
USR-00849,CAT-004,Monitors,Digital,7,6,1
USR-00849,CAT-005,Storage,Digital,6,5,1
USR-00849,CAT-024,Stationery,Family,5,4,1
USR-00850,CAT-005,Storage,Digital,2,1,1
USR-00850,CAT-027,Camping,Outdoor,6,4,2
USR-00850,CAT-029,Automotive,Outdoor,12,12,0
USR-00850,CAT-030,Sports,Outdoor,9,9,0
USR-00851,CAT-001,Smartphones,Digital,7,6,1
USR-00851,CAT-002,Laptops,Digital,9,7,2
USR-00851,CAT-003,Headphones,Digital,8,7,1
USR-00851,CAT-004,Monitors,Digital,8,5,3
USR-00851,CAT-006,Kitchen appliances,Home,3,2,1
USR-00851,CAT-012,Shoes,Style,5,4,1
USR-00852,CAT-001,Smartphones,Digital,12,8,4
USR-00852,CAT-002,Laptops,Digital,10,7,3
USR-00852,CAT-004,Monitors,Digital,10,10,0
USR-00852,CAT-005,Storage,Digital,8,6,2
USR-00852,CAT-008,Coffee,Home,2,2,0
USR-00853,CAT-021,Toys,Family,7,6,1
USR-00853,CAT-022,Baby care,Family,11,9,2
USR-00853,CAT-023,Books,Family,11,9,2
USR-00853,CAT-024,Stationery,Family,6,4,2
USR-00853,CAT-025,Board games,Family,7,5,2
USR-00853,CAT-028,Garden,Outdoor,1,1,0
USR-00854,CAT-006,Kitchen appliances,Home,5,3,2
USR-00854,CAT-007,Cleaning,Home,9,7,2
USR-00854,CAT-008,Coffee,Home,3,2,1
USR-00854,CAT-026,Cycling,Outdoor,10,7,3
USR-00854,CAT-028,Garden,Outdoor,17,14,3
USR-00854,CAT-029,Automotive,Outdoor,7,5,2
USR-00854,CAT-030,Sports,Outdoor,13,11,2
USR-00855,CAT-004,Monitors,Digital,5,3,2
USR-00855,CAT-006,Kitchen appliances,Home,12,7,5
USR-00855,CAT-007,Cleaning,Home,8,7,1
USR-00855,CAT-008,Coffee,Home,8,7,1
USR-00855,CAT-009,Lighting,Home,15,14,1
USR-00855,CAT-010,Bedding,Home,12,8,4
USR-00856,CAT-011,Clothing,Style,10,9,1
USR-00856,CAT-014,Accessories,Style,14,9,5
USR-00856,CAT-015,Jewelry,Style,8,6,2
USR-00856,CAT-018,Supplements,Wellness,2,1,1
USR-00857,CAT-017,Haircare,Wellness,8,7,1
USR-00857,CAT-018,Supplements,Wellness,9,9,0
USR-00857,CAT-019,Fitness,Wellness,7,4,3
USR-00857,CAT-021,Toys,Family,9,7,2
USR-00857,CAT-022,Baby care,Family,10,7,3
USR-00857,CAT-023,Books,Family,9,9,0
USR-00857,CAT-024,Stationery,Family,9,8,1
USR-00857,CAT-025,Board games,Family,9,8,1
USR-00858,CAT-006,Kitchen appliances,Home,2,2,0
USR-00858,CAT-026,Cycling,Outdoor,7,5,2
USR-00858,CAT-028,Garden,Outdoor,14,13,1
USR-00858,CAT-029,Automotive,Outdoor,11,10,1
USR-00858,CAT-030,Sports,Outdoor,11,10,1
USR-00859,CAT-003,Headphones,Digital,9,7,2
USR-00859,CAT-004,Monitors,Digital,5,5,0
USR-00859,CAT-005,Storage,Digital,5,3,2
USR-00859,CAT-006,Kitchen appliances,Home,6,4,2
USR-00859,CAT-007,Cleaning,Home,12,9,3
USR-00859,CAT-008,Coffee,Home,10,9,1
USR-00859,CAT-010,Bedding,Home,12,11,1
USR-00860,CAT-001,Smartphones,Digital,5,5,0
USR-00860,CAT-011,Clothing,Style,9,9,0
USR-00860,CAT-012,Shoes,Style,15,11,4
USR-00860,CAT-013,Bags,Style,10,7,3
USR-00860,CAT-014,Accessories,Style,12,10,2
USR-00860,CAT-015,Jewelry,Style,7,7,0
USR-00860,CAT-027,Camping,Outdoor,3,3,0
USR-00861,CAT-021,Toys,Family,6,3,3
USR-00861,CAT-022,Baby care,Family,11,10,1
USR-00861,CAT-024,Stationery,Family,10,8,2
USR-00861,CAT-026,Cycling,Outdoor,9,7,2
USR-00861,CAT-028,Garden,Outdoor,11,7,4
USR-00861,CAT-029,Automotive,Outdoor,9,8,1
USR-00862,CAT-013,Bags,Style,5,3,2
USR-00862,CAT-022,Baby care,Family,10,7,3
USR-00862,CAT-023,Books,Family,9,6,3
USR-00862,CAT-024,Stationery,Family,10,9,1
USR-00862,CAT-025,Board games,Family,13,9,4
USR-00863,CAT-021,Toys,Family,10,10,0
USR-00863,CAT-022,Baby care,Family,12,9,3
USR-00863,CAT-023,Books,Family,5,4,1
USR-00863,CAT-025,Board games,Family,9,7,2
USR-00864,CAT-002,Laptops,Digital,4,3,1
USR-00864,CAT-003,Headphones,Digital,5,5,0
USR-00864,CAT-005,Storage,Digital,10,9,1
USR-00864,CAT-016,Skincare,Wellness,7,6,1
USR-00864,CAT-017,Haircare,Wellness,10,10,0
USR-00864,CAT-019,Fitness,Wellness,10,8,2
USR-00864,CAT-020,Personal care,Wellness,11,10,1
USR-00865,CAT-001,Smartphones,Digital,9,9,0
USR-00865,CAT-002,Laptops,Digital,7,6,1
USR-00865,CAT-003,Headphones,Digital,7,6,1
USR-00865,CAT-005,Storage,Digital,13,12,1
USR-00865,CAT-023,Books,Family,6,4,2
USR-00866,CAT-026,Cycling,Outdoor,7,5,2
USR-00866,CAT-027,Camping,Outdoor,7,7,0
USR-00866,CAT-028,Garden,Outdoor,5,5,0
USR-00866,CAT-029,Automotive,Outdoor,6,5,1
USR-00866,CAT-030,Sports,Outdoor,10,9,1
USR-00867,CAT-026,Cycling,Outdoor,7,5,2
USR-00867,CAT-027,Camping,Outdoor,8,6,2
USR-00867,CAT-028,Garden,Outdoor,4,4,0
USR-00867,CAT-029,Automotive,Outdoor,6,5,1
USR-00867,CAT-030,Sports,Outdoor,7,4,3
USR-00868,CAT-021,Toys,Family,7,5,2
USR-00868,CAT-023,Books,Family,8,8,0
USR-00868,CAT-024,Stationery,Family,7,5,2
USR-00868,CAT-025,Board games,Family,6,6,0
USR-00869,CAT-001,Smartphones,Digital,5,5,0
USR-00869,CAT-002,Laptops,Digital,12,10,2
USR-00869,CAT-003,Headphones,Digital,11,10,1
USR-00869,CAT-004,Monitors,Digital,9,8,1
USR-00869,CAT-005,Storage,Digital,8,6,2
USR-00869,CAT-022,Baby care,Family,3,2,1
USR-00870,CAT-006,Kitchen appliances,Home,7,7,0
USR-00870,CAT-007,Cleaning,Home,11,8,3
USR-00870,CAT-008,Coffee,Home,9,7,2
USR-00870,CAT-009,Lighting,Home,10,8,2
USR-00870,CAT-010,Bedding,Home,8,7,1
USR-00870,CAT-011,Clothing,Style,4,4,0
USR-00870,CAT-028,Garden,Outdoor,1,1,0
USR-00871,CAT-001,Smartphones,Digital,4,2,2
USR-00871,CAT-021,Toys,Family,10,8,2
USR-00871,CAT-023,Books,Family,12,9,3
USR-00871,CAT-024,Stationery,Family,13,12,1
USR-00871,CAT-025,Board games,Family,8,7,1
USR-00871,CAT-028,Garden,Outdoor,4,4,0
USR-00872,CAT-001,Smartphones,Digital,9,9,0
USR-00872,CAT-002,Laptops,Digital,14,11,3
USR-00872,CAT-003,Headphones,Digital,16,10,6
USR-00872,CAT-004,Monitors,Digital,15,15,0
USR-00872,CAT-005,Storage,Digital,11,10,1
USR-00872,CAT-021,Toys,Family,7,6,1
USR-00872,CAT-022,Baby care,Family,5,4,1
USR-00872,CAT-024,Stationery,Family,4,2,2
USR-00873,CAT-011,Clothing,Style,6,6,0
USR-00873,CAT-012,Shoes,Style,6,4,2
USR-00873,CAT-013,Bags,Style,7,7,0
USR-00873,CAT-026,Cycling,Outdoor,10,8,2
USR-00873,CAT-027,Camping,Outdoor,9,6,3
USR-00873,CAT-029,Automotive,Outdoor,7,6,1
USR-00873,CAT-030,Sports,Outdoor,13,9,4
USR-00874,CAT-007,Cleaning,Home,11,7,4
USR-00874,CAT-008,Coffee,Home,10,8,2
USR-00874,CAT-009,Lighting,Home,11,7,4
USR-00874,CAT-010,Bedding,Home,11,10,1
USR-00874,CAT-021,Toys,Family,4,4,0
USR-00874,CAT-023,Books,Family,2,2,0
USR-00875,CAT-019,Fitness,Wellness,3,3,0
USR-00875,CAT-021,Toys,Family,8,6,2
USR-00875,CAT-022,Baby care,Family,4,4,0
USR-00875,CAT-024,Stationery,Family,10,7,3
USR-00876,CAT-009,Lighting,Home,2,2,0
USR-00876,CAT-026,Cycling,Outdoor,10,8,2
USR-00876,CAT-027,Camping,Outdoor,8,5,3
USR-00876,CAT-028,Garden,Outdoor,7,5,2
USR-00876,CAT-029,Automotive,Outdoor,7,5,2
USR-00876,CAT-030,Sports,Outdoor,5,5,0
USR-00877,CAT-011,Clothing,Style,11,10,1
USR-00877,CAT-012,Shoes,Style,14,11,3
USR-00877,CAT-013,Bags,Style,8,8,0
USR-00877,CAT-014,Accessories,Style,7,7,0
USR-00877,CAT-015,Jewelry,Style,5,3,2
USR-00877,CAT-019,Fitness,Wellness,4,1,3
USR-00877,CAT-022,Baby care,Family,1,1,0
USR-00878,CAT-006,Kitchen appliances,Home,10,10,0
USR-00878,CAT-007,Cleaning,Home,13,10,3
USR-00878,CAT-009,Lighting,Home,10,9,1
USR-00878,CAT-010,Bedding,Home,13,9,4
USR-00878,CAT-019,Fitness,Wellness,4,3,1
USR-00879,CAT-002,Laptops,Digital,2,2,0
USR-00879,CAT-005,Storage,Digital,3,3,0
USR-00879,CAT-016,Skincare,Wellness,6,4,2
USR-00879,CAT-017,Haircare,Wellness,8,6,2
USR-00879,CAT-018,Supplements,Wellness,10,8,2
USR-00879,CAT-020,Personal care,Wellness,10,7,3
USR-00880,CAT-016,Skincare,Wellness,7,5,2
USR-00880,CAT-019,Fitness,Wellness,9,9,0
USR-00880,CAT-020,Personal care,Wellness,7,4,3
USR-00881,CAT-001,Smartphones,Digital,2,1,1
USR-00881,CAT-011,Clothing,Style,8,6,2
USR-00881,CAT-012,Shoes,Style,11,8,3
USR-00881,CAT-013,Bags,Style,11,8,3
USR-00881,CAT-014,Accessories,Style,8,7,1
USR-00881,CAT-015,Jewelry,Style,12,12,0
USR-00882,CAT-017,Haircare,Wellness,11,8,3
USR-00882,CAT-018,Supplements,Wellness,13,11,2
USR-00882,CAT-019,Fitness,Wellness,10,7,3
USR-00882,CAT-020,Personal care,Wellness,7,6,1
USR-00882,CAT-021,Toys,Family,5,2,3
USR-00882,CAT-023,Books,Family,12,11,1
USR-00882,CAT-025,Board games,Family,7,5,2
USR-00883,CAT-003,Headphones,Digital,3,3,0
USR-00883,CAT-026,Cycling,Outdoor,10,10,0
USR-00883,CAT-027,Camping,Outdoor,7,7,0
USR-00883,CAT-028,Garden,Outdoor,10,10,0
USR-00883,CAT-029,Automotive,Outdoor,9,8,1
USR-00883,CAT-030,Sports,Outdoor,10,9,1
USR-00884,CAT-012,Shoes,Style,8,8,0
USR-00884,CAT-013,Bags,Style,7,4,3
USR-00884,CAT-015,Jewelry,Style,11,8,3
USR-00884,CAT-017,Haircare,Wellness,4,4,0
USR-00885,CAT-001,Smartphones,Digital,7,5,2
USR-00885,CAT-002,Laptops,Digital,13,7,6
USR-00885,CAT-003,Headphones,Digital,9,9,0
USR-00885,CAT-004,Monitors,Digital,14,10,4
USR-00885,CAT-005,Storage,Digital,10,6,4
USR-00885,CAT-006,Kitchen appliances,Home,1,1,0
USR-00885,CAT-020,Personal care,Wellness,4,4,0
USR-00886,CAT-007,Cleaning,Home,8,7,1
USR-00886,CAT-009,Lighting,Home,6,6,0
USR-00886,CAT-010,Bedding,Home,13,9,4
USR-00886,CAT-023,Books,Family,6,6,0
USR-00886,CAT-024,Stationery,Family,8,7,1
USR-00886,CAT-025,Board games,Family,8,6,2
USR-00887,CAT-003,Headphones,Digital,1,1,0
USR-00887,CAT-011,Clothing,Style,9,7,2
USR-00887,CAT-012,Shoes,Style,9,9,0
USR-00887,CAT-013,Bags,Style,8,6,2
USR-00887,CAT-014,Accessories,Style,9,6,3
USR-00887,CAT-015,Jewelry,Style,10,10,0
USR-00887,CAT-022,Baby care,Family,2,2,0
USR-00888,CAT-002,Laptops,Digital,15,12,3
USR-00888,CAT-003,Headphones,Digital,12,10,2
USR-00888,CAT-004,Monitors,Digital,8,6,2
USR-00888,CAT-005,Storage,Digital,9,8,1
USR-00888,CAT-026,Cycling,Outdoor,2,2,0
USR-00889,CAT-001,Smartphones,Digital,11,7,4
USR-00889,CAT-002,Laptops,Digital,9,7,2
USR-00889,CAT-003,Headphones,Digital,6,5,1
USR-00889,CAT-004,Monitors,Digital,11,7,4
USR-00889,CAT-005,Storage,Digital,5,4,1
USR-00889,CAT-028,Garden,Outdoor,10,9,1
USR-00889,CAT-029,Automotive,Outdoor,7,7,0
USR-00889,CAT-030,Sports,Outdoor,7,5,2
USR-00890,CAT-016,Skincare,Wellness,6,5,1
USR-00890,CAT-018,Supplements,Wellness,7,5,2
USR-00890,CAT-019,Fitness,Wellness,8,4,4
USR-00891,CAT-006,Kitchen appliances,Home,13,9,4
USR-00891,CAT-007,Cleaning,Home,7,6,1
USR-00891,CAT-008,Coffee,Home,6,3,3
USR-00891,CAT-009,Lighting,Home,5,4,1
USR-00891,CAT-010,Bedding,Home,8,6,2
USR-00891,CAT-011,Clothing,Style,8,7,1
USR-00891,CAT-014,Accessories,Style,5,4,1
USR-00891,CAT-015,Jewelry,Style,5,2,3
USR-00892,CAT-025,Board games,Family,5,3,2
USR-00892,CAT-027,Camping,Outdoor,13,10,3
USR-00892,CAT-029,Automotive,Outdoor,13,9,4
USR-00892,CAT-030,Sports,Outdoor,6,6,0
USR-00893,CAT-006,Kitchen appliances,Home,9,9,0
USR-00893,CAT-007,Cleaning,Home,8,7,1
USR-00893,CAT-008,Coffee,Home,10,7,3
USR-00893,CAT-009,Lighting,Home,11,7,4
USR-00893,CAT-010,Bedding,Home,5,5,0
USR-00894,CAT-002,Laptops,Digital,5,4,1
USR-00894,CAT-003,Headphones,Digital,8,6,2
USR-00894,CAT-004,Monitors,Digital,9,7,2
USR-00894,CAT-005,Storage,Digital,5,3,2
USR-00895,CAT-006,Kitchen appliances,Home,5,2,3
USR-00895,CAT-012,Shoes,Style,4,4,0
USR-00895,CAT-021,Toys,Family,10,8,2
USR-00895,CAT-022,Baby care,Family,4,4,0
USR-00895,CAT-024,Stationery,Family,14,11,3
USR-00895,CAT-025,Board games,Family,16,13,3
USR-00896,CAT-027,Camping,Outdoor,8,8,0
USR-00896,CAT-029,Automotive,Outdoor,4,4,0
USR-00896,CAT-030,Sports,Outdoor,12,12,0
USR-00897,CAT-007,Cleaning,Home,6,5,1
USR-00897,CAT-008,Coffee,Home,6,4,2
USR-00897,CAT-010,Bedding,Home,10,7,3
USR-00897,CAT-021,Toys,Family,8,5,3
USR-00897,CAT-022,Baby care,Family,4,3,1
USR-00897,CAT-025,Board games,Family,8,6,2
USR-00898,CAT-004,Monitors,Digital,1,1,0
USR-00898,CAT-006,Kitchen appliances,Home,14,11,3
USR-00898,CAT-007,Cleaning,Home,7,5,2
USR-00898,CAT-008,Coffee,Home,11,9,2
USR-00898,CAT-009,Lighting,Home,6,6,0
USR-00898,CAT-010,Bedding,Home,9,6,3
USR-00898,CAT-026,Cycling,Outdoor,5,4,1
USR-00899,CAT-001,Smartphones,Digital,14,9,5
USR-00899,CAT-002,Laptops,Digital,9,7,2
USR-00899,CAT-003,Headphones,Digital,8,6,2
USR-00899,CAT-021,Toys,Family,5,4,1
USR-00899,CAT-022,Baby care,Family,7,6,1
USR-00899,CAT-025,Board games,Family,7,5,2
USR-00900,CAT-011,Clothing,Style,10,8,2
USR-00900,CAT-012,Shoes,Style,11,8,3
USR-00900,CAT-013,Bags,Style,14,11,3
USR-00900,CAT-014,Accessories,Style,8,7,1
USR-00900,CAT-015,Jewelry,Style,6,6,0
USR-00900,CAT-021,Toys,Family,7,7,0
USR-00900,CAT-023,Books,Family,5,4,1
USR-00900,CAT-025,Board games,Family,6,5,1
USR-00901,CAT-011,Clothing,Style,14,11,3
USR-00901,CAT-012,Shoes,Style,10,9,1
USR-00901,CAT-014,Accessories,Style,7,7,0
USR-00901,CAT-015,Jewelry,Style,6,4,2
USR-00901,CAT-022,Baby care,Family,4,4,0
USR-00901,CAT-030,Sports,Outdoor,3,3,0
USR-00902,CAT-006,Kitchen appliances,Home,7,6,1
USR-00902,CAT-007,Cleaning,Home,11,8,3
USR-00902,CAT-008,Coffee,Home,14,13,1
USR-00902,CAT-009,Lighting,Home,11,9,2
USR-00902,CAT-010,Bedding,Home,10,9,1
USR-00902,CAT-021,Toys,Family,7,6,1
USR-00902,CAT-022,Baby care,Family,8,7,1
USR-00902,CAT-024,Stationery,Family,7,6,1
USR-00903,CAT-001,Smartphones,Digital,4,3,1
USR-00903,CAT-002,Laptops,Digital,4,2,2
USR-00903,CAT-003,Headphones,Digital,10,9,1
USR-00903,CAT-005,Storage,Digital,10,6,4
USR-00903,CAT-006,Kitchen appliances,Home,5,4,1
USR-00903,CAT-009,Lighting,Home,7,7,0
USR-00903,CAT-010,Bedding,Home,6,5,1
USR-00904,CAT-006,Kitchen appliances,Home,1,1,0
USR-00904,CAT-011,Clothing,Style,8,6,2
USR-00904,CAT-012,Shoes,Style,11,9,2
USR-00904,CAT-013,Bags,Style,16,13,3
USR-00904,CAT-014,Accessories,Style,10,6,4
USR-00904,CAT-015,Jewelry,Style,4,3,1
USR-00905,CAT-016,Skincare,Wellness,7,5,2
USR-00905,CAT-017,Haircare,Wellness,9,8,1
USR-00905,CAT-018,Supplements,Wellness,7,6,1
USR-00905,CAT-026,Cycling,Outdoor,7,7,0
USR-00905,CAT-027,Camping,Outdoor,8,4,4
USR-00905,CAT-028,Garden,Outdoor,10,6,4
USR-00905,CAT-029,Automotive,Outdoor,7,6,1
USR-00905,CAT-030,Sports,Outdoor,10,7,3
USR-00906,CAT-001,Smartphones,Digital,5,3,2
USR-00906,CAT-002,Laptops,Digital,9,8,1
USR-00906,CAT-004,Monitors,Digital,6,5,1
USR-00906,CAT-016,Skincare,Wellness,9,5,4
USR-00906,CAT-017,Haircare,Wellness,8,6,2
USR-00906,CAT-018,Supplements,Wellness,5,4,1
USR-00906,CAT-019,Fitness,Wellness,15,14,1
USR-00906,CAT-020,Personal care,Wellness,6,6,0
USR-00907,CAT-011,Clothing,Style,8,7,1
USR-00907,CAT-012,Shoes,Style,5,5,0
USR-00907,CAT-013,Bags,Style,7,5,2
USR-00908,CAT-001,Smartphones,Digital,5,4,1
USR-00908,CAT-002,Laptops,Digital,10,8,2
USR-00908,CAT-003,Headphones,Digital,7,5,2
USR-00908,CAT-004,Monitors,Digital,11,9,2
USR-00908,CAT-005,Storage,Digital,12,11,1
USR-00908,CAT-009,Lighting,Home,2,1,1
USR-00909,CAT-007,Cleaning,Home,12,9,3
USR-00909,CAT-008,Coffee,Home,4,4,0
USR-00909,CAT-010,Bedding,Home,10,6,4
USR-00909,CAT-019,Fitness,Wellness,4,2,2
USR-00910,CAT-006,Kitchen appliances,Home,8,5,3
USR-00910,CAT-007,Cleaning,Home,12,10,2
USR-00910,CAT-008,Coffee,Home,9,7,2
USR-00910,CAT-009,Lighting,Home,7,6,1
USR-00910,CAT-010,Bedding,Home,7,6,1
USR-00911,CAT-013,Bags,Style,3,2,1
USR-00911,CAT-021,Toys,Family,9,7,2
USR-00911,CAT-022,Baby care,Family,8,8,0
USR-00911,CAT-023,Books,Family,9,7,2
USR-00911,CAT-024,Stationery,Family,7,5,2
USR-00912,CAT-012,Shoes,Style,3,3,0
USR-00912,CAT-015,Jewelry,Style,2,1,1
USR-00912,CAT-026,Cycling,Outdoor,8,7,1
USR-00912,CAT-027,Camping,Outdoor,10,5,5
USR-00912,CAT-028,Garden,Outdoor,10,7,3
USR-00912,CAT-029,Automotive,Outdoor,6,5,1
USR-00912,CAT-030,Sports,Outdoor,6,5,1
USR-00913,CAT-010,Bedding,Home,1,1,0
USR-00913,CAT-021,Toys,Family,5,4,1
USR-00913,CAT-026,Cycling,Outdoor,5,4,1
USR-00913,CAT-028,Garden,Outdoor,15,11,4
USR-00913,CAT-029,Automotive,Outdoor,8,6,2
USR-00914,CAT-005,Storage,Digital,1,1,0
USR-00914,CAT-026,Cycling,Outdoor,5,4,1
USR-00914,CAT-027,Camping,Outdoor,11,8,3
USR-00914,CAT-028,Garden,Outdoor,9,8,1
USR-00914,CAT-029,Automotive,Outdoor,9,7,2
USR-00914,CAT-030,Sports,Outdoor,8,6,2
USR-00915,CAT-005,Storage,Digital,2,2,0
USR-00915,CAT-026,Cycling,Outdoor,10,7,3
USR-00915,CAT-027,Camping,Outdoor,10,8,2
USR-00915,CAT-029,Automotive,Outdoor,10,8,2
USR-00916,CAT-026,Cycling,Outdoor,11,10,1
USR-00916,CAT-027,Camping,Outdoor,12,11,1
USR-00916,CAT-028,Garden,Outdoor,16,12,4
USR-00916,CAT-029,Automotive,Outdoor,6,4,2
USR-00916,CAT-030,Sports,Outdoor,13,12,1
USR-00917,CAT-001,Smartphones,Digital,11,8,3
USR-00917,CAT-003,Headphones,Digital,10,7,3
USR-00917,CAT-005,Storage,Digital,7,6,1
USR-00917,CAT-013,Bags,Style,2,1,1
USR-00918,CAT-001,Smartphones,Digital,5,5,0
USR-00918,CAT-002,Laptops,Digital,8,3,5
USR-00918,CAT-004,Monitors,Digital,9,8,1
USR-00918,CAT-005,Storage,Digital,10,5,5
USR-00918,CAT-019,Fitness,Wellness,3,1,2
USR-00918,CAT-028,Garden,Outdoor,3,3,0
USR-00919,CAT-005,Storage,Digital,2,1,1
USR-00919,CAT-006,Kitchen appliances,Home,9,8,1
USR-00919,CAT-007,Cleaning,Home,9,5,4
USR-00919,CAT-008,Coffee,Home,5,4,1
USR-00919,CAT-009,Lighting,Home,11,9,2
USR-00919,CAT-010,Bedding,Home,9,7,2
USR-00920,CAT-007,Cleaning,Home,4,4,0
USR-00920,CAT-016,Skincare,Wellness,10,7,3
USR-00920,CAT-017,Haircare,Wellness,9,7,2
USR-00920,CAT-018,Supplements,Wellness,8,3,5
USR-00920,CAT-020,Personal care,Wellness,8,6,2
USR-00920,CAT-022,Baby care,Family,3,3,0
USR-00921,CAT-001,Smartphones,Digital,10,8,2
USR-00921,CAT-004,Monitors,Digital,10,8,2
USR-00921,CAT-005,Storage,Digital,4,3,1
USR-00921,CAT-030,Sports,Outdoor,6,4,2
USR-00922,CAT-003,Headphones,Digital,5,4,1
USR-00922,CAT-016,Skincare,Wellness,3,1,2
USR-00922,CAT-023,Books,Family,10,8,2
USR-00922,CAT-024,Stationery,Family,4,3,1
USR-00922,CAT-025,Board games,Family,5,4,1
USR-00923,CAT-012,Shoes,Style,2,2,0
USR-00923,CAT-016,Skincare,Wellness,7,7,0
USR-00923,CAT-017,Haircare,Wellness,9,8,1
USR-00923,CAT-019,Fitness,Wellness,8,7,1
USR-00923,CAT-020,Personal care,Wellness,9,7,2
USR-00924,CAT-006,Kitchen appliances,Home,4,4,0
USR-00924,CAT-007,Cleaning,Home,3,2,1
USR-00924,CAT-011,Clothing,Style,11,8,3
USR-00924,CAT-013,Bags,Style,6,6,0
USR-00924,CAT-014,Accessories,Style,4,3,1
USR-00924,CAT-015,Jewelry,Style,12,10,2
USR-00925,CAT-001,Smartphones,Digital,10,5,5
USR-00925,CAT-003,Headphones,Digital,9,3,6
USR-00925,CAT-004,Monitors,Digital,9,9,0
USR-00926,CAT-006,Kitchen appliances,Home,13,10,3
USR-00926,CAT-007,Cleaning,Home,7,5,2
USR-00926,CAT-009,Lighting,Home,8,8,0
USR-00926,CAT-010,Bedding,Home,10,10,0
USR-00926,CAT-026,Cycling,Outdoor,1,1,0
USR-00927,CAT-001,Smartphones,Digital,9,7,2
USR-00927,CAT-002,Laptops,Digital,11,8,3
USR-00927,CAT-003,Headphones,Digital,8,7,1
USR-00927,CAT-004,Monitors,Digital,10,9,1
USR-00927,CAT-026,Cycling,Outdoor,3,3,0
USR-00928,CAT-001,Smartphones,Digital,3,2,1
USR-00928,CAT-002,Laptops,Digital,3,2,1
USR-00928,CAT-021,Toys,Family,11,11,0
USR-00928,CAT-022,Baby care,Family,12,8,4
USR-00928,CAT-023,Books,Family,7,7,0
USR-00928,CAT-025,Board games,Family,6,4,2
USR-00929,CAT-002,Laptops,Digital,5,3,2
USR-00929,CAT-004,Monitors,Digital,6,5,1
USR-00929,CAT-005,Storage,Digital,6,5,1
USR-00929,CAT-017,Haircare,Wellness,6,5,1
USR-00929,CAT-018,Supplements,Wellness,10,10,0
USR-00929,CAT-019,Fitness,Wellness,11,9,2
USR-00929,CAT-020,Personal care,Wellness,8,5,3
USR-00930,CAT-016,Skincare,Wellness,7,6,1
USR-00930,CAT-019,Fitness,Wellness,3,2,1
USR-00930,CAT-020,Personal care,Wellness,9,5,4
USR-00930,CAT-021,Toys,Family,7,4,3
USR-00930,CAT-022,Baby care,Family,7,5,2
USR-00930,CAT-023,Books,Family,5,5,0
USR-00930,CAT-024,Stationery,Family,7,7,0
USR-00930,CAT-025,Board games,Family,7,6,1
USR-00931,CAT-006,Kitchen appliances,Home,10,9,1
USR-00931,CAT-007,Cleaning,Home,8,7,1
USR-00931,CAT-008,Coffee,Home,10,8,2
USR-00931,CAT-009,Lighting,Home,5,4,1
USR-00931,CAT-010,Bedding,Home,11,5,6
USR-00931,CAT-024,Stationery,Family,2,2,0
USR-00932,CAT-006,Kitchen appliances,Home,8,6,2
USR-00932,CAT-007,Cleaning,Home,10,10,0
USR-00932,CAT-008,Coffee,Home,8,6,2
USR-00932,CAT-009,Lighting,Home,12,7,5
USR-00932,CAT-010,Bedding,Home,9,9,0
USR-00932,CAT-016,Skincare,Wellness,6,4,2
USR-00932,CAT-017,Haircare,Wellness,7,7,0
USR-00932,CAT-019,Fitness,Wellness,4,2,2
USR-00933,CAT-005,Storage,Digital,2,2,0
USR-00933,CAT-011,Clothing,Style,12,9,3
USR-00933,CAT-014,Accessories,Style,6,2,4
USR-00933,CAT-015,Jewelry,Style,12,8,4
USR-00933,CAT-025,Board games,Family,1,1,0
USR-00934,CAT-008,Coffee,Home,3,3,0
USR-00934,CAT-021,Toys,Family,9,5,4
USR-00934,CAT-023,Books,Family,10,8,2
USR-00934,CAT-024,Stationery,Family,17,14,3
USR-00935,CAT-007,Cleaning,Home,3,2,1
USR-00935,CAT-021,Toys,Family,9,8,1
USR-00935,CAT-022,Baby care,Family,12,10,2
USR-00935,CAT-023,Books,Family,10,5,5
USR-00935,CAT-024,Stationery,Family,8,4,4
USR-00935,CAT-025,Board games,Family,8,7,1
USR-00936,CAT-006,Kitchen appliances,Home,11,9,2
USR-00936,CAT-007,Cleaning,Home,7,6,1
USR-00936,CAT-008,Coffee,Home,6,2,4
USR-00936,CAT-009,Lighting,Home,6,6,0
USR-00936,CAT-010,Bedding,Home,5,3,2
USR-00936,CAT-013,Bags,Style,8,4,4
USR-00936,CAT-014,Accessories,Style,5,3,2
USR-00936,CAT-015,Jewelry,Style,6,4,2
USR-00937,CAT-014,Accessories,Style,3,3,0
USR-00937,CAT-016,Skincare,Wellness,1,1,0
USR-00937,CAT-026,Cycling,Outdoor,9,9,0
USR-00937,CAT-028,Garden,Outdoor,8,7,1
USR-00937,CAT-029,Automotive,Outdoor,11,10,1
USR-00937,CAT-030,Sports,Outdoor,11,9,2
USR-00938,CAT-001,Smartphones,Digital,9,7,2
USR-00938,CAT-002,Laptops,Digital,7,4,3
USR-00938,CAT-004,Monitors,Digital,9,8,1
USR-00938,CAT-005,Storage,Digital,7,5,2
USR-00938,CAT-027,Camping,Outdoor,5,5,0
USR-00939,CAT-022,Baby care,Family,8,6,2
USR-00939,CAT-023,Books,Family,2,2,0
USR-00939,CAT-025,Board games,Family,8,6,2
USR-00939,CAT-026,Cycling,Outdoor,7,6,1
USR-00939,CAT-027,Camping,Outdoor,8,6,2
USR-00939,CAT-028,Garden,Outdoor,10,8,2
USR-00939,CAT-029,Automotive,Outdoor,15,13,2
USR-00939,CAT-030,Sports,Outdoor,11,5,6
USR-00940,CAT-001,Smartphones,Digital,7,6,1
USR-00940,CAT-002,Laptops,Digital,8,6,2
USR-00940,CAT-003,Headphones,Digital,12,9,3
USR-00940,CAT-004,Monitors,Digital,9,6,3
USR-00940,CAT-005,Storage,Digital,8,7,1
USR-00940,CAT-021,Toys,Family,4,4,0
USR-00941,CAT-007,Cleaning,Home,9,8,1
USR-00941,CAT-008,Coffee,Home,9,8,1
USR-00941,CAT-009,Lighting,Home,6,6,0
USR-00941,CAT-010,Bedding,Home,10,8,2
USR-00941,CAT-026,Cycling,Outdoor,9,8,1
USR-00941,CAT-027,Camping,Outdoor,6,6,0
USR-00941,CAT-030,Sports,Outdoor,10,10,0
USR-00942,CAT-016,Skincare,Wellness,2,2,0
USR-00942,CAT-023,Books,Family,6,4,2
USR-00942,CAT-024,Stationery,Family,10,8,2
USR-00942,CAT-025,Board games,Family,14,12,2
USR-00942,CAT-028,Garden,Outdoor,3,3,0
USR-00943,CAT-002,Laptops,Digital,10,7,3
USR-00943,CAT-003,Headphones,Digital,11,11,0
USR-00943,CAT-004,Monitors,Digital,11,6,5
USR-00943,CAT-005,Storage,Digital,4,4,0
USR-00943,CAT-006,Kitchen appliances,Home,4,3,1
USR-00943,CAT-007,Cleaning,Home,7,5,2
USR-00943,CAT-008,Coffee,Home,5,4,1
USR-00944,CAT-011,Clothing,Style,6,4,2
USR-00944,CAT-012,Shoes,Style,11,9,2
USR-00944,CAT-013,Bags,Style,11,11,0
USR-00944,CAT-015,Jewelry,Style,13,10,3
USR-00944,CAT-022,Baby care,Family,11,9,2
USR-00944,CAT-024,Stationery,Family,7,5,2
USR-00944,CAT-025,Board games,Family,7,7,0
USR-00945,CAT-011,Clothing,Style,4,3,1
USR-00945,CAT-012,Shoes,Style,10,7,3
USR-00945,CAT-013,Bags,Style,14,10,4
USR-00945,CAT-015,Jewelry,Style,9,7,2
USR-00945,CAT-021,Toys,Family,3,2,1
USR-00946,CAT-006,Kitchen appliances,Home,8,5,3
USR-00946,CAT-008,Coffee,Home,9,6,3
USR-00946,CAT-009,Lighting,Home,13,13,0
USR-00946,CAT-010,Bedding,Home,8,7,1
USR-00946,CAT-011,Clothing,Style,7,6,1
USR-00946,CAT-012,Shoes,Style,7,5,2
USR-00946,CAT-013,Bags,Style,6,5,1
USR-00947,CAT-021,Toys,Family,11,10,1
USR-00947,CAT-024,Stationery,Family,9,7,2
USR-00947,CAT-025,Board games,Family,7,6,1
USR-00947,CAT-030,Sports,Outdoor,4,3,1
USR-00948,CAT-005,Storage,Digital,3,1,2
USR-00948,CAT-021,Toys,Family,6,5,1
USR-00948,CAT-022,Baby care,Family,12,8,4
USR-00948,CAT-024,Stationery,Family,14,12,2
USR-00948,CAT-025,Board games,Family,7,7,0
USR-00949,CAT-015,Jewelry,Style,5,4,1
USR-00949,CAT-021,Toys,Family,5,3,2
USR-00949,CAT-026,Cycling,Outdoor,9,6,3
USR-00949,CAT-027,Camping,Outdoor,8,6,2
USR-00949,CAT-028,Garden,Outdoor,10,9,1
USR-00949,CAT-029,Automotive,Outdoor,7,5,2
USR-00950,CAT-006,Kitchen appliances,Home,8,6,2
USR-00950,CAT-007,Cleaning,Home,7,6,1
USR-00950,CAT-009,Lighting,Home,9,9,0
USR-00950,CAT-010,Bedding,Home,14,10,4
USR-00950,CAT-016,Skincare,Wellness,8,8,0
USR-00950,CAT-018,Supplements,Wellness,8,6,2
USR-00950,CAT-020,Personal care,Wellness,9,7,2
USR-00951,CAT-011,Clothing,Style,9,8,1
USR-00951,CAT-012,Shoes,Style,9,6,3
USR-00951,CAT-013,Bags,Style,4,4,0
USR-00951,CAT-015,Jewelry,Style,10,8,2
USR-00951,CAT-026,Cycling,Outdoor,9,9,0
USR-00951,CAT-027,Camping,Outdoor,6,4,2
USR-00951,CAT-030,Sports,Outdoor,8,7,1
USR-00952,CAT-007,Cleaning,Home,11,8,3
USR-00952,CAT-009,Lighting,Home,9,5,4
USR-00952,CAT-010,Bedding,Home,9,8,1
USR-00952,CAT-021,Toys,Family,4,4,0
USR-00952,CAT-022,Baby care,Family,6,3,3
USR-00952,CAT-023,Books,Family,6,6,0
USR-00953,CAT-006,Kitchen appliances,Home,8,7,1
USR-00953,CAT-007,Cleaning,Home,9,8,1
USR-00953,CAT-008,Coffee,Home,7,3,4
USR-00953,CAT-009,Lighting,Home,8,7,1
USR-00953,CAT-010,Bedding,Home,9,9,0
USR-00954,CAT-001,Smartphones,Digital,14,10,4
USR-00954,CAT-002,Laptops,Digital,6,6,0
USR-00954,CAT-003,Headphones,Digital,11,11,0
USR-00954,CAT-004,Monitors,Digital,7,6,1
USR-00954,CAT-005,Storage,Digital,6,6,0
USR-00955,CAT-011,Clothing,Style,2,1,1
USR-00955,CAT-026,Cycling,Outdoor,8,5,3
USR-00955,CAT-027,Camping,Outdoor,9,6,3
USR-00955,CAT-028,Garden,Outdoor,4,4,0
USR-00955,CAT-030,Sports,Outdoor,11,6,5
USR-00956,CAT-019,Fitness,Wellness,3,2,1
USR-00956,CAT-026,Cycling,Outdoor,8,7,1
USR-00956,CAT-027,Camping,Outdoor,8,5,3
USR-00956,CAT-028,Garden,Outdoor,8,6,2
USR-00956,CAT-030,Sports,Outdoor,12,8,4
USR-00957,CAT-021,Toys,Family,7,4,3
USR-00957,CAT-023,Books,Family,5,4,1
USR-00957,CAT-024,Stationery,Family,8,8,0
USR-00957,CAT-025,Board games,Family,8,5,3
USR-00957,CAT-030,Sports,Outdoor,2,2,0
USR-00958,CAT-011,Clothing,Style,14,11,3
USR-00958,CAT-012,Shoes,Style,10,10,0
USR-00958,CAT-014,Accessories,Style,8,7,1
USR-00958,CAT-015,Jewelry,Style,10,5,5
USR-00958,CAT-027,Camping,Outdoor,6,5,1
USR-00958,CAT-028,Garden,Outdoor,6,5,1
USR-00958,CAT-030,Sports,Outdoor,6,6,0
USR-00959,CAT-006,Kitchen appliances,Home,9,8,1
USR-00959,CAT-007,Cleaning,Home,3,2,1
USR-00959,CAT-010,Bedding,Home,7,7,0
USR-00959,CAT-011,Clothing,Style,7,5,2
USR-00959,CAT-013,Bags,Style,14,10,4
USR-00959,CAT-015,Jewelry,Style,10,8,2
USR-00960,CAT-011,Clothing,Style,6,5,1
USR-00960,CAT-012,Shoes,Style,9,7,2
USR-00960,CAT-013,Bags,Style,9,6,3
USR-00960,CAT-015,Jewelry,Style,6,3,3
USR-00960,CAT-030,Sports,Outdoor,2,1,1
USR-00961,CAT-011,Clothing,Style,15,13,2
USR-00961,CAT-012,Shoes,Style,8,8,0
USR-00961,CAT-014,Accessories,Style,7,6,1
USR-00961,CAT-015,Jewelry,Style,12,11,1
USR-00961,CAT-021,Toys,Family,1,1,0
USR-00962,CAT-012,Shoes,Style,10,8,2
USR-00962,CAT-013,Bags,Style,4,2,2
USR-00962,CAT-014,Accessories,Style,11,10,1
USR-00962,CAT-021,Toys,Family,3,3,0
USR-00963,CAT-001,Smartphones,Digital,6,5,1
USR-00963,CAT-002,Laptops,Digital,7,6,1
USR-00963,CAT-003,Headphones,Digital,17,12,5
USR-00963,CAT-004,Monitors,Digital,9,9,0
USR-00963,CAT-005,Storage,Digital,7,5,2
USR-00963,CAT-025,Board games,Family,3,3,0
USR-00964,CAT-001,Smartphones,Digital,7,6,1
USR-00964,CAT-002,Laptops,Digital,7,5,2
USR-00964,CAT-003,Headphones,Digital,9,8,1
USR-00964,CAT-004,Monitors,Digital,7,5,2
USR-00964,CAT-011,Clothing,Style,7,7,0
USR-00964,CAT-013,Bags,Style,7,4,3
USR-00964,CAT-015,Jewelry,Style,6,5,1
USR-00965,CAT-021,Toys,Family,5,4,1
USR-00965,CAT-026,Cycling,Outdoor,12,12,0
USR-00965,CAT-027,Camping,Outdoor,11,10,1
USR-00965,CAT-028,Garden,Outdoor,6,4,2
USR-00965,CAT-029,Automotive,Outdoor,12,12,0
USR-00965,CAT-030,Sports,Outdoor,10,9,1
USR-00966,CAT-011,Clothing,Style,8,8,0
USR-00966,CAT-013,Bags,Style,9,8,1
USR-00966,CAT-015,Jewelry,Style,13,12,1
USR-00966,CAT-024,Stationery,Family,3,2,1
USR-00967,CAT-001,Smartphones,Digital,4,4,0
USR-00967,CAT-002,Laptops,Digital,5,5,0
USR-00967,CAT-004,Monitors,Digital,10,8,2
USR-00967,CAT-026,Cycling,Outdoor,9,8,1
USR-00967,CAT-027,Camping,Outdoor,13,7,6
USR-00967,CAT-028,Garden,Outdoor,10,9,1
USR-00967,CAT-029,Automotive,Outdoor,10,9,1
USR-00967,CAT-030,Sports,Outdoor,13,8,5
USR-00968,CAT-001,Smartphones,Digital,9,7,2
USR-00968,CAT-002,Laptops,Digital,12,11,1
USR-00968,CAT-005,Storage,Digital,12,9,3
USR-00969,CAT-016,Skincare,Wellness,9,6,3
USR-00969,CAT-017,Haircare,Wellness,11,9,2
USR-00969,CAT-018,Supplements,Wellness,6,5,1
USR-00969,CAT-019,Fitness,Wellness,6,4,2
USR-00969,CAT-020,Personal care,Wellness,12,11,1
USR-00969,CAT-021,Toys,Family,9,9,0
USR-00970,CAT-006,Kitchen appliances,Home,11,9,2
USR-00970,CAT-007,Cleaning,Home,8,8,0
USR-00970,CAT-008,Coffee,Home,10,8,2
USR-00970,CAT-009,Lighting,Home,6,6,0
USR-00970,CAT-010,Bedding,Home,11,10,1
USR-00971,CAT-006,Kitchen appliances,Home,10,9,1
USR-00971,CAT-008,Coffee,Home,9,9,0
USR-00971,CAT-009,Lighting,Home,10,7,3
USR-00971,CAT-010,Bedding,Home,9,9,0
USR-00972,CAT-002,Laptops,Digital,15,13,2
USR-00972,CAT-003,Headphones,Digital,9,9,0
USR-00972,CAT-005,Storage,Digital,7,7,0
USR-00972,CAT-007,Cleaning,Home,4,4,0
USR-00972,CAT-019,Fitness,Wellness,3,1,2
USR-00973,CAT-001,Smartphones,Digital,8,6,2
USR-00973,CAT-002,Laptops,Digital,14,11,3
USR-00973,CAT-005,Storage,Digital,5,4,1
USR-00973,CAT-013,Bags,Style,7,6,1
USR-00973,CAT-014,Accessories,Style,3,3,0
USR-00973,CAT-015,Jewelry,Style,6,6,0
USR-00974,CAT-021,Toys,Family,3,3,0
USR-00974,CAT-022,Baby care,Family,6,5,1
USR-00974,CAT-025,Board games,Family,4,2,2
USR-00974,CAT-026,Cycling,Outdoor,19,15,4
USR-00974,CAT-027,Camping,Outdoor,10,10,0
USR-00974,CAT-030,Sports,Outdoor,11,8,3
USR-00975,CAT-007,Cleaning,Home,9,8,1
USR-00975,CAT-008,Coffee,Home,10,9,1
USR-00975,CAT-009,Lighting,Home,8,6,2
USR-00975,CAT-026,Cycling,Outdoor,3,2,1
USR-00975,CAT-028,Garden,Outdoor,3,1,2
USR-00976,CAT-003,Headphones,Digital,3,3,0
USR-00976,CAT-016,Skincare,Wellness,11,9,2
USR-00976,CAT-017,Haircare,Wellness,9,8,1
USR-00976,CAT-020,Personal care,Wellness,14,12,2
USR-00976,CAT-025,Board games,Family,2,1,1
USR-00977,CAT-011,Clothing,Style,9,6,3
USR-00977,CAT-013,Bags,Style,9,6,3
USR-00977,CAT-015,Jewelry,Style,4,4,0
USR-00977,CAT-030,Sports,Outdoor,2,2,0
USR-00978,CAT-011,Clothing,Style,9,6,3
USR-00978,CAT-012,Shoes,Style,9,8,1
USR-00978,CAT-014,Accessories,Style,9,8,1
USR-00978,CAT-015,Jewelry,Style,8,7,1
USR-00978,CAT-021,Toys,Family,9,9,0
USR-00978,CAT-023,Books,Family,5,5,0
USR-00978,CAT-025,Board games,Family,6,6,0
USR-00979,CAT-011,Clothing,Style,6,5,1
USR-00979,CAT-012,Shoes,Style,7,7,0
USR-00979,CAT-013,Bags,Style,13,11,2
USR-00979,CAT-014,Accessories,Style,13,11,2
USR-00979,CAT-022,Baby care,Family,6,5,1
USR-00980,CAT-002,Laptops,Digital,8,5,3
USR-00980,CAT-003,Headphones,Digital,10,9,1
USR-00980,CAT-005,Storage,Digital,7,5,2
USR-00980,CAT-025,Board games,Family,3,3,0
USR-00980,CAT-026,Cycling,Outdoor,2,2,0
USR-00981,CAT-001,Smartphones,Digital,9,8,1
USR-00981,CAT-004,Monitors,Digital,8,7,1
USR-00981,CAT-005,Storage,Digital,6,4,2
USR-00981,CAT-026,Cycling,Outdoor,8,7,1
USR-00981,CAT-027,Camping,Outdoor,7,7,0
USR-00981,CAT-028,Garden,Outdoor,8,8,0
USR-00982,CAT-017,Haircare,Wellness,6,5,1
USR-00982,CAT-018,Supplements,Wellness,6,4,2
USR-00982,CAT-020,Personal care,Wellness,14,13,1
USR-00982,CAT-021,Toys,Family,5,5,0
USR-00982,CAT-022,Baby care,Family,6,5,1
USR-00982,CAT-023,Books,Family,7,5,2
USR-00982,CAT-024,Stationery,Family,6,4,2
USR-00982,CAT-025,Board games,Family,13,9,4
USR-00983,CAT-006,Kitchen appliances,Home,5,4,1
USR-00983,CAT-007,Cleaning,Home,7,5,2
USR-00983,CAT-010,Bedding,Home,12,10,2
USR-00983,CAT-021,Toys,Family,8,7,1
USR-00983,CAT-022,Baby care,Family,11,9,2
USR-00983,CAT-023,Books,Family,5,3,2
USR-00983,CAT-024,Stationery,Family,8,6,2
USR-00983,CAT-025,Board games,Family,12,11,1
USR-00984,CAT-004,Monitors,Digital,3,2,1
USR-00984,CAT-006,Kitchen appliances,Home,4,2,2
USR-00984,CAT-011,Clothing,Style,8,3,5
USR-00984,CAT-012,Shoes,Style,9,7,2
USR-00984,CAT-013,Bags,Style,6,6,0
USR-00984,CAT-014,Accessories,Style,10,8,2
USR-00984,CAT-015,Jewelry,Style,10,9,1
USR-00985,CAT-001,Smartphones,Digital,10,8,2
USR-00985,CAT-003,Headphones,Digital,14,11,3
USR-00985,CAT-004,Monitors,Digital,4,3,1
USR-00985,CAT-005,Storage,Digital,7,6,1
USR-00986,CAT-026,Cycling,Outdoor,13,9,4
USR-00986,CAT-029,Automotive,Outdoor,8,7,1
USR-00986,CAT-030,Sports,Outdoor,16,12,4
USR-00987,CAT-006,Kitchen appliances,Home,9,9,0
USR-00987,CAT-007,Cleaning,Home,10,7,3
USR-00987,CAT-008,Coffee,Home,9,8,1
USR-00987,CAT-009,Lighting,Home,8,8,0
USR-00987,CAT-017,Haircare,Wellness,1,1,0
USR-00988,CAT-001,Smartphones,Digital,7,7,0
USR-00988,CAT-002,Laptops,Digital,14,11,3
USR-00988,CAT-003,Headphones,Digital,10,8,2
USR-00988,CAT-004,Monitors,Digital,10,10,0
USR-00988,CAT-005,Storage,Digital,10,7,3
USR-00988,CAT-015,Jewelry,Style,4,4,0
USR-00988,CAT-017,Haircare,Wellness,3,2,1
USR-00989,CAT-006,Kitchen appliances,Home,7,6,1
USR-00989,CAT-009,Lighting,Home,7,6,1
USR-00989,CAT-010,Bedding,Home,8,5,3
USR-00989,CAT-015,Jewelry,Style,4,2,2
USR-00990,CAT-006,Kitchen appliances,Home,2,2,0
USR-00990,CAT-010,Bedding,Home,3,3,0
USR-00990,CAT-023,Books,Family,16,13,3
USR-00990,CAT-024,Stationery,Family,6,5,1
USR-00990,CAT-025,Board games,Family,4,4,0
USR-00991,CAT-008,Coffee,Home,3,3,0
USR-00991,CAT-016,Skincare,Wellness,9,6,3
USR-00991,CAT-018,Supplements,Wellness,7,4,3
USR-00991,CAT-019,Fitness,Wellness,12,10,2
USR-00992,CAT-003,Headphones,Digital,3,2,1
USR-00992,CAT-021,Toys,Family,8,6,2
USR-00992,CAT-022,Baby care,Family,11,9,2
USR-00992,CAT-024,Stationery,Family,5,3,2
USR-00992,CAT-025,Board games,Family,6,5,1
USR-00992,CAT-027,Camping,Outdoor,1,1,0
USR-00993,CAT-006,Kitchen appliances,Home,4,4,0
USR-00993,CAT-021,Toys,Family,7,5,2
USR-00993,CAT-022,Baby care,Family,5,3,2
USR-00993,CAT-023,Books,Family,5,4,1
USR-00993,CAT-024,Stationery,Family,9,8,1
USR-00993,CAT-025,Board games,Family,5,4,1
USR-00993,CAT-030,Sports,Outdoor,3,3,0
USR-00994,CAT-006,Kitchen appliances,Home,13,8,5
USR-00994,CAT-007,Cleaning,Home,9,9,0
USR-00994,CAT-008,Coffee,Home,10,8,2
USR-00994,CAT-009,Lighting,Home,6,5,1
USR-00994,CAT-010,Bedding,Home,11,7,4
USR-00994,CAT-014,Accessories,Style,2,2,0
USR-00994,CAT-020,Personal care,Wellness,1,1,0
USR-00995,CAT-004,Monitors,Digital,2,2,0
USR-00995,CAT-026,Cycling,Outdoor,12,8,4
USR-00995,CAT-027,Camping,Outdoor,7,4,3
USR-00995,CAT-028,Garden,Outdoor,8,7,1
USR-00995,CAT-029,Automotive,Outdoor,14,13,1
USR-00996,CAT-011,Clothing,Style,8,6,2
USR-00996,CAT-012,Shoes,Style,8,6,2
USR-00996,CAT-013,Bags,Style,5,4,1
USR-00996,CAT-014,Accessories,Style,6,6,0
USR-00996,CAT-015,Jewelry,Style,8,5,3
USR-00996,CAT-020,Personal care,Wellness,2,2,0
USR-00997,CAT-007,Cleaning,Home,3,1,2
USR-00997,CAT-016,Skincare,Wellness,9,7,2
USR-00997,CAT-017,Haircare,Wellness,11,7,4
USR-00997,CAT-018,Supplements,Wellness,14,13,1
USR-00997,CAT-019,Fitness,Wellness,9,7,2
USR-00997,CAT-020,Personal care,Wellness,7,7,0
USR-00998,CAT-001,Smartphones,Digital,10,9,1
USR-00998,CAT-002,Laptops,Digital,11,10,1
USR-00998,CAT-003,Headphones,Digital,11,8,3
USR-00998,CAT-004,Monitors,Digital,9,6,3
USR-00998,CAT-005,Storage,Digital,11,8,3
USR-00998,CAT-018,Supplements,Wellness,4,3,1
USR-00999,CAT-008,Coffee,Home,1,1,0
USR-00999,CAT-026,Cycling,Outdoor,10,10,0
USR-00999,CAT-028,Garden,Outdoor,7,6,1
USR-00999,CAT-030,Sports,Outdoor,6,6,0
USR-01000,CAT-006,Kitchen appliances,Home,8,7,1
USR-01000,CAT-007,Cleaning,Home,11,9,2
USR-01000,CAT-008,Coffee,Home,13,11,2
USR-01000,CAT-010,Bedding,Home,6,6,0
USR-01000,CAT-015,Jewelry,Style,4,3,1
USR-01001,CAT-001,Smartphones,Digital,8,6,2
USR-01001,CAT-002,Laptops,Digital,8,6,2
USR-01001,CAT-003,Headphones,Digital,5,5,0
USR-01001,CAT-004,Monitors,Digital,3,3,0
USR-01001,CAT-023,Books,Family,3,2,1
USR-01002,CAT-012,Shoes,Style,6,4,2
USR-01002,CAT-013,Bags,Style,3,1,2
USR-01002,CAT-014,Accessories,Style,12,8,4
USR-01002,CAT-015,Jewelry,Style,7,7,0
USR-01002,CAT-022,Baby care,Family,1,1,0
USR-01003,CAT-002,Laptops,Digital,6,3,3
USR-01003,CAT-003,Headphones,Digital,9,7,2
USR-01003,CAT-004,Monitors,Digital,9,9,0
USR-01003,CAT-005,Storage,Digital,7,7,0
USR-01004,CAT-002,Laptops,Digital,14,11,3
USR-01004,CAT-004,Monitors,Digital,9,9,0
USR-01004,CAT-005,Storage,Digital,10,10,0
USR-01004,CAT-010,Bedding,Home,1,1,0
USR-01005,CAT-016,Skincare,Wellness,7,5,2
USR-01005,CAT-017,Haircare,Wellness,7,6,1
USR-01005,CAT-018,Supplements,Wellness,13,11,2
USR-01005,CAT-019,Fitness,Wellness,9,7,2
USR-01005,CAT-020,Personal care,Wellness,15,11,4
USR-01006,CAT-011,Clothing,Style,7,6,1
USR-01006,CAT-012,Shoes,Style,8,5,3
USR-01006,CAT-014,Accessories,Style,8,6,2
USR-01006,CAT-017,Haircare,Wellness,5,4,1
USR-01007,CAT-008,Coffee,Home,2,1,1
USR-01007,CAT-026,Cycling,Outdoor,8,6,2
USR-01007,CAT-028,Garden,Outdoor,4,4,0
USR-01007,CAT-030,Sports,Outdoor,8,5,3
USR-01008,CAT-006,Kitchen appliances,Home,7,5,2
USR-01008,CAT-008,Coffee,Home,10,9,1
USR-01008,CAT-009,Lighting,Home,4,2,2
USR-01008,CAT-010,Bedding,Home,8,6,2
USR-01008,CAT-018,Supplements,Wellness,8,6,2
USR-01008,CAT-019,Fitness,Wellness,6,4,2
USR-01008,CAT-020,Personal care,Wellness,5,4,1
USR-01009,CAT-011,Clothing,Style,3,2,1
USR-01009,CAT-021,Toys,Family,8,3,5
USR-01009,CAT-022,Baby care,Family,11,7,4
USR-01009,CAT-025,Board games,Family,10,9,1
USR-01010,CAT-006,Kitchen appliances,Home,1,1,0
USR-01010,CAT-011,Clothing,Style,9,8,1
USR-01010,CAT-012,Shoes,Style,9,8,1
USR-01010,CAT-013,Bags,Style,6,6,0
USR-01010,CAT-014,Accessories,Style,10,7,3
USR-01010,CAT-015,Jewelry,Style,6,6,0
USR-01011,CAT-016,Skincare,Wellness,6,4,2
USR-01011,CAT-019,Fitness,Wellness,14,11,3
USR-01011,CAT-020,Personal care,Wellness,7,6,1
USR-01012,CAT-001,Smartphones,Digital,5,3,2
USR-01012,CAT-002,Laptops,Digital,3,2,1
USR-01012,CAT-005,Storage,Digital,6,6,0
USR-01012,CAT-017,Haircare,Wellness,12,11,1
USR-01012,CAT-018,Supplements,Wellness,9,7,2
USR-01012,CAT-019,Fitness,Wellness,8,7,1
USR-01012,CAT-020,Personal care,Wellness,6,5,1
USR-01013,CAT-011,Clothing,Style,10,6,4
USR-01013,CAT-013,Bags,Style,8,7,1
USR-01013,CAT-015,Jewelry,Style,3,3,0
USR-01013,CAT-028,Garden,Outdoor,3,2,1
USR-01013,CAT-029,Automotive,Outdoor,2,2,0
USR-01014,CAT-003,Headphones,Digital,6,5,1
USR-01014,CAT-004,Monitors,Digital,6,5,1
USR-01014,CAT-005,Storage,Digital,8,6,2
USR-01014,CAT-026,Cycling,Outdoor,11,7,4
USR-01014,CAT-027,Camping,Outdoor,8,5,3
USR-01014,CAT-028,Garden,Outdoor,15,13,2
USR-01014,CAT-030,Sports,Outdoor,11,10,1
USR-01015,CAT-001,Smartphones,Digital,8,7,1
USR-01015,CAT-002,Laptops,Digital,7,7,0
USR-01015,CAT-005,Storage,Digital,6,5,1
USR-01015,CAT-007,Cleaning,Home,10,8,2
USR-01015,CAT-008,Coffee,Home,6,5,1
USR-01015,CAT-009,Lighting,Home,10,9,1
USR-01015,CAT-010,Bedding,Home,8,7,1
USR-01016,CAT-001,Smartphones,Digital,11,9,2
USR-01016,CAT-002,Laptops,Digital,5,5,0
USR-01016,CAT-003,Headphones,Digital,9,7,2
USR-01016,CAT-004,Monitors,Digital,3,2,1
USR-01016,CAT-008,Coffee,Home,1,1,0
USR-01017,CAT-010,Bedding,Home,4,4,0
USR-01017,CAT-016,Skincare,Wellness,9,6,3
USR-01017,CAT-017,Haircare,Wellness,10,10,0
USR-01017,CAT-018,Supplements,Wellness,7,6,1
USR-01017,CAT-019,Fitness,Wellness,7,6,1
USR-01018,CAT-011,Clothing,Style,3,3,0
USR-01018,CAT-014,Accessories,Style,4,3,1
USR-01018,CAT-021,Toys,Family,8,6,2
USR-01018,CAT-022,Baby care,Family,11,10,1
USR-01018,CAT-024,Stationery,Family,14,12,2
USR-01018,CAT-025,Board games,Family,12,10,2
USR-01019,CAT-001,Smartphones,Digital,7,4,3
USR-01019,CAT-003,Headphones,Digital,9,6,3
USR-01019,CAT-004,Monitors,Digital,8,6,2
USR-01019,CAT-005,Storage,Digital,8,7,1
USR-01019,CAT-016,Skincare,Wellness,2,2,0
USR-01020,CAT-010,Bedding,Home,2,2,0
USR-01020,CAT-011,Clothing,Style,10,8,2
USR-01020,CAT-013,Bags,Style,10,7,3
USR-01020,CAT-015,Jewelry,Style,6,4,2
USR-01021,CAT-005,Storage,Digital,3,3,0
USR-01021,CAT-027,Camping,Outdoor,15,12,3
USR-01021,CAT-028,Garden,Outdoor,14,10,4
USR-01021,CAT-030,Sports,Outdoor,6,6,0
USR-01022,CAT-002,Laptops,Digital,3,3,0
USR-01022,CAT-021,Toys,Family,12,8,4
USR-01022,CAT-022,Baby care,Family,8,7,1
USR-01022,CAT-023,Books,Family,8,7,1
USR-01022,CAT-024,Stationery,Family,11,8,3
USR-01022,CAT-025,Board games,Family,5,5,0
USR-01023,CAT-026,Cycling,Outdoor,16,14,2
USR-01023,CAT-027,Camping,Outdoor,14,11,3
USR-01023,CAT-028,Garden,Outdoor,10,8,2
USR-01023,CAT-029,Automotive,Outdoor,11,9,2
USR-01023,CAT-030,Sports,Outdoor,7,5,2
USR-01024,CAT-011,Clothing,Style,12,10,2
USR-01024,CAT-012,Shoes,Style,11,9,2
USR-01024,CAT-013,Bags,Style,5,4,1
USR-01024,CAT-014,Accessories,Style,10,9,1
USR-01024,CAT-015,Jewelry,Style,10,7,3
USR-01024,CAT-018,Supplements,Wellness,4,3,1
USR-01024,CAT-028,Garden,Outdoor,4,4,0
USR-01025,CAT-016,Skincare,Wellness,8,7,1
USR-01025,CAT-017,Haircare,Wellness,13,11,2
USR-01025,CAT-018,Supplements,Wellness,9,9,0
USR-01025,CAT-019,Fitness,Wellness,8,7,1
USR-01025,CAT-020,Personal care,Wellness,5,5,0
USR-01025,CAT-028,Garden,Outdoor,1,1,0
USR-01025,CAT-030,Sports,Outdoor,3,2,1
USR-01026,CAT-007,Cleaning,Home,10,7,3
USR-01026,CAT-008,Coffee,Home,8,5,3
USR-01026,CAT-009,Lighting,Home,10,6,4
USR-01026,CAT-010,Bedding,Home,7,6,1
USR-01026,CAT-019,Fitness,Wellness,3,3,0
USR-01026,CAT-026,Cycling,Outdoor,2,1,1
USR-01027,CAT-015,Jewelry,Style,4,2,2
USR-01027,CAT-026,Cycling,Outdoor,12,10,2
USR-01027,CAT-027,Camping,Outdoor,10,9,1
USR-01027,CAT-028,Garden,Outdoor,8,7,1
USR-01027,CAT-029,Automotive,Outdoor,6,4,2
USR-01028,CAT-006,Kitchen appliances,Home,11,7,4
USR-01028,CAT-007,Cleaning,Home,7,4,3
USR-01028,CAT-008,Coffee,Home,10,6,4
USR-01028,CAT-009,Lighting,Home,7,6,1
USR-01028,CAT-010,Bedding,Home,14,12,2
USR-01029,CAT-009,Lighting,Home,4,4,0
USR-01029,CAT-021,Toys,Family,11,7,4
USR-01029,CAT-022,Baby care,Family,12,10,2
USR-01029,CAT-023,Books,Family,12,11,1
USR-01029,CAT-024,Stationery,Family,10,7,3
USR-01030,CAT-013,Bags,Style,12,10,2
USR-01030,CAT-014,Accessories,Style,15,12,3
USR-01030,CAT-015,Jewelry,Style,9,6,3
USR-01031,CAT-016,Skincare,Wellness,6,6,0
USR-01031,CAT-017,Haircare,Wellness,7,6,1
USR-01031,CAT-018,Supplements,Wellness,6,4,2
USR-01031,CAT-019,Fitness,Wellness,12,11,1
USR-01031,CAT-020,Personal care,Wellness,10,9,1
USR-01031,CAT-021,Toys,Family,6,6,0
USR-01031,CAT-023,Books,Family,8,7,1
USR-01031,CAT-025,Board games,Family,7,5,2
USR-01032,CAT-017,Haircare,Wellness,5,2,3
USR-01032,CAT-018,Supplements,Wellness,12,8,4
USR-01032,CAT-019,Fitness,Wellness,7,7,0
USR-01032,CAT-021,Toys,Family,7,6,1
USR-01032,CAT-023,Books,Family,8,7,1
USR-01032,CAT-024,Stationery,Family,4,3,1
USR-01032,CAT-025,Board games,Family,10,7,3
USR-01033,CAT-001,Smartphones,Digital,4,4,0
USR-01033,CAT-011,Clothing,Style,10,8,2
USR-01033,CAT-012,Shoes,Style,9,9,0
USR-01033,CAT-013,Bags,Style,13,8,5
USR-01033,CAT-014,Accessories,Style,8,7,1
USR-01033,CAT-015,Jewelry,Style,12,7,5
USR-01034,CAT-026,Cycling,Outdoor,8,5,3
USR-01034,CAT-027,Camping,Outdoor,6,3,3
USR-01034,CAT-028,Garden,Outdoor,9,8,1
USR-01034,CAT-030,Sports,Outdoor,11,8,3
USR-01035,CAT-002,Laptops,Digital,2,2,0
USR-01035,CAT-008,Coffee,Home,1,1,0
USR-01035,CAT-011,Clothing,Style,12,10,2
USR-01035,CAT-012,Shoes,Style,4,3,1
USR-01035,CAT-013,Bags,Style,14,13,1
USR-01035,CAT-014,Accessories,Style,11,8,3
USR-01035,CAT-015,Jewelry,Style,7,3,4
USR-01036,CAT-016,Skincare,Wellness,4,3,1
USR-01036,CAT-017,Haircare,Wellness,7,6,1
USR-01036,CAT-018,Supplements,Wellness,10,7,3
USR-01036,CAT-019,Fitness,Wellness,13,11,2
USR-01036,CAT-020,Personal care,Wellness,6,4,2
USR-01036,CAT-022,Baby care,Family,2,2,0
USR-01037,CAT-006,Kitchen appliances,Home,7,6,1
USR-01037,CAT-007,Cleaning,Home,6,4,2
USR-01037,CAT-009,Lighting,Home,13,10,3
USR-01037,CAT-010,Bedding,Home,11,10,1
USR-01037,CAT-029,Automotive,Outdoor,1,1,0
USR-01038,CAT-011,Clothing,Style,7,4,3
USR-01038,CAT-012,Shoes,Style,5,4,1
USR-01038,CAT-013,Bags,Style,11,11,0
USR-01038,CAT-014,Accessories,Style,6,3,3
USR-01038,CAT-015,Jewelry,Style,6,6,0
USR-01038,CAT-025,Board games,Family,1,1,0
USR-01038,CAT-026,Cycling,Outdoor,3,2,1
USR-01039,CAT-011,Clothing,Style,11,8,3
USR-01039,CAT-012,Shoes,Style,6,3,3
USR-01039,CAT-013,Bags,Style,5,3,2
USR-01039,CAT-027,Camping,Outdoor,3,2,1
USR-01040,CAT-001,Smartphones,Digital,9,6,3
USR-01040,CAT-003,Headphones,Digital,14,11,3
USR-01040,CAT-004,Monitors,Digital,13,11,2
USR-01040,CAT-005,Storage,Digital,9,9,0
USR-01040,CAT-021,Toys,Family,2,1,1
USR-01040,CAT-028,Garden,Outdoor,5,4,1
USR-01041,CAT-001,Smartphones,Digital,10,10,0
USR-01041,CAT-002,Laptops,Digital,17,14,3
USR-01041,CAT-004,Monitors,Digital,4,3,1
USR-01041,CAT-007,Cleaning,Home,10,9,1
USR-01041,CAT-008,Coffee,Home,4,4,0
USR-01041,CAT-010,Bedding,Home,3,1,2
USR-01042,CAT-003,Headphones,Digital,3,2,1
USR-01042,CAT-009,Lighting,Home,1,1,0
USR-01042,CAT-016,Skincare,Wellness,4,2,2
USR-01042,CAT-017,Haircare,Wellness,9,7,2
USR-01042,CAT-018,Supplements,Wellness,7,7,0
USR-01042,CAT-019,Fitness,Wellness,10,6,4
USR-01042,CAT-020,Personal care,Wellness,7,6,1
USR-01043,CAT-005,Storage,Digital,2,2,0
USR-01043,CAT-016,Skincare,Wellness,7,5,2
USR-01043,CAT-017,Haircare,Wellness,6,5,1
USR-01043,CAT-018,Supplements,Wellness,8,6,2
USR-01043,CAT-019,Fitness,Wellness,7,5,2
USR-01043,CAT-020,Personal care,Wellness,8,6,2
USR-01044,CAT-005,Storage,Digital,2,2,0
USR-01044,CAT-016,Skincare,Wellness,7,5,2
USR-01044,CAT-017,Haircare,Wellness,9,9,0
USR-01044,CAT-018,Supplements,Wellness,6,4,2
USR-01044,CAT-019,Fitness,Wellness,7,6,1
USR-01044,CAT-020,Personal care,Wellness,13,11,2
USR-01045,CAT-001,Smartphones,Digital,10,8,2
USR-01045,CAT-002,Laptops,Digital,13,12,1
USR-01045,CAT-003,Headphones,Digital,6,3,3
USR-01045,CAT-004,Monitors,Digital,9,7,2
USR-01045,CAT-005,Storage,Digital,15,12,3
USR-01045,CAT-016,Skincare,Wellness,7,6,1
USR-01045,CAT-018,Supplements,Wellness,7,7,0
USR-01045,CAT-019,Fitness,Wellness,12,9,3
USR-01046,CAT-006,Kitchen appliances,Home,9,7,2
USR-01046,CAT-008,Coffee,Home,8,6,2
USR-01046,CAT-009,Lighting,Home,5,3,2
USR-01046,CAT-011,Clothing,Style,5,3,2
USR-01047,CAT-002,Laptops,Digital,12,11,1
USR-01047,CAT-003,Headphones,Digital,13,11,2
USR-01047,CAT-004,Monitors,Digital,10,4,6
USR-01048,CAT-007,Cleaning,Home,4,2,2
USR-01048,CAT-021,Toys,Family,8,4,4
USR-01048,CAT-022,Baby care,Family,10,7,3
USR-01048,CAT-023,Books,Family,11,7,4
USR-01048,CAT-024,Stationery,Family,6,4,2
USR-01048,CAT-025,Board games,Family,7,7,0
USR-01048,CAT-029,Automotive,Outdoor,4,4,0
USR-01049,CAT-006,Kitchen appliances,Home,5,2,3
USR-01049,CAT-026,Cycling,Outdoor,12,11,1
USR-01049,CAT-027,Camping,Outdoor,14,11,3
USR-01049,CAT-028,Garden,Outdoor,10,8,2
USR-01049,CAT-029,Automotive,Outdoor,8,7,1
USR-01049,CAT-030,Sports,Outdoor,10,6,4
USR-01050,CAT-006,Kitchen appliances,Home,12,9,3
USR-01050,CAT-007,Cleaning,Home,12,11,1
USR-01050,CAT-008,Coffee,Home,14,12,2
USR-01050,CAT-009,Lighting,Home,11,10,1
USR-01050,CAT-010,Bedding,Home,13,11,2
USR-01051,CAT-016,Skincare,Wellness,7,5,2
USR-01051,CAT-017,Haircare,Wellness,9,8,1
USR-01051,CAT-018,Supplements,Wellness,11,9,2
USR-01051,CAT-020,Personal care,Wellness,8,8,0
USR-01051,CAT-022,Baby care,Family,8,6,2
USR-01051,CAT-023,Books,Family,6,4,2
USR-01051,CAT-025,Board games,Family,5,3,2
USR-01052,CAT-001,Smartphones,Digital,6,6,0
USR-01052,CAT-002,Laptops,Digital,9,7,2
USR-01052,CAT-003,Headphones,Digital,13,11,2
USR-01052,CAT-004,Monitors,Digital,7,6,1
USR-01052,CAT-005,Storage,Digital,11,10,1
USR-01052,CAT-026,Cycling,Outdoor,1,1,0
USR-01052,CAT-030,Sports,Outdoor,1,1,0
USR-01053,CAT-006,Kitchen appliances,Home,8,6,2
USR-01053,CAT-007,Cleaning,Home,6,5,1
USR-01053,CAT-008,Coffee,Home,12,7,5
USR-01053,CAT-009,Lighting,Home,10,9,1
USR-01053,CAT-010,Bedding,Home,9,8,1
USR-01054,CAT-001,Smartphones,Digital,12,9,3
USR-01054,CAT-002,Laptops,Digital,9,9,0
USR-01054,CAT-003,Headphones,Digital,8,7,1
USR-01054,CAT-004,Monitors,Digital,10,8,2
USR-01054,CAT-005,Storage,Digital,9,8,1
USR-01054,CAT-009,Lighting,Home,4,3,1
USR-01054,CAT-023,Books,Family,2,1,1
USR-01055,CAT-001,Smartphones,Digital,6,6,0
USR-01055,CAT-002,Laptops,Digital,7,5,2
USR-01055,CAT-004,Monitors,Digital,4,3,1
USR-01055,CAT-007,Cleaning,Home,9,7,2
USR-01055,CAT-008,Coffee,Home,10,6,4
USR-01055,CAT-009,Lighting,Home,9,8,1
USR-01055,CAT-010,Bedding,Home,12,9,3
USR-01056,CAT-004,Monitors,Digital,1,1,0
USR-01056,CAT-010,Bedding,Home,3,3,0
USR-01056,CAT-016,Skincare,Wellness,5,5,0
USR-01056,CAT-018,Supplements,Wellness,5,4,1
USR-01056,CAT-019,Fitness,Wellness,7,6,1
USR-01056,CAT-020,Personal care,Wellness,8,7,1
USR-01057,CAT-003,Headphones,Digital,2,1,1
USR-01057,CAT-006,Kitchen appliances,Home,3,2,1
USR-01057,CAT-026,Cycling,Outdoor,8,7,1
USR-01057,CAT-028,Garden,Outdoor,13,10,3
USR-01057,CAT-029,Automotive,Outdoor,5,5,0
USR-01057,CAT-030,Sports,Outdoor,10,9,1
USR-01058,CAT-006,Kitchen appliances,Home,8,7,1
USR-01058,CAT-007,Cleaning,Home,11,9,2
USR-01058,CAT-008,Coffee,Home,6,5,1
USR-01058,CAT-009,Lighting,Home,9,4,5
USR-01058,CAT-010,Bedding,Home,11,9,2
USR-01058,CAT-014,Accessories,Style,1,1,0
USR-01058,CAT-019,Fitness,Wellness,1,1,0
USR-01059,CAT-011,Clothing,Style,12,8,4
USR-01059,CAT-013,Bags,Style,3,3,0
USR-01059,CAT-014,Accessories,Style,9,8,1
USR-01059,CAT-015,Jewelry,Style,7,5,2
USR-01060,CAT-012,Shoes,Style,3,2,1
USR-01060,CAT-016,Skincare,Wellness,10,7,3
USR-01060,CAT-017,Haircare,Wellness,15,12,3
USR-01060,CAT-018,Supplements,Wellness,13,10,3
USR-01060,CAT-019,Fitness,Wellness,11,9,2
USR-01060,CAT-020,Personal care,Wellness,10,9,1
USR-01061,CAT-026,Cycling,Outdoor,5,5,0
USR-01061,CAT-027,Camping,Outdoor,4,4,0
USR-01061,CAT-029,Automotive,Outdoor,7,5,2
USR-01061,CAT-030,Sports,Outdoor,7,7,0
USR-01062,CAT-007,Cleaning,Home,2,2,0
USR-01062,CAT-010,Bedding,Home,3,3,0
USR-01062,CAT-016,Skincare,Wellness,10,8,2
USR-01062,CAT-018,Supplements,Wellness,8,6,2
USR-01062,CAT-019,Fitness,Wellness,9,6,3
USR-01062,CAT-020,Personal care,Wellness,11,10,1
USR-01063,CAT-006,Kitchen appliances,Home,14,12,2
USR-01063,CAT-008,Coffee,Home,12,8,4
USR-01063,CAT-009,Lighting,Home,7,6,1
USR-01063,CAT-010,Bedding,Home,14,11,3
USR-01063,CAT-019,Fitness,Wellness,2,2,0
USR-01063,CAT-025,Board games,Family,2,2,0
USR-01064,CAT-016,Skincare,Wellness,9,8,1
USR-01064,CAT-018,Supplements,Wellness,8,6,2
USR-01064,CAT-019,Fitness,Wellness,10,9,1
USR-01064,CAT-020,Personal care,Wellness,7,6,1
USR-01064,CAT-021,Toys,Family,8,5,3
USR-01064,CAT-022,Baby care,Family,5,4,1
USR-01064,CAT-023,Books,Family,6,6,0
USR-01065,CAT-006,Kitchen appliances,Home,6,5,1
USR-01065,CAT-007,Cleaning,Home,9,8,1
USR-01065,CAT-008,Coffee,Home,6,5,1
USR-01065,CAT-009,Lighting,Home,7,6,1
USR-01065,CAT-016,Skincare,Wellness,2,2,0
USR-01066,CAT-023,Books,Family,2,2,0
USR-01066,CAT-026,Cycling,Outdoor,10,6,4
USR-01066,CAT-029,Automotive,Outdoor,11,6,5
USR-01066,CAT-030,Sports,Outdoor,14,11,3
USR-01067,CAT-011,Clothing,Style,13,12,1
USR-01067,CAT-012,Shoes,Style,8,6,2
USR-01067,CAT-013,Bags,Style,4,3,1
USR-01067,CAT-014,Accessories,Style,9,8,1
USR-01067,CAT-015,Jewelry,Style,9,9,0
USR-01068,CAT-016,Skincare,Wellness,11,8,3
USR-01068,CAT-017,Haircare,Wellness,11,10,1
USR-01068,CAT-018,Supplements,Wellness,12,9,3
USR-01068,CAT-020,Personal care,Wellness,10,6,4
USR-01068,CAT-028,Garden,Outdoor,3,2,1
USR-01069,CAT-001,Smartphones,Digital,2,2,0
USR-01069,CAT-004,Monitors,Digital,7,4,3
USR-01069,CAT-005,Storage,Digital,9,9,0
USR-01069,CAT-017,Haircare,Wellness,4,1,3
USR-01070,CAT-002,Laptops,Digital,1,1,0
USR-01070,CAT-011,Clothing,Style,12,12,0
USR-01070,CAT-012,Shoes,Style,13,12,1
USR-01070,CAT-013,Bags,Style,4,2,2
USR-01070,CAT-014,Accessories,Style,8,6,2
USR-01070,CAT-015,Jewelry,Style,2,2,0
USR-01071,CAT-002,Laptops,Digital,2,1,1
USR-01071,CAT-009,Lighting,Home,1,1,0
USR-01071,CAT-026,Cycling,Outdoor,6,5,1
USR-01071,CAT-027,Camping,Outdoor,6,5,1
USR-01071,CAT-028,Garden,Outdoor,9,8,1
USR-01071,CAT-029,Automotive,Outdoor,9,9,0
USR-01071,CAT-030,Sports,Outdoor,9,7,2
USR-01072,CAT-016,Skincare,Wellness,7,3,4
USR-01072,CAT-017,Haircare,Wellness,11,9,2
USR-01072,CAT-018,Supplements,Wellness,7,5,2
USR-01072,CAT-019,Fitness,Wellness,5,4,1
USR-01072,CAT-020,Personal care,Wellness,7,5,2
USR-01073,CAT-005,Storage,Digital,4,4,0
USR-01073,CAT-011,Clothing,Style,11,9,2
USR-01073,CAT-012,Shoes,Style,11,11,0
USR-01073,CAT-013,Bags,Style,14,12,2
USR-01073,CAT-015,Jewelry,Style,8,7,1
USR-01074,CAT-002,Laptops,Digital,4,2,2
USR-01074,CAT-016,Skincare,Wellness,3,3,0
USR-01074,CAT-026,Cycling,Outdoor,11,11,0
USR-01074,CAT-029,Automotive,Outdoor,6,5,1
USR-01074,CAT-030,Sports,Outdoor,16,15,1
USR-01075,CAT-019,Fitness,Wellness,3,2,1
USR-01075,CAT-021,Toys,Family,9,7,2
USR-01075,CAT-022,Baby care,Family,9,8,1
USR-01075,CAT-023,Books,Family,14,11,3
USR-01075,CAT-025,Board games,Family,11,10,1
USR-01076,CAT-006,Kitchen appliances,Home,9,6,3
USR-01076,CAT-008,Coffee,Home,5,3,2
USR-01076,CAT-009,Lighting,Home,14,11,3
USR-01076,CAT-010,Bedding,Home,5,4,1
USR-01076,CAT-015,Jewelry,Style,3,3,0
USR-01077,CAT-011,Clothing,Style,5,4,1
USR-01077,CAT-012,Shoes,Style,15,10,5
USR-01077,CAT-014,Accessories,Style,8,7,1
USR-01077,CAT-015,Jewelry,Style,12,9,3
USR-01077,CAT-028,Garden,Outdoor,2,1,1
USR-01078,CAT-013,Bags,Style,10,8,2
USR-01078,CAT-014,Accessories,Style,7,7,0
USR-01078,CAT-015,Jewelry,Style,12,10,2
USR-01078,CAT-016,Skincare,Wellness,3,2,1
USR-01078,CAT-023,Books,Family,5,2,3
USR-01079,CAT-018,Supplements,Wellness,9,8,1
USR-01079,CAT-019,Fitness,Wellness,8,5,3
USR-01079,CAT-020,Personal care,Wellness,9,5,4
USR-01079,CAT-021,Toys,Family,4,4,0
USR-01079,CAT-022,Baby care,Family,5,5,0
USR-01079,CAT-024,Stationery,Family,11,5,6
USR-01080,CAT-006,Kitchen appliances,Home,9,6,3
USR-01080,CAT-007,Cleaning,Home,7,6,1
USR-01080,CAT-009,Lighting,Home,9,8,1
USR-01080,CAT-010,Bedding,Home,10,8,2
USR-01080,CAT-016,Skincare,Wellness,3,3,0
USR-01081,CAT-001,Smartphones,Digital,2,1,1
USR-01081,CAT-006,Kitchen appliances,Home,9,5,4
USR-01081,CAT-009,Lighting,Home,7,6,1
USR-01081,CAT-010,Bedding,Home,6,6,0
USR-01082,CAT-012,Shoes,Style,1,1,0
USR-01082,CAT-026,Cycling,Outdoor,7,7,0
USR-01082,CAT-027,Camping,Outdoor,8,8,0
USR-01082,CAT-028,Garden,Outdoor,13,11,2
USR-01083,CAT-001,Smartphones,Digital,4,4,0
USR-01083,CAT-026,Cycling,Outdoor,8,6,2
USR-01083,CAT-027,Camping,Outdoor,8,7,1
USR-01083,CAT-028,Garden,Outdoor,5,4,1
USR-01083,CAT-029,Automotive,Outdoor,12,8,4
USR-01083,CAT-030,Sports,Outdoor,10,7,3
USR-01084,CAT-010,Bedding,Home,3,2,1
USR-01084,CAT-021,Toys,Family,12,10,2
USR-01084,CAT-022,Baby care,Family,13,10,3
USR-01084,CAT-023,Books,Family,12,11,1
USR-01084,CAT-024,Stationery,Family,12,10,2
USR-01085,CAT-001,Smartphones,Digital,5,4,1
USR-01085,CAT-002,Laptops,Digital,5,3,2
USR-01085,CAT-005,Storage,Digital,9,8,1
USR-01085,CAT-026,Cycling,Outdoor,14,11,3
USR-01085,CAT-028,Garden,Outdoor,9,7,2
USR-01085,CAT-029,Automotive,Outdoor,7,5,2
USR-01086,CAT-002,Laptops,Digital,8,8,0
USR-01086,CAT-003,Headphones,Digital,9,9,0
USR-01086,CAT-005,Storage,Digital,11,8,3
USR-01086,CAT-023,Books,Family,7,5,2
USR-01086,CAT-024,Stationery,Family,10,8,2
USR-01086,CAT-025,Board games,Family,12,9,3
USR-01087,CAT-012,Shoes,Style,7,7,0
USR-01087,CAT-013,Bags,Style,3,2,1
USR-01087,CAT-015,Jewelry,Style,8,8,0
USR-01087,CAT-021,Toys,Family,6,3,3
USR-01087,CAT-022,Baby care,Family,9,9,0
USR-01087,CAT-023,Books,Family,8,6,2
USR-01087,CAT-024,Stationery,Family,12,10,2
USR-01087,CAT-025,Board games,Family,14,11,3
USR-01088,CAT-007,Cleaning,Home,2,2,0
USR-01088,CAT-021,Toys,Family,8,6,2
USR-01088,CAT-023,Books,Family,11,8,3
USR-01088,CAT-024,Stationery,Family,7,6,1
USR-01089,CAT-011,Clothing,Style,9,8,1
USR-01089,CAT-013,Bags,Style,6,5,1
USR-01089,CAT-014,Accessories,Style,11,8,3
USR-01089,CAT-017,Haircare,Wellness,3,3,0
USR-01089,CAT-018,Supplements,Wellness,7,5,2
USR-01089,CAT-019,Fitness,Wellness,6,6,0
USR-01090,CAT-011,Clothing,Style,14,11,3
USR-01090,CAT-013,Bags,Style,10,8,2
USR-01090,CAT-015,Jewelry,Style,9,6,3
USR-01090,CAT-029,Automotive,Outdoor,2,2,0
USR-01091,CAT-006,Kitchen appliances,Home,5,5,0
USR-01091,CAT-007,Cleaning,Home,7,6,1
USR-01091,CAT-008,Coffee,Home,6,6,0
USR-01091,CAT-009,Lighting,Home,9,9,0
USR-01091,CAT-010,Bedding,Home,11,6,5
USR-01091,CAT-016,Skincare,Wellness,2,2,0
USR-01091,CAT-027,Camping,Outdoor,3,1,2
USR-01092,CAT-016,Skincare,Wellness,8,8,0
USR-01092,CAT-018,Supplements,Wellness,9,6,3
USR-01092,CAT-020,Personal care,Wellness,9,8,1
USR-01092,CAT-025,Board games,Family,2,1,1
USR-01093,CAT-008,Coffee,Home,7,3,4
USR-01093,CAT-009,Lighting,Home,8,8,0
USR-01093,CAT-010,Bedding,Home,9,7,2
USR-01094,CAT-007,Cleaning,Home,7,5,2
USR-01094,CAT-009,Lighting,Home,6,4,2
USR-01094,CAT-010,Bedding,Home,6,6,0
USR-01094,CAT-022,Baby care,Family,3,2,1
USR-01095,CAT-016,Skincare,Wellness,11,11,0
USR-01095,CAT-017,Haircare,Wellness,9,8,1
USR-01095,CAT-019,Fitness,Wellness,4,3,1
USR-01096,CAT-011,Clothing,Style,11,9,2
USR-01096,CAT-012,Shoes,Style,7,5,2
USR-01096,CAT-013,Bags,Style,8,5,3
USR-01096,CAT-014,Accessories,Style,4,2,2
USR-01096,CAT-015,Jewelry,Style,11,10,1
USR-01096,CAT-023,Books,Family,2,1,1
USR-01097,CAT-002,Laptops,Digital,3,3,0
USR-01097,CAT-006,Kitchen appliances,Home,7,5,2
USR-01097,CAT-008,Coffee,Home,7,7,0
USR-01097,CAT-010,Bedding,Home,10,7,3
USR-01097,CAT-024,Stationery,Family,5,4,1
USR-01098,CAT-002,Laptops,Digital,3,3,0
USR-01098,CAT-022,Baby care,Family,3,2,1
USR-01098,CAT-023,Books,Family,5,3,2
USR-01098,CAT-024,Stationery,Family,6,4,2
USR-01099,CAT-017,Haircare,Wellness,4,3,1
USR-01099,CAT-026,Cycling,Outdoor,7,5,2
USR-01099,CAT-028,Garden,Outdoor,11,9,2
USR-01099,CAT-030,Sports,Outdoor,13,13,0
USR-01100,CAT-002,Laptops,Digital,7,6,1
USR-01100,CAT-003,Headphones,Digital,8,7,1
USR-01100,CAT-004,Monitors,Digital,13,11,2
USR-01100,CAT-008,Coffee,Home,4,4,0
USR-01101,CAT-001,Smartphones,Digital,15,13,2
USR-01101,CAT-002,Laptops,Digital,9,7,2
USR-01101,CAT-003,Headphones,Digital,14,12,2
USR-01101,CAT-004,Monitors,Digital,11,6,5
USR-01101,CAT-005,Storage,Digital,8,5,3
USR-01101,CAT-030,Sports,Outdoor,3,2,1
USR-01102,CAT-002,Laptops,Digital,4,4,0
USR-01102,CAT-003,Headphones,Digital,8,7,1
USR-01102,CAT-004,Monitors,Digital,4,4,0
USR-01102,CAT-006,Kitchen appliances,Home,15,10,5
USR-01102,CAT-009,Lighting,Home,6,5,1
USR-01102,CAT-010,Bedding,Home,11,7,4
USR-01103,CAT-001,Smartphones,Digital,3,3,0
USR-01103,CAT-021,Toys,Family,15,14,1
USR-01103,CAT-023,Books,Family,8,8,0
USR-01103,CAT-025,Board games,Family,12,11,1
USR-01104,CAT-009,Lighting,Home,4,4,0
USR-01104,CAT-021,Toys,Family,12,8,4
USR-01104,CAT-022,Baby care,Family,9,8,1
USR-01104,CAT-023,Books,Family,10,7,3
USR-01104,CAT-024,Stationery,Family,6,6,0
USR-01104,CAT-025,Board games,Family,16,13,3
USR-01105,CAT-001,Smartphones,Digital,14,8,6
USR-01105,CAT-002,Laptops,Digital,10,7,3
USR-01105,CAT-003,Headphones,Digital,13,11,2
USR-01105,CAT-025,Board games,Family,5,5,0
USR-01106,CAT-003,Headphones,Digital,2,2,0
USR-01106,CAT-021,Toys,Family,10,9,1
USR-01106,CAT-022,Baby care,Family,8,7,1
USR-01106,CAT-023,Books,Family,11,7,4
USR-01106,CAT-024,Stationery,Family,8,7,1
USR-01106,CAT-025,Board games,Family,13,12,1
USR-01107,CAT-001,Smartphones,Digital,8,6,2
USR-01107,CAT-002,Laptops,Digital,7,5,2
USR-01107,CAT-003,Headphones,Digital,7,4,3
USR-01107,CAT-005,Storage,Digital,12,9,3
USR-01107,CAT-022,Baby care,Family,1,1,0
USR-01108,CAT-011,Clothing,Style,5,5,0
USR-01108,CAT-013,Bags,Style,11,9,2
USR-01108,CAT-014,Accessories,Style,5,5,0
USR-01108,CAT-021,Toys,Family,5,4,1
USR-01108,CAT-023,Books,Family,3,3,0
USR-01109,CAT-022,Baby care,Family,8,8,0
USR-01109,CAT-023,Books,Family,8,5,3
USR-01109,CAT-025,Board games,Family,10,8,2
USR-01109,CAT-026,Cycling,Outdoor,6,5,1
USR-01109,CAT-028,Garden,Outdoor,10,6,4
USR-01109,CAT-030,Sports,Outdoor,6,4,2
USR-01110,CAT-002,Laptops,Digital,11,10,1
USR-01110,CAT-003,Headphones,Digital,10,8,2
USR-01110,CAT-004,Monitors,Digital,9,8,1
USR-01110,CAT-005,Storage,Digital,9,9,0
USR-01110,CAT-010,Bedding,Home,3,3,0
USR-01111,CAT-001,Smartphones,Digital,10,6,4
USR-01111,CAT-002,Laptops,Digital,6,5,1
USR-01111,CAT-003,Headphones,Digital,10,6,4
USR-01111,CAT-004,Monitors,Digital,7,7,0
USR-01111,CAT-005,Storage,Digital,9,8,1
USR-01112,CAT-001,Smartphones,Digital,7,5,2
USR-01112,CAT-002,Laptops,Digital,11,9,2
USR-01112,CAT-003,Headphones,Digital,12,10,2
USR-01112,CAT-011,Clothing,Style,7,6,1
USR-01112,CAT-012,Shoes,Style,11,7,4
USR-01112,CAT-013,Bags,Style,7,6,1
USR-01112,CAT-014,Accessories,Style,14,10,4
USR-01112,CAT-015,Jewelry,Style,5,5,0
USR-01113,CAT-005,Storage,Digital,5,4,1
USR-01113,CAT-008,Coffee,Home,5,3,2
USR-01113,CAT-016,Skincare,Wellness,7,4,3
USR-01113,CAT-017,Haircare,Wellness,10,10,0
USR-01113,CAT-019,Fitness,Wellness,9,6,3
USR-01114,CAT-001,Smartphones,Digital,5,4,1
USR-01114,CAT-020,Personal care,Wellness,1,1,0
USR-01114,CAT-026,Cycling,Outdoor,11,11,0
USR-01114,CAT-027,Camping,Outdoor,9,6,3
USR-01114,CAT-028,Garden,Outdoor,12,10,2
USR-01114,CAT-029,Automotive,Outdoor,4,3,1
USR-01115,CAT-013,Bags,Style,5,5,0
USR-01115,CAT-023,Books,Family,3,3,0
USR-01115,CAT-026,Cycling,Outdoor,6,6,0
USR-01115,CAT-027,Camping,Outdoor,7,5,2
USR-01115,CAT-028,Garden,Outdoor,10,8,2
USR-01115,CAT-029,Automotive,Outdoor,9,7,2
USR-01115,CAT-030,Sports,Outdoor,11,9,2
USR-01116,CAT-001,Smartphones,Digital,11,7,4
USR-01116,CAT-002,Laptops,Digital,11,10,1
USR-01116,CAT-003,Headphones,Digital,9,5,4
USR-01116,CAT-004,Monitors,Digital,7,5,2
USR-01116,CAT-005,Storage,Digital,6,6,0
USR-01116,CAT-018,Supplements,Wellness,4,3,1
USR-01117,CAT-001,Smartphones,Digital,12,8,4
USR-01117,CAT-002,Laptops,Digital,8,4,4
USR-01117,CAT-003,Headphones,Digital,9,8,1
USR-01117,CAT-013,Bags,Style,4,4,0
USR-01117,CAT-014,Accessories,Style,2,1,1
USR-01118,CAT-019,Fitness,Wellness,3,2,1
USR-01118,CAT-021,Toys,Family,11,10,1
USR-01118,CAT-022,Baby care,Family,7,7,0
USR-01118,CAT-024,Stationery,Family,10,8,2
USR-01119,CAT-006,Kitchen appliances,Home,10,5,5
USR-01119,CAT-008,Coffee,Home,13,10,3
USR-01119,CAT-010,Bedding,Home,13,11,2
USR-01119,CAT-021,Toys,Family,4,4,0
USR-01119,CAT-024,Stationery,Family,2,2,0
USR-01120,CAT-014,Accessories,Style,4,3,1
USR-01120,CAT-026,Cycling,Outdoor,10,8,2
USR-01120,CAT-027,Camping,Outdoor,6,6,0
USR-01120,CAT-029,Automotive,Outdoor,10,6,4
USR-01120,CAT-030,Sports,Outdoor,9,5,4
USR-01121,CAT-016,Skincare,Wellness,7,4,3
USR-01121,CAT-017,Haircare,Wellness,10,6,4
USR-01121,CAT-018,Supplements,Wellness,12,11,1
USR-01121,CAT-019,Fitness,Wellness,7,5,2
USR-01121,CAT-020,Personal care,Wellness,10,8,2
USR-01121,CAT-024,Stationery,Family,3,2,1
USR-01122,CAT-001,Smartphones,Digital,10,10,0
USR-01122,CAT-002,Laptops,Digital,12,8,4
USR-01122,CAT-003,Headphones,Digital,13,10,3
USR-01122,CAT-004,Monitors,Digital,12,9,3
USR-01122,CAT-005,Storage,Digital,12,10,2
USR-01123,CAT-021,Toys,Family,4,3,1
USR-01123,CAT-022,Baby care,Family,10,8,2
USR-01123,CAT-023,Books,Family,10,8,2
USR-01124,CAT-001,Smartphones,Digital,8,2,6
USR-01124,CAT-002,Laptops,Digital,8,7,1
USR-01124,CAT-003,Headphones,Digital,9,6,3
USR-01124,CAT-004,Monitors,Digital,9,6,3
USR-01124,CAT-005,Storage,Digital,10,10,0
USR-01125,CAT-008,Coffee,Home,4,3,1
USR-01125,CAT-011,Clothing,Style,5,5,0
USR-01125,CAT-012,Shoes,Style,9,8,1
USR-01125,CAT-015,Jewelry,Style,7,7,0
USR-01125,CAT-020,Personal care,Wellness,3,3,0
USR-01126,CAT-011,Clothing,Style,1,1,0
USR-01126,CAT-016,Skincare,Wellness,6,6,0
USR-01126,CAT-018,Supplements,Wellness,9,8,1
USR-01126,CAT-020,Personal care,Wellness,9,7,2
USR-01126,CAT-021,Toys,Family,2,2,0
USR-01127,CAT-006,Kitchen appliances,Home,9,7,2
USR-01127,CAT-007,Cleaning,Home,5,4,1
USR-01127,CAT-008,Coffee,Home,10,7,3
USR-01127,CAT-011,Clothing,Style,6,5,1
USR-01127,CAT-012,Shoes,Style,3,3,0
USR-01127,CAT-013,Bags,Style,11,9,2
USR-01128,CAT-018,Supplements,Wellness,11,7,4
USR-01128,CAT-019,Fitness,Wellness,11,11,0
USR-01128,CAT-020,Personal care,Wellness,7,7,0
USR-01128,CAT-022,Baby care,Family,3,2,1
USR-01129,CAT-016,Skincare,Wellness,7,6,1
USR-01129,CAT-019,Fitness,Wellness,13,10,3
USR-01129,CAT-020,Personal care,Wellness,6,5,1
USR-01130,CAT-001,Smartphones,Digital,7,6,1
USR-01130,CAT-002,Laptops,Digital,11,9,2
USR-01130,CAT-005,Storage,Digital,5,4,1
USR-01130,CAT-026,Cycling,Outdoor,13,13,0
USR-01130,CAT-027,Camping,Outdoor,11,7,4
USR-01130,CAT-028,Garden,Outdoor,9,5,4
USR-01130,CAT-029,Automotive,Outdoor,9,7,2
USR-01130,CAT-030,Sports,Outdoor,8,4,4
USR-01131,CAT-019,Fitness,Wellness,2,1,1
USR-01131,CAT-026,Cycling,Outdoor,9,7,2
USR-01131,CAT-027,Camping,Outdoor,11,9,2
USR-01131,CAT-028,Garden,Outdoor,11,8,3
USR-01131,CAT-029,Automotive,Outdoor,12,10,2
USR-01131,CAT-030,Sports,Outdoor,10,10,0
USR-01132,CAT-012,Shoes,Style,7,6,1
USR-01132,CAT-014,Accessories,Style,9,7,2
USR-01132,CAT-015,Jewelry,Style,5,4,1
USR-01132,CAT-025,Board games,Family,3,1,2
USR-01132,CAT-026,Cycling,Outdoor,6,5,1
USR-01133,CAT-001,Smartphones,Digital,10,6,4
USR-01133,CAT-002,Laptops,Digital,12,7,5
USR-01133,CAT-003,Headphones,Digital,5,4,1
USR-01133,CAT-004,Monitors,Digital,10,8,2
USR-01133,CAT-020,Personal care,Wellness,3,1,2
USR-01134,CAT-021,Toys,Family,7,7,0
USR-01134,CAT-022,Baby care,Family,6,6,0
USR-01134,CAT-023,Books,Family,9,8,1
USR-01134,CAT-025,Board games,Family,6,4,2
USR-01135,CAT-007,Cleaning,Home,7,3,4
USR-01135,CAT-008,Coffee,Home,7,7,0
USR-01135,CAT-009,Lighting,Home,8,7,1
USR-01135,CAT-026,Cycling,Outdoor,8,5,3
USR-01135,CAT-027,Camping,Outdoor,8,7,1
USR-01135,CAT-028,Garden,Outdoor,10,7,3
USR-01135,CAT-029,Automotive,Outdoor,9,8,1
USR-01135,CAT-030,Sports,Outdoor,10,9,1
USR-01136,CAT-006,Kitchen appliances,Home,6,5,1
USR-01136,CAT-007,Cleaning,Home,6,5,1
USR-01136,CAT-009,Lighting,Home,3,2,1
USR-01136,CAT-010,Bedding,Home,3,3,0
USR-01136,CAT-018,Supplements,Wellness,4,4,0
USR-01136,CAT-028,Garden,Outdoor,2,2,0
USR-01137,CAT-011,Clothing,Style,16,13,3
USR-01137,CAT-012,Shoes,Style,7,5,2
USR-01137,CAT-013,Bags,Style,8,7,1
USR-01138,CAT-002,Laptops,Digital,3,3,0
USR-01138,CAT-011,Clothing,Style,8,6,2
USR-01138,CAT-012,Shoes,Style,8,6,2
USR-01138,CAT-015,Jewelry,Style,10,4,6
USR-01139,CAT-001,Smartphones,Digital,6,4,2
USR-01139,CAT-002,Laptops,Digital,11,8,3
USR-01139,CAT-004,Monitors,Digital,10,9,1
USR-01139,CAT-005,Storage,Digital,6,6,0
USR-01139,CAT-006,Kitchen appliances,Home,4,3,1
USR-01140,CAT-016,Skincare,Wellness,11,8,3
USR-01140,CAT-017,Haircare,Wellness,12,10,2
USR-01140,CAT-019,Fitness,Wellness,7,6,1
USR-01140,CAT-023,Books,Family,1,1,0
USR-01141,CAT-006,Kitchen appliances,Home,9,5,4
USR-01141,CAT-009,Lighting,Home,11,11,0
USR-01141,CAT-010,Bedding,Home,10,8,2
USR-01141,CAT-026,Cycling,Outdoor,5,5,0
USR-01142,CAT-019,Fitness,Wellness,2,2,0
USR-01142,CAT-021,Toys,Family,11,9,2
USR-01142,CAT-023,Books,Family,10,5,5
USR-01142,CAT-025,Board games,Family,14,13,1
USR-01143,CAT-016,Skincare,Wellness,8,7,1
USR-01143,CAT-017,Haircare,Wellness,8,6,2
USR-01143,CAT-019,Fitness,Wellness,6,4,2
USR-01143,CAT-021,Toys,Family,6,4,2
USR-01143,CAT-022,Baby care,Family,15,11,4
USR-01143,CAT-024,Stationery,Family,9,8,1
USR-01143,CAT-025,Board games,Family,12,11,1
USR-01144,CAT-016,Skincare,Wellness,2,2,0
USR-01144,CAT-021,Toys,Family,8,6,2
USR-01144,CAT-023,Books,Family,9,8,1
USR-01144,CAT-024,Stationery,Family,10,8,2
USR-01144,CAT-025,Board games,Family,6,4,2
USR-01144,CAT-030,Sports,Outdoor,2,2,0
USR-01145,CAT-001,Smartphones,Digital,7,6,1
USR-01145,CAT-002,Laptops,Digital,9,8,1
USR-01145,CAT-004,Monitors,Digital,8,6,2
USR-01145,CAT-011,Clothing,Style,8,7,1
USR-01145,CAT-013,Bags,Style,5,5,0
USR-01145,CAT-014,Accessories,Style,12,9,3
USR-01146,CAT-005,Storage,Digital,1,1,0
USR-01146,CAT-006,Kitchen appliances,Home,7,7,0
USR-01146,CAT-007,Cleaning,Home,8,8,0
USR-01146,CAT-008,Coffee,Home,4,4,0
USR-01146,CAT-009,Lighting,Home,5,5,0
USR-01146,CAT-010,Bedding,Home,7,5,2
USR-01147,CAT-006,Kitchen appliances,Home,3,1,2
USR-01147,CAT-021,Toys,Family,7,6,1
USR-01147,CAT-022,Baby care,Family,8,5,3
USR-01147,CAT-023,Books,Family,15,15,0
USR-01147,CAT-024,Stationery,Family,13,8,5
USR-01147,CAT-025,Board games,Family,7,5,2
USR-01147,CAT-027,Camping,Outdoor,1,1,0
USR-01148,CAT-022,Baby care,Family,8,8,0
USR-01148,CAT-023,Books,Family,14,10,4
USR-01148,CAT-024,Stationery,Family,11,9,2
USR-01148,CAT-025,Board games,Family,9,8,1
USR-01149,CAT-011,Clothing,Style,7,5,2
USR-01149,CAT-012,Shoes,Style,7,7,0
USR-01149,CAT-013,Bags,Style,8,6,2
USR-01149,CAT-014,Accessories,Style,8,8,0
USR-01149,CAT-015,Jewelry,Style,5,3,2
USR-01149,CAT-017,Haircare,Wellness,7,3,4
USR-01149,CAT-019,Fitness,Wellness,7,5,2
USR-01149,CAT-020,Personal care,Wellness,7,5,2
USR-01150,CAT-027,Camping,Outdoor,7,6,1
USR-01150,CAT-028,Garden,Outdoor,14,13,1
USR-01150,CAT-029,Automotive,Outdoor,9,7,2
USR-01150,CAT-030,Sports,Outdoor,9,7,2
USR-01151,CAT-001,Smartphones,Digital,12,10,2
USR-01151,CAT-002,Laptops,Digital,8,6,2
USR-01151,CAT-005,Storage,Digital,8,6,2
USR-01151,CAT-021,Toys,Family,7,5,2
USR-01151,CAT-023,Books,Family,8,4,4
USR-01151,CAT-025,Board games,Family,11,9,2
USR-01152,CAT-001,Smartphones,Digital,8,7,1
USR-01152,CAT-002,Laptops,Digital,6,3,3
USR-01152,CAT-004,Monitors,Digital,5,4,1
USR-01152,CAT-027,Camping,Outdoor,8,6,2
USR-01152,CAT-028,Garden,Outdoor,9,7,2
USR-01152,CAT-029,Automotive,Outdoor,6,4,2
USR-01153,CAT-001,Smartphones,Digital,5,4,1
USR-01153,CAT-003,Headphones,Digital,9,7,2
USR-01153,CAT-004,Monitors,Digital,7,7,0
USR-01153,CAT-005,Storage,Digital,3,2,1
USR-01153,CAT-014,Accessories,Style,2,2,0
USR-01154,CAT-001,Smartphones,Digital,7,7,0
USR-01154,CAT-002,Laptops,Digital,10,9,1
USR-01154,CAT-003,Headphones,Digital,7,5,2
USR-01154,CAT-004,Monitors,Digital,6,6,0
USR-01154,CAT-005,Storage,Digital,9,7,2
USR-01155,CAT-011,Clothing,Style,4,3,1
USR-01155,CAT-012,Shoes,Style,7,4,3
USR-01155,CAT-013,Bags,Style,14,11,3
USR-01155,CAT-014,Accessories,Style,7,6,1
USR-01155,CAT-015,Jewelry,Style,8,8,0
USR-01156,CAT-001,Smartphones,Digital,9,7,2
USR-01156,CAT-002,Laptops,Digital,7,4,3
USR-01156,CAT-003,Headphones,Digital,8,4,4
USR-01156,CAT-004,Monitors,Digital,8,7,1
USR-01156,CAT-010,Bedding,Home,2,2,0
USR-01156,CAT-028,Garden,Outdoor,2,2,0
USR-01157,CAT-001,Smartphones,Digital,10,9,1
USR-01157,CAT-002,Laptops,Digital,11,7,4
USR-01157,CAT-003,Headphones,Digital,10,8,2
USR-01157,CAT-005,Storage,Digital,10,7,3
USR-01157,CAT-006,Kitchen appliances,Home,7,6,1
USR-01157,CAT-008,Coffee,Home,5,4,1
USR-01157,CAT-009,Lighting,Home,10,10,0
USR-01158,CAT-002,Laptops,Digital,9,7,2
USR-01158,CAT-003,Headphones,Digital,10,8,2
USR-01158,CAT-004,Monitors,Digital,12,7,5
USR-01158,CAT-005,Storage,Digital,6,4,2
USR-01158,CAT-007,Cleaning,Home,1,1,0
USR-01159,CAT-003,Headphones,Digital,4,2,2
USR-01159,CAT-013,Bags,Style,7,6,1
USR-01159,CAT-014,Accessories,Style,8,7,1
USR-01159,CAT-015,Jewelry,Style,12,8,4
USR-01160,CAT-010,Bedding,Home,3,2,1
USR-01160,CAT-017,Haircare,Wellness,3,3,0
USR-01160,CAT-021,Toys,Family,11,9,2
USR-01160,CAT-022,Baby care,Family,11,8,3
USR-01160,CAT-023,Books,Family,6,6,0
USR-01160,CAT-025,Board games,Family,10,9,1
USR-01161,CAT-001,Smartphones,Digital,11,8,3
USR-01161,CAT-002,Laptops,Digital,6,5,1
USR-01161,CAT-004,Monitors,Digital,15,13,2
USR-01161,CAT-005,Storage,Digital,7,3,4
USR-01161,CAT-006,Kitchen appliances,Home,4,3,1
USR-01161,CAT-008,Coffee,Home,8,8,0
USR-01161,CAT-010,Bedding,Home,5,5,0
USR-01162,CAT-015,Jewelry,Style,5,2,3
USR-01162,CAT-017,Haircare,Wellness,15,12,3
USR-01162,CAT-018,Supplements,Wellness,8,6,2
USR-01162,CAT-020,Personal care,Wellness,12,12,0
USR-01162,CAT-024,Stationery,Family,6,4,2
USR-01163,CAT-018,Supplements,Wellness,9,6,3
USR-01163,CAT-019,Fitness,Wellness,7,4,3
USR-01163,CAT-020,Personal care,Wellness,7,5,2
USR-01163,CAT-021,Toys,Family,9,7,2
USR-01163,CAT-022,Baby care,Family,7,6,1
USR-01163,CAT-023,Books,Family,11,9,2
USR-01163,CAT-024,Stationery,Family,12,11,1
USR-01163,CAT-025,Board games,Family,15,9,6
USR-01164,CAT-001,Smartphones,Digital,11,7,4
USR-01164,CAT-002,Laptops,Digital,6,6,0
USR-01164,CAT-003,Headphones,Digital,14,12,2
USR-01164,CAT-004,Monitors,Digital,12,10,2
USR-01164,CAT-029,Automotive,Outdoor,1,1,0
USR-01165,CAT-001,Smartphones,Digital,11,10,1
USR-01165,CAT-002,Laptops,Digital,10,10,0
USR-01165,CAT-004,Monitors,Digital,15,11,4
USR-01165,CAT-005,Storage,Digital,7,7,0
USR-01165,CAT-020,Personal care,Wellness,3,3,0
USR-01166,CAT-018,Supplements,Wellness,2,2,0
USR-01166,CAT-019,Fitness,Wellness,3,3,0
USR-01166,CAT-027,Camping,Outdoor,6,4,2
USR-01166,CAT-029,Automotive,Outdoor,10,10,0
USR-01166,CAT-030,Sports,Outdoor,7,6,1
USR-01167,CAT-021,Toys,Family,6,3,3
USR-01167,CAT-022,Baby care,Family,5,4,1
USR-01167,CAT-023,Books,Family,7,7,0
USR-01167,CAT-025,Board games,Family,9,6,3
USR-01167,CAT-026,Cycling,Outdoor,5,4,1
USR-01167,CAT-027,Camping,Outdoor,4,1,3
USR-01167,CAT-028,Garden,Outdoor,11,11,0
USR-01168,CAT-011,Clothing,Style,13,12,1
USR-01168,CAT-012,Shoes,Style,8,6,2
USR-01168,CAT-013,Bags,Style,7,7,0
USR-01168,CAT-014,Accessories,Style,11,10,1
USR-01168,CAT-015,Jewelry,Style,7,4,3
USR-01168,CAT-017,Haircare,Wellness,3,2,1
USR-01168,CAT-021,Toys,Family,3,2,1
USR-01169,CAT-016,Skincare,Wellness,3,3,0
USR-01169,CAT-021,Toys,Family,7,4,3
USR-01169,CAT-024,Stationery,Family,10,9,1
USR-01169,CAT-025,Board games,Family,8,8,0
USR-01170,CAT-002,Laptops,Digital,8,8,0
USR-01170,CAT-003,Headphones,Digital,9,8,1
USR-01170,CAT-005,Storage,Digital,10,8,2
USR-01171,CAT-011,Clothing,Style,6,5,1
USR-01171,CAT-012,Shoes,Style,14,12,2
USR-01171,CAT-015,Jewelry,Style,13,12,1
USR-01171,CAT-017,Haircare,Wellness,10,8,2
USR-01171,CAT-019,Fitness,Wellness,9,9,0
USR-01171,CAT-020,Personal care,Wellness,5,4,1
USR-01172,CAT-014,Accessories,Style,4,4,0
USR-01172,CAT-022,Baby care,Family,5,4,1
USR-01172,CAT-024,Stationery,Family,8,7,1
USR-01172,CAT-025,Board games,Family,7,5,2
USR-01173,CAT-006,Kitchen appliances,Home,10,10,0
USR-01173,CAT-007,Cleaning,Home,6,4,2
USR-01173,CAT-008,Coffee,Home,8,5,3
USR-01173,CAT-009,Lighting,Home,5,3,2
USR-01173,CAT-010,Bedding,Home,11,10,1
USR-01173,CAT-020,Personal care,Wellness,2,1,1
USR-01173,CAT-021,Toys,Family,4,2,2
USR-01174,CAT-008,Coffee,Home,4,3,1
USR-01174,CAT-009,Lighting,Home,5,5,0
USR-01174,CAT-010,Bedding,Home,6,5,1
USR-01174,CAT-022,Baby care,Family,10,10,0
USR-01174,CAT-023,Books,Family,5,4,1
USR-01174,CAT-024,Stationery,Family,9,9,0
USR-01174,CAT-025,Board games,Family,8,7,1
USR-01175,CAT-011,Clothing,Style,12,9,3
USR-01175,CAT-012,Shoes,Style,7,7,0
USR-01175,CAT-014,Accessories,Style,8,7,1
USR-01175,CAT-015,Jewelry,Style,6,6,0
USR-01175,CAT-023,Books,Family,10,8,2
USR-01175,CAT-024,Stationery,Family,5,4,1
USR-01175,CAT-025,Board games,Family,9,9,0
USR-01176,CAT-002,Laptops,Digital,4,4,0
USR-01176,CAT-021,Toys,Family,11,7,4
USR-01176,CAT-022,Baby care,Family,10,7,3
USR-01176,CAT-023,Books,Family,5,3,2
USR-01176,CAT-024,Stationery,Family,6,4,2
USR-01176,CAT-025,Board games,Family,7,4,3
USR-01177,CAT-011,Clothing,Style,9,8,1
USR-01177,CAT-012,Shoes,Style,8,6,2
USR-01177,CAT-014,Accessories,Style,8,6,2
USR-01177,CAT-026,Cycling,Outdoor,7,7,0
USR-01177,CAT-029,Automotive,Outdoor,5,4,1
USR-01177,CAT-030,Sports,Outdoor,4,4,0
USR-01178,CAT-006,Kitchen appliances,Home,10,10,0
USR-01178,CAT-007,Cleaning,Home,7,6,1
USR-01178,CAT-008,Coffee,Home,11,8,3
USR-01178,CAT-009,Lighting,Home,13,11,2
USR-01178,CAT-010,Bedding,Home,9,8,1
USR-01178,CAT-019,Fitness,Wellness,4,4,0
USR-01179,CAT-001,Smartphones,Digital,5,5,0
USR-01179,CAT-003,Headphones,Digital,3,3,0
USR-01179,CAT-004,Monitors,Digital,8,5,3
USR-01179,CAT-006,Kitchen appliances,Home,13,12,1
USR-01179,CAT-007,Cleaning,Home,8,7,1
USR-01179,CAT-008,Coffee,Home,12,10,2
USR-01179,CAT-009,Lighting,Home,11,11,0
USR-01180,CAT-007,Cleaning,Home,9,6,3
USR-01180,CAT-009,Lighting,Home,10,9,1
USR-01180,CAT-010,Bedding,Home,8,4,4
USR-01180,CAT-012,Shoes,Style,2,2,0
USR-01180,CAT-029,Automotive,Outdoor,4,4,0
USR-01181,CAT-001,Smartphones,Digital,8,6,2
USR-01181,CAT-002,Laptops,Digital,6,6,0
USR-01181,CAT-004,Monitors,Digital,6,5,1
USR-01181,CAT-021,Toys,Family,8,6,2
USR-01181,CAT-024,Stationery,Family,12,10,2
USR-01181,CAT-025,Board games,Family,10,9,1
USR-01182,CAT-001,Smartphones,Digital,9,6,3
USR-01182,CAT-002,Laptops,Digital,8,6,2
USR-01182,CAT-003,Headphones,Digital,12,10,2
USR-01182,CAT-004,Monitors,Digital,7,7,0
USR-01182,CAT-005,Storage,Digital,11,8,3
USR-01182,CAT-023,Books,Family,1,1,0
USR-01183,CAT-002,Laptops,Digital,11,11,0
USR-01183,CAT-004,Monitors,Digital,9,9,0
USR-01183,CAT-005,Storage,Digital,11,10,1
USR-01183,CAT-006,Kitchen appliances,Home,4,3,1
USR-01183,CAT-024,Stationery,Family,5,3,2
USR-01184,CAT-001,Smartphones,Digital,8,5,3
USR-01184,CAT-002,Laptops,Digital,17,14,3
USR-01184,CAT-003,Headphones,Digital,13,9,4
USR-01184,CAT-004,Monitors,Digital,11,10,1
USR-01184,CAT-005,Storage,Digital,9,7,2
USR-01184,CAT-017,Haircare,Wellness,13,12,1
USR-01184,CAT-018,Supplements,Wellness,7,6,1
USR-01184,CAT-019,Fitness,Wellness,7,7,0
USR-01185,CAT-001,Smartphones,Digital,8,7,1
USR-01185,CAT-002,Laptops,Digital,9,7,2
USR-01185,CAT-003,Headphones,Digital,7,4,3
USR-01185,CAT-004,Monitors,Digital,10,8,2
USR-01185,CAT-005,Storage,Digital,11,9,2
USR-01185,CAT-010,Bedding,Home,3,2,1
USR-01186,CAT-004,Monitors,Digital,3,3,0
USR-01186,CAT-021,Toys,Family,12,9,3
USR-01186,CAT-022,Baby care,Family,7,4,3
USR-01186,CAT-023,Books,Family,11,9,2
USR-01186,CAT-024,Stationery,Family,11,8,3
USR-01186,CAT-025,Board games,Family,6,4,2
USR-01187,CAT-011,Clothing,Style,9,9,0
USR-01187,CAT-012,Shoes,Style,11,9,2
USR-01187,CAT-013,Bags,Style,7,6,1
USR-01187,CAT-014,Accessories,Style,11,8,3
USR-01188,CAT-004,Monitors,Digital,1,1,0
USR-01188,CAT-018,Supplements,Wellness,2,2,0
USR-01188,CAT-026,Cycling,Outdoor,5,3,2
USR-01188,CAT-027,Camping,Outdoor,9,9,0
USR-01188,CAT-028,Garden,Outdoor,9,6,3
USR-01188,CAT-029,Automotive,Outdoor,4,3,1
USR-01188,CAT-030,Sports,Outdoor,7,7,0
USR-01189,CAT-001,Smartphones,Digital,8,6,2
USR-01189,CAT-004,Monitors,Digital,7,5,2
USR-01189,CAT-005,Storage,Digital,11,10,1
USR-01189,CAT-013,Bags,Style,2,2,0
USR-01189,CAT-020,Personal care,Wellness,1,1,0
USR-01190,CAT-002,Laptops,Digital,7,7,0
USR-01190,CAT-016,Skincare,Wellness,9,9,0
USR-01190,CAT-018,Supplements,Wellness,9,8,1
USR-01190,CAT-020,Personal care,Wellness,8,5,3
USR-01190,CAT-030,Sports,Outdoor,1,1,0
USR-01191,CAT-012,Shoes,Style,8,8,0
USR-01191,CAT-013,Bags,Style,13,9,4
USR-01191,CAT-014,Accessories,Style,4,2,2
USR-01191,CAT-015,Jewelry,Style,11,9,2
USR-01191,CAT-017,Haircare,Wellness,3,3,0
USR-01192,CAT-010,Bedding,Home,2,2,0
USR-01192,CAT-011,Clothing,Style,6,4,2
USR-01192,CAT-013,Bags,Style,12,9,3
USR-01192,CAT-014,Accessories,Style,6,3,3
USR-01193,CAT-019,Fitness,Wellness,2,1,1
USR-01193,CAT-026,Cycling,Outdoor,12,8,4
USR-01193,CAT-027,Camping,Outdoor,7,5,2
USR-01193,CAT-028,Garden,Outdoor,8,6,2
USR-01193,CAT-029,Automotive,Outdoor,8,6,2
USR-01193,CAT-030,Sports,Outdoor,7,3,4
USR-01194,CAT-010,Bedding,Home,2,1,1
USR-01194,CAT-026,Cycling,Outdoor,8,7,1
USR-01194,CAT-029,Automotive,Outdoor,7,6,1
USR-01194,CAT-030,Sports,Outdoor,9,8,1
USR-01195,CAT-012,Shoes,Style,8,7,1
USR-01195,CAT-013,Bags,Style,4,3,1
USR-01195,CAT-015,Jewelry,Style,9,7,2
USR-01195,CAT-027,Camping,Outdoor,10,7,3
USR-01195,CAT-028,Garden,Outdoor,6,6,0
USR-01195,CAT-029,Automotive,Outdoor,8,6,2
USR-01196,CAT-001,Smartphones,Digital,4,3,1
USR-01196,CAT-002,Laptops,Digital,11,10,1
USR-01196,CAT-003,Headphones,Digital,7,6,1
USR-01196,CAT-004,Monitors,Digital,9,8,1
USR-01196,CAT-005,Storage,Digital,8,7,1
USR-01196,CAT-019,Fitness,Wellness,1,1,0
USR-01196,CAT-026,Cycling,Outdoor,2,2,0
USR-01197,CAT-006,Kitchen appliances,Home,8,7,1
USR-01197,CAT-007,Cleaning,Home,6,6,0
USR-01197,CAT-008,Coffee,Home,14,12,2
USR-01197,CAT-009,Lighting,Home,5,3,2
USR-01197,CAT-010,Bedding,Home,7,5,2
USR-01197,CAT-027,Camping,Outdoor,9,9,0
USR-01197,CAT-029,Automotive,Outdoor,6,4,2
USR-01197,CAT-030,Sports,Outdoor,5,4,1
USR-01198,CAT-006,Kitchen appliances,Home,2,2,0
USR-01198,CAT-016,Skincare,Wellness,9,6,3
USR-01198,CAT-017,Haircare,Wellness,8,6,2
USR-01198,CAT-018,Supplements,Wellness,9,9,0
USR-01198,CAT-019,Fitness,Wellness,9,7,2
USR-01198,CAT-020,Personal care,Wellness,9,7,2
USR-01199,CAT-006,Kitchen appliances,Home,16,14,2
USR-01199,CAT-007,Cleaning,Home,6,5,1
USR-01199,CAT-008,Coffee,Home,11,10,1
USR-01199,CAT-010,Bedding,Home,9,8,1
USR-01200,CAT-021,Toys,Family,8,7,1
USR-01200,CAT-022,Baby care,Family,9,7,2
USR-01200,CAT-024,Stationery,Family,8,7,1
USR-01200,CAT-026,Cycling,Outdoor,3,3,0
